Customer_ID,Recency,Frequency,Monetary,R_Score,F_Score,M_Score,RFM_Code,RFM_Score,Customer_Segment,Cluster,Cluster_Name,PCA1,PCA2,Average_Order_Value,Purchase_Frequency,Profit_Margin,CLV_Simple
CUST0001,39,8,943.7708423935009,4,5,5,455,14,Champions,0,Cluster 0,1.9793494660039193,0.3546785456323713,117.9713552991876,5.0352467270896275,0.25,148.5037201651405
CUST0002,25,6,617.5317254115159,4,4,4,444,12,Champions,0,Cluster 0,0.7621938071791131,-0.4514646405625035,102.92195423525266,5.0352467270896275,0.25,129.5593583021811
CUST0003,38,5,548.8606916488864,4,3,3,433,10,Potential Loyalists,0,Cluster 0,0.25075207570225627,-0.5049476812463647,109.77213832977728,5.0352467270896275,0.25,138.18245006266022
CUST0004,87,3,247.11787763708224,2,1,1,211,4,Others,1,Cluster 1,-1.2699972774343053,-0.5471923850317099,82.37262587902741,5.0352467270896275,0.25,103.69162371478778
CUST0005,109,4,337.3411846868325,2,2,2,222,6,Others,1,Cluster 1,-0.9094836479296062,-0.059507643910291494,84.33529617170812,5.0352467270896275,0.25,106.16225600668193
CUST0006,100,4,523.0773190384444,2,2,3,223,7,About to Sleep,1,Cluster 1,-0.44360099333055314,0.06516009470172227,130.7693297596111,5.0352467270896275,0.25,164.6139599189465
CUST0007,72,5,559.9084372987143,3,3,3,333,9,Need Attention,1,Cluster 1,0.08205729415651554,-0.09536905726686448,111.98168745974286,5.0352467270896275,0.25,140.96385631891096
CUST0008,77,5,530.19327924288,3,3,3,333,9,Need Attention,1,Cluster 1,-0.012724151365235073,-0.07385651740095597,106.03865584857598,5.0352467270896275,0.25,133.4826987016314
CUST0009,61,3,231.0294450041772,3,1,1,311,5,Others,1,Cluster 1,-1.1580537969066331,-0.869838799879303,77.0098150013924,5.0352467270896275,0.25,96.9408547348847
CUST0010,178,5,557.3067709315343,1,3,3,133,7,Others,1,Cluster 1,-0.5265841920769646,1.1357847653378244,111.46135418630686,5.0352467270896275,0.25,140.30885471589485
CUST0011,129,5,536.2846436745683,2,3,3,233,8,Others,1,Cluster 1,-0.2948530081091065,0.5392082960788955,107.25692873491366,5.0352467270896275,0.25,135.01627484253984
CUST0012,60,9,965.1071979104096,3,5,5,355,13,Loyal Customers,0,Cluster 0,2.191744192138738,0.7456101133517974,107.23413310115662,5.0352467270896275,0.25,134.9875794324731
CUST0013,20,6,586.1226307187316,4,4,3,443,11,Loyal Customers,0,Cluster 0,0.7205012637495959,-0.5484947417456908,97.6871051197886,5.0352467270896275,0.25,122.96966908331898
CUST0014,35,4,654.9987467448761,4,2,4,424,10,Potential Loyalists,0,Cluster 0,0.22060555445354282,-0.5287779641034404,163.74968668621904,5.0352467270896275,0.25,206.1300184871841
CUST0015,48,5,346.1491258466327,3,3,2,332,8,Need Attention,1,Cluster 1,-0.2587192446126136,-0.6389431796412816,69.22982516932655,5.0352467270896275,0.25,87.14731265020966
CUST0016,88,2,192.70532093807734,2,1,1,211,4,Others,1,Cluster 1,-1.68135846350457,-0.7227992033543201,96.35266046903867,5.0352467270896275,0.25,121.28985456827627
CUST0017,93,7,995.148186063514,2,4,5,245,11,At Risk,0,Cluster 0,1.5027722936103967,0.9269566943167894,142.164026580502,5.0352467270896275,0.25,178.95773738733888
CUST0018,347,2,143.1831747224085,1,1,1,111,3,Lost Customers,1,Cluster 1,-3.264887135908912,2.232067767498269,71.59158736120425,5.0352467270896275,0.25,90.12032648691371
CUST0019,7,11,1103.990274827222,5,5,5,555,15,Champions,0,Cluster 0,3.371620030750804,0.5400655541726262,100.36275225702019,5.0352467270896275,0.25,126.33780495596702
CUST0020,169,2,172.80062377308428,1,1,1,111,3,Lost Customers,1,Cluster 1,-2.1864554403127325,0.1958525795016141,86.40031188654214,5.0352467270896275,0.25,108.7617219115586
CUST0021,40,9,1200.7781642166374,4,5,5,455,14,Champions,0,Cluster 0,2.8316759804534826,0.8038763450083126,133.41979602407082,5.0352467270896275,0.25,167.95039781479207
CUST0022,64,8,1134.7927192240497,3,5,5,355,13,Loyal Customers,0,Cluster 0,2.263672338313331,0.881806090271907,141.84908990300622,5.0352467270896275,0.25,178.5612914186886
CUST0023,203,5,678.8837871468821,1,3,4,134,8,Others,1,Cluster 1,-0.3973129844365406,1.5771148354258724,135.77675742937643,5.0352467270896275,0.25,170.9173683652775
CUST0024,308,1,159.2750839040828,1,1,1,111,3,Lost Customers,1,Cluster 1,-3.291346819258114,1.6777682504458913,159.2750839040828,5.0352467270896275,0.25,200.4973362337397
CUST0025,3,7,660.0171591136494,5,4,4,544,13,Champions,0,Cluster 0,1.266354053978979,-0.535138126648623,94.28816558766421,5.0352467270896275,0.25,118.69104429464277
CUST0026,105,3,216.9402761604794,2,1,1,211,4,Others,1,Cluster 1,-1.4397435426406615,-0.37486641363984313,72.31342538682647,5.0352467270896275,0.25,91.02898462591449
CUST0027,23,5,303.50580107282497,4,3,2,432,9,Others,1,Cluster 1,-0.21175278472721307,-0.9827525502460894,60.70116021456499,5.0352467270896275,0.25,76.41132957523287
CUST0028,51,5,567.2403493922667,3,3,3,333,9,Need Attention,0,Cluster 0,0.21785659168168195,-0.3308552816181399,113.44806987845334,5.0352467270896275,0.25,142.80975563752938
CUST0029,62,8,909.6050112373911,3,5,5,355,13,Loyal Customers,0,Cluster 0,1.772263055268806,0.5803020653573207,113.70062640467388,5.0352467270896275,0.25,143.12767674304365
CUST0030,86,3,659.0087627623409,2,1,4,214,7,About to Sleep,1,Cluster 1,-0.34466879752186363,-0.04995596956895786,219.66958758744696,5.0352467270896275,0.25,276.52264298520515
CUST0031,129,3,285.14212227003594,2,1,1,211,4,Others,1,Cluster 1,-1.4239576094602318,-0.01112507972336292,95.04737409001199,5.0352467270896275,0.25,119.64674482629908
CUST0032,20,5,352.2113187206054,4,3,2,432,9,Others,1,Cluster 1,-0.08594518366242902,-0.957512987726393,70.44226374412108,5.0352467270896275,0.25,88.6735444915925
CUST0033,66,2,267.29808632448373,3,1,1,311,5,Others,1,Cluster 1,-1.3896967006454963,-0.8868312245459216,133.64904316224187,5.0352467270896275,0.25,168.23897679033468
CUST0034,91,4,528.4699956627542,2,2,3,223,7,About to Sleep,1,Cluster 1,-0.38037669364882004,-0.03298222185539466,132.11749891568854,5.0352467270896275,0.25,166.31105100162205
CUST0035,56,5,548.954978403737,3,3,3,333,9,Need Attention,0,Cluster 0,0.1485947813913644,-0.29522151152225334,109.79099568074739,5.0352467270896275,0.25,138.20618791634868
CUST0036,82,5,664.4060934081809,2,3,4,234,9,Others,0,Cluster 0,0.25850140137797917,0.150185135495402,132.8812186816362,5.0352467270896275,0.25,167.27243036459743
CUST0037,321,3,519.7878459503437,1,1,3,113,5,About to Sleep,1,Cluster 1,-1.99198024401624,2.5146107281562435,173.26261531678122,5.0352467270896275,0.25,218.10500417520296
CUST0038,261,3,606.9536506490886,1,1,4,114,6,About to Sleep,1,Cluster 1,-1.4561364479516616,1.9236030722882473,202.31788354969618,5.0352467270896275,0.25,254.680115243827
CUST0039,4,7,802.0224391129527,5,4,5,545,14,Champions,0,Cluster 0,1.5777264860636548,-0.34804899648505316,114.57463415899325,5.0352467270896275,0.25,144.22788791414055
CUST0040,126,6,842.8692680354206,2,4,5,245,11,At Risk,0,Cluster 0,0.6909146688216337,1.0030777452233064,140.47821133923676,5.0352467270896275,0.25,176.83561346832423
CUST0041,19,7,918.5483240519367,5,4,5,545,14,Champions,0,Cluster 0,1.7525908846256433,-0.029409301620924116,131.22118915027667,5.0352467270896275,0.25,165.1827657984349
CUST0042,282,3,117.37115365390514,1,1,1,111,3,Lost Customers,1,Cluster 1,-2.6686713788150196,1.563280162327848,39.12371788463505,5.0352467270896275,0.25,49.24939310754664
CUST0043,80,8,966.2734051017732,2,5,5,255,12,At Risk,0,Cluster 0,1.7964205005482237,0.8599241996208249,120.78417563772165,5.0352467270896275,0.25,152.04453126601416
CUST0044,103,2,258.10771992630066,2,1,1,211,4,Others,1,Cluster 1,-1.6206390359328742,-0.4673213601518762,129.05385996315033,5.0352467270896275,0.25,162.45450649943396
CUST0045,24,4,472.2931900230148,4,2,3,423,9,Potential Loyalists,1,Cluster 1,-0.12476862428295275,-0.8826011412919293,118.0732975057537,5.0352467270896275,0.25,148.63204620563155
CUST0046,73,2,150.20979363821579,3,1,1,311,5,Others,1,Cluster 1,-1.6909330179182662,-0.9499761510934328,75.10489681910789,5.0352467270896275,0.25,94.54292147420429
CUST0047,335,5,466.757831861959,1,3,3,133,7,Others,1,Cluster 1,-1.6216303762761237,2.852175918328011,93.3515663723918,5.0352467270896275,0.25,117.51204226131898
CUST0048,48,4,501.69599752296324,3,2,3,323,8,Others,1,Cluster 1,-0.195610491499594,-0.5667950973053331,125.42399938074081,5.0352467270896275,0.25,157.88519559509166
CUST0049,200,4,277.4387508862274,1,2,1,121,4,Lost Customers,1,Cluster 1,-1.5607558011270415,0.9261777086981277,69.35968772155685,5.0352467270896275,0.25,87.31078514798195
CUST0050,131,5,495.0500659826905,2,3,3,233,8,Others,1,Cluster 1,-0.39829291236831943,0.5115539200268034,99.0100131965381,5.0352467270896275,0.25,124.63496122424232
CUST0051,294,4,589.8338341139424,1,2,4,124,7,About to Sleep,1,Cluster 1,-1.3978492010508066,2.4067627406793637,147.4584585284856,5.0352467270896275,0.25,185.62243017180967
CUST0052,30,4,287.08138506587903,4,2,1,421,7,New Customers,1,Cluster 1,-0.5724192907311807,-1.0415560301805922,71.77034626646976,5.0352467270896275,0.25,90.34535028508277
CUST0053,124,4,490.7157442265677,2,2,3,223,7,About to Sleep,1,Cluster 1,-0.6523460863563051,0.3046577125118937,122.67893605664193,5.0352467270896275,0.25,154.42967781551098
CUST0054,78,7,931.3451372342204,3,4,5,345,12,Loyal Customers,0,Cluster 0,1.4456237840639348,0.6734548102183608,133.04930531917435,5.0352467270896275,0.25,167.4840197874803
CUST0055,197,5,494.78728321134827,1,3,3,133,7,Others,1,Cluster 1,-0.7742282766873919,1.2797980873183192,98.95745664226965,5.0352467270896275,0.25,124.5688024197755
CUST0056,20,5,469.71899869802826,4,3,3,433,10,Potential Loyalists,0,Cluster 0,0.17641780807639967,-0.8123350423298051,93.94379973960565,5.0352467270896275,0.25,118.25755254230319
CUST0057,3,4,471.83905007748274,5,2,3,523,10,Potential Loyalists,1,Cluster 1,-0.0063534833269645865,-1.1277068478591958,117.95976251937068,5.0352467270896275,0.25,148.48912703848274
CUST0058,51,6,734.4340208314859,3,4,4,344,11,Loyal Customers,0,Cluster 0,0.8753405220722339,-0.004265094636740257,122.40567013858099,5.0352467270896275,0.25,154.0856874856256
CUST0059,32,4,218.44927446807972,4,2,1,421,7,New Customers,1,Cluster 1,-0.7370305048217312,-1.1030594068850783,54.61231861701993,5.0352467270896275,0.25,68.74662464378139
CUST0060,84,2,307.1446286351237,2,1,2,212,5,Others,1,Cluster 1,-1.403097917923915,-0.6279920880133562,153.57231431756185,5.0352467270896275,0.25,193.3186232597707
CUST0061,26,7,666.7447848778013,4,4,4,444,12,Champions,0,Cluster 0,1.150571715473052,-0.2589917129563334,95.24925498254304,5.0352467270896275,0.25,119.9008748521438
CUST0062,144,3,296.0661531553625,1,1,2,112,4,Lost Customers,1,Cluster 1,-1.4848737008884123,0.17704603466563545,98.68871771845416,5.0352467270896275,0.25,124.23051072312961
CUST0063,161,3,214.43397543868952,1,1,1,111,3,Lost Customers,1,Cluster 1,-1.7638170718782753,0.2741561179535692,71.4779918128965,5.0352467270896275,0.25,89.97733108370657
CUST0064,53,3,260.07351933614086,3,1,1,311,5,Others,1,Cluster 1,-1.047709398672027,-0.9271153945140186,86.69117311204695,5.0352467270896275,0.25,109.12786141999868
CUST0065,26,5,408.2884717148148,4,3,2,432,9,Others,1,Cluster 1,0.005137387528128918,-0.8183611046237239,81.65769434296297,5.0352467270896275,0.25,102.79165954552236
CUST0066,248,2,259.3874407069012,1,1,1,111,3,Lost Customers,1,Cluster 1,-2.442411354684423,1.2227821321508368,129.6937203534506,5.0352467270896275,0.25,163.25997023344738
CUST0067,46,3,385.84057193995847,3,1,2,312,6,Others,1,Cluster 1,-0.7270957486411869,-0.853248066386779,128.61352397998616,5.0352467270896275,0.25,161.90020641992214
CUST0068,13,4,304.25364546982127,5,2,2,522,9,New Customers,1,Cluster 1,-0.437397549005506,-1.2183048090643729,76.06341136745532,5.0352467270896275,0.25,95.74951078481284
CUST0069,159,5,544.2609190030313,1,3,3,133,7,Others,1,Cluster 1,-0.4476571529039073,0.8984122624467726,108.85218380060626,5.0352467270896275,0.25,137.0244005546403
CUST0070,4,2,142.29253383463677,5,1,1,511,7,New Customers,1,Cluster 1,-1.3162001830180927,-1.7632615133225724,71.14626691731839,5.0352467270896275,0.25,89.55975191001811
CUST0071,30,3,145.77117053551603,4,1,1,411,6,New Customers,1,Cluster 1,-1.1721124350858299,-1.3361678214136385,48.590390178505345,5.0352467270896275,0.25,61.16615077858175
CUST0072,78,6,739.9328814011341,3,4,4,344,11,Loyal Customers,0,Cluster 0,0.7340662794314683,0.3169431379060361,123.32214690018901,5.0352467270896275,0.25,155.23935913921073
CUST0073,17,9,707.0773232165236,5,5,4,554,14,Champions,0,Cluster 0,1.8601783244047458,-0.07391390051446417,78.56414702405817,5.0352467270896275,0.25,98.8974660423693
CUST0074,19,4,540.6564791042989,5,2,3,523,10,Potential Loyalists,1,Cluster 1,0.056303685656335985,-0.8563648339610337,135.16411977607473,5.0352467270896275,0.25,170.14617293060766
CUST0075,221,6,724.3010812061212,1,4,4,144,9,At Risk,1,Cluster 1,-0.11409070829110338,1.9628628835186035,120.71684686768687,5.0352467270896275,0.25,151.95977702377502
CUST0076,56,7,717.5694916745239,3,4,4,344,11,Loyal Customers,0,Cluster 0,1.0934365743849765,0.15315047196222586,102.50992738207484,5.0352467270896275,0.25,129.04069408619694
CUST0077,141,2,331.12197422179463,1,1,2,112,4,Lost Customers,1,Cluster 1,-1.6737277005169002,0.06539534132480807,165.56098711089732,5.0352467270896275,0.25,208.41010462096844
CUST0078,11,6,705.3877991562416,5,4,4,544,13,Champions,0,Cluster 0,1.0379721593526057,-0.505950301472901,117.56463319270694,5.0352467270896275,0.25,147.99173362626755
CUST0079,22,7,746.0084840172087,4,4,4,444,12,Champions,0,Cluster 0,1.3502946037772698,-0.20764322584676526,106.57264057388696,5.0352467270896275,0.25,134.15488491174088
CUST0080,379,1,262.40599203017814,1,1,1,111,3,Lost Customers,1,Cluster 1,-3.4648674301355835,2.6319777764220826,262.40599203017814,5.0352467270896275,0.25,330.31972813466535
CUST0081,370,1,161.90955667676968,1,1,1,111,3,Lost Customers,1,Cluster 1,-3.6380649899985174,2.4030119790529203,161.90955667676968,5.0352467270896275,0.25,203.81364133530928
CUST0082,149,4,369.82298233646554,1,2,2,122,5,Lost Customers,1,Cluster 1,-1.064444569634963,0.4464221353768909,92.45574558411639,5.0352467270896275,0.25,116.38437258826333
CUST0083,28,8,1117.2294587604285,4,5,5,455,14,Champions,0,Cluster 0,2.429193931867627,0.4408877380969956,139.65368234505357,5.0352467270896275,0.25,175.79768673848636
CUST0084,10,3,231.1978581565071,5,1,1,511,7,New Customers,1,Cluster 1,-0.8676356438833993,-1.4635248246921155,77.0659527188357,5.0352467270896275,0.25,97.01152154939037
CUST0085,54,3,270.48992929498684,3,1,1,311,5,Others,1,Cluster 1,-1.0301394621347018,-0.902601185353082,90.16330976499562,5.0352467270896275,0.25,113.49862759944061
CUST0086,5,4,267.502127057725,5,2,1,521,8,New Customers,1,Cluster 1,-0.47395698342998893,-1.3568702945406788,66.87553176443124,5.0352467270896275,0.25,84.18370060980772
CUST0087,12,7,985.2265109668452,5,4,5,545,14,Champions,0,Cluster 0,1.9412750166575357,-0.028544862480846554,140.74664442383502,5.0352467270896275,0.25,177.1735201709907
CUST0088,2,5,945.6282816040753,5,3,5,535,13,Potential Loyalists,0,Cluster 0,1.341362833696341,-0.43397011657753476,189.12565632081504,5.0352467270896275,0.25,238.07358549951542
CUST0089,45,3,313.15085909821545,3,1,2,312,6,Others,1,Cluster 1,-0.8837051935149393,-0.9546994609924067,104.38361969940514,5.0352467270896275,0.25,131.39931986329952
CUST0090,14,8,755.5314069033611,5,5,4,554,14,Champions,0,Cluster 0,1.701239035592329,-0.16901135887109234,94.44142586292014,5.0352467270896275,0.25,118.88397011948659
CUST0091,110,2,154.97194966268046,2,1,1,211,4,Others,1,Cluster 1,-1.890723129573859,-0.513228276904547,77.48597483134023,5.0352467270896275,0.25,97.54025029121378
CUST0092,16,7,733.2601844729375,5,4,4,544,13,Champions,0,Cluster 0,1.3559536891484207,-0.2932633404602557,104.75145492470536,5.0352467270896275,0.25,131.86235514187481
CUST0093,9,7,781.5001147054314,5,4,5,545,14,Champions,0,Cluster 0,1.5034701614445736,-0.31517892916484463,111.64287352934734,5.0352467270896275,0.25,140.53735338538186
CUST0094,390,1,120.58324956314604,1,1,1,111,3,Lost Customers,1,Cluster 1,-3.844077512576492,2.5848539541604514,120.58324956314604,5.0352467270896275,0.25,151.79160317616572
CUST0095,280,4,379.19271658457916,1,2,2,122,5,Lost Customers,1,Cluster 1,-1.7885346591010731,1.9834908953753103,94.79817914614479,5.0352467270896275,0.25,119.33305531992043
CUST0096,128,5,784.4712677540874,2,3,5,235,10,Others,0,Cluster 0,0.2649679603231791,0.8341919883506744,156.8942535508175,5.0352467270896275,0.25,197.500319172731
CUST0097,32,2,227.02049413255284,4,1,1,411,6,New Customers,1,Cluster 1,-1.2862642916385245,-1.332522629120319,113.51024706627642,5.0352467270896275,0.25,142.88802500790084
CUST0098,169,4,270.7188510415137,1,2,1,121,4,Lost Customers,1,Cluster 1,-1.3994594077321083,0.5568809821157724,67.67971276037842,5.0352467270896275,0.25,85.19601304176538
CUST0099,96,5,689.3014870578361,2,3,4,234,9,Others,0,Cluster 0,0.23446669961283795,0.34397255421355816,137.86029741156722,5.0352467270896275,0.25,173.5401528342991
CUST0100,167,2,146.4111550132134,1,1,1,111,3,Lost Customers,1,Cluster 1,-2.234001813239616,0.1399590536195129,73.2055775066067,5.0352467270896275,0.25,92.15203613621186
CUST0101,17,6,721.0998133074628,5,4,4,544,13,Champions,0,Cluster 0,1.038930250246775,-0.416668587911482,120.18330221791047,5.0352467270896275,0.25,151.2881447858893
CUST0102,296,3,288.47143493116283,1,1,1,111,3,Lost Customers,1,Cluster 1,-2.366269955450407,1.9377002443476077,96.15714497705427,5.0352467270896275,0.25,121.04373738299884
CUST0103,101,3,322.1295940705075,2,1,2,212,5,Others,1,Cluster 1,-1.1821357322220147,-0.29148744080392,107.37653135683583,5.0352467270896275,0.25,135.1668320201861
CUST0104,116,7,693.0262179774463,2,4,4,244,10,At Risk,0,Cluster 0,0.6974120189607689,0.8215267763143299,99.00374542534948,5.0352467270896275,0.25,124.6270712806514
CUST0105,112,5,470.36148554494264,2,3,3,233,8,Others,1,Cluster 1,-0.34536094929816313,0.25979710281597995,94.07229710898852,5.0352467270896275,0.25,118.41930653195936
CUST0106,7,6,555.2772235974896,5,4,3,543,12,Loyal Customers,0,Cluster 0,0.7255640877970468,-0.7379882784132518,92.54620393291493,5.0352467270896275,0.25,116.49824261444479
CUST0107,17,3,318.46850964277496,5,1,2,512,8,New Customers,1,Cluster 1,-0.7125934949997764,-1.2741891334273694,106.15616988092499,5.0352467270896275,0.25,133.6306267383245
CUST0108,25,5,464.74545236168444,4,3,3,433,10,Potential Loyalists,0,Cluster 0,0.13687771590630396,-0.7602548293047814,92.94909047233689,5.0352467270896275,0.25,117.005400896698
CUST0109,52,8,793.0162294641729,3,5,5,355,13,Loyal Customers,0,Cluster 0,1.5688227219007493,0.31980957424951056,99.1270286830216,5.0352467270896275,0.25,124.78226168557605
CUST0110,3,2,53.71127841932963,5,1,1,511,7,New Customers,1,Cluster 1,-1.5082911611307475,-1.8843465310280327,26.855639209664815,5.0352467270896275,0.25,33.80619235859116
CUST0111,42,10,1036.9021262208769,4,5,5,455,14,Champions,0,Cluster 0,2.7385962416551766,0.744727740193071,103.69021262208769,5.0352467270896275,0.25,130.52645093414864
CUST0112,27,4,668.2669436965373,4,2,4,424,10,Potential Loyalists,0,Cluster 0,0.2957266686645318,-0.6055452802411324,167.06673592413432,5.0352467270896275,0.25,210.3055588168861
CUST0113,31,9,1332.6177550531645,4,5,5,455,14,Champions,0,Cluster 0,3.1772221736083432,0.8619561852548647,148.0686394503516,5.0352467270896275,0.25,186.39053304424925
CUST0114,20,6,780.7684500257078,4,4,5,445,13,Champions,0,Cluster 0,1.1550929388864517,-0.30801445881906275,130.12807500428463,5.0352467270896275,0.25,163.80674094194944
CUST0115,155,3,304.3147915773742,1,1,2,112,4,Lost Customers,1,Cluster 1,-1.529014820415648,0.31533183622166544,101.43826385912473,5.0352467270896275,0.25,127.69167152457797
CUST0116,38,8,898.9178674215486,4,5,5,455,14,Champions,0,Cluster 0,1.8848919573199638,0.2876187789718794,112.36473342769358,5.0352467270896275,0.25,141.44603905802313
CUST0117,18,4,579.3329757904066,5,2,3,523,10,Potential Loyalists,0,Cluster 0,0.148344983576195,-0.8202259239247379,144.83324394760166,5.0352467270896275,0.25,182.3177793902337
CUST0118,72,6,804.5693091482141,3,4,5,345,12,Loyal Customers,0,Cluster 0,0.9125046126862738,0.3269300143878695,134.09488485803567,5.0352467270896275,0.25,168.80020752522114
CUST0119,8,4,323.5417272852045,5,2,2,522,9,New Customers,1,Cluster 1,-0.36589695557835217,-1.252699753768613,80.88543182130113,5.0352467270896275,0.25,101.81952646185943
CUST0120,124,2,221.59871068959131,2,1,1,211,4,Others,1,Cluster 1,-1.8215829308001366,-0.26788274576697935,110.79935534479566,5.0352467270896275,0.25,139.47552284088073
CUST0121,95,2,385.0100105935019,2,1,2,212,5,Others,1,Cluster 1,-1.291803604526042,-0.4036964546424802,192.50500529675094,5.0352467270896275,0.25,242.32754946720914
CUST0122,27,8,740.8576983064265,4,5,4,454,13,Champions,0,Cluster 0,1.5945442894150113,-0.03575560766150397,92.60721228830332,5.0352467270896275,0.25,116.5750406448934
CUST0123,10,5,728.5484284055057,5,3,4,534,12,Potential Loyalists,0,Cluster 0,0.8111851998224794,-0.6090072570292916,145.70968568110112,5.0352467270896275,0.25,183.4210544827557
CUST0124,220,5,370.48986192543697,1,3,2,132,6,Others,1,Cluster 1,-1.1825542459022234,1.3940661699102568,74.09797238508739,5.0352467270896275,0.25,93.27539323399722
CUST0125,24,7,620.2501594496501,4,4,4,444,12,Champions,0,Cluster 0,1.058135944220192,-0.3397246819926033,88.6071656356643,5.0352467270896275,0.25,111.5397351909168
CUST0126,21,7,776.2782283716328,4,4,5,445,13,Champions,0,Cluster 0,1.4235658885969498,-0.18189065848361458,110.89688976737612,5.0352467270896275,0.25,139.59830031139995
CUST0127,55,3,515.8103868601681,3,1,3,313,7,Others,1,Cluster 1,-0.4880920726053715,-0.5878686091596048,171.93679562005605,5.0352467270896275,0.25,216.43604685304135
CUST0128,171,5,409.9126620123792,1,3,2,132,6,Others,1,Cluster 1,-0.8158658235952982,0.8721679715789872,81.98253240247584,5.0352467270896275,0.25,103.20056948952146
CUST0129,24,8,992.9186156582156,4,5,5,455,14,Champions,0,Cluster 0,2.174389712202085,0.24072471733433162,124.11482695727695,5.0352467270896275,0.25,156.23719405498105
CUST0130,12,8,724.5989208429015,5,5,4,554,14,Champions,0,Cluster 0,1.6435493289639143,-0.23051767463830872,90.57486510536269,5.0352467270896275,0.25,114.01669826959049
CUST0131,77,5,278.88379554849854,3,3,1,331,7,Need Attention,1,Cluster 1,-0.5738305233663372,-0.38434341075496914,55.77675910969971,5.0352467270896275,0.25,70.2124359386955
CUST0132,17,5,756.3313984258704,5,3,4,534,12,Potential Loyalists,0,Cluster 0,0.8334073825217685,-0.49316718216413585,151.26627968517408,5.0352467270896275,0.25,190.41575992594926
CUST0133,304,3,336.5955187196254,1,1,2,112,4,Lost Customers,1,Cluster 1,-2.304318646414306,2.090316264014925,112.19850623987513,5.0352467270896275,0.25,141.2367903321691
CUST0134,41,6,533.8895940355158,4,4,3,443,11,Loyal Customers,0,Cluster 0,0.4844498517920335,-0.36848278950306396,88.98159900591929,5.0352467270896275,0.25,112.0110762914392
CUST0135,5,4,608.3821019563699,5,2,4,524,11,Potential Loyalists,0,Cluster 0,0.28713616431532096,-0.9357211884385581,152.09552548909247,5.0352467270896275,0.25,191.45962423098246
CUST0136,102,2,256.1608958583596,2,1,1,211,4,Others,1,Cluster 1,-1.6192986689602185,-0.4813715972708343,128.0804479291798,5.0352467270896275,0.25,161.229164059894
CUST0137,58,9,1477.4802740641842,3,5,5,355,13,Loyal Customers,0,Cluster 0,3.3471094344146004,1.3553449050590485,164.16447489602047,5.0352467270896275,0.25,206.6521587311436
CUST0138,110,5,606.2572364231418,2,3,4,234,9,Others,1,Cluster 1,-0.030568147905397792,0.40440310819699027,121.25144728462836,5.0352467270896275,0.25,152.63273827370136
CUST0139,1,7,695.1030811168085,5,4,4,544,13,Champions,0,Cluster 0,1.35606566658973,-0.5150802685433641,99.30044015954408,5.0352467270896275,0.25,125.00055407797593
CUST0140,112,5,595.8088558863247,2,3,4,234,9,Others,1,Cluster 1,-0.06527076800228998,0.414784346926883,119.16177117726495,5.0352467270896275,0.25,150.0022295786316
CUST0141,94,7,828.5548088405525,2,4,5,245,11,At Risk,0,Cluster 0,1.125127063436957,0.7327795190245606,118.3649726915075,5.0352467270896275,0.25,148.99921033674158
CUST0142,231,3,354.83463138105765,1,1,2,112,4,Lost Customers,1,Cluster 1,-1.848437276071131,1.2627665491764897,118.27821046035255,5.0352467270896275,0.25,148.88999302662708
CUST0143,10,8,1121.2429259247942,5,5,5,555,15,Champions,0,Cluster 0,2.5405227340134076,0.23623660069673902,140.15536574059928,5.0352467270896275,0.25,176.42921165735055
CUST0144,14,7,565.3242047521412,5,4,3,543,12,Loyal Customers,0,Cluster 0,0.9923720911789147,-0.5240342160041915,80.76060067887731,5.0352467270896275,0.25,101.66238756152732
CUST0145,103,3,428.65733485436465,2,1,2,212,5,Others,1,Cluster 1,-0.9556621878538025,-0.136584984762441,142.88577828478822,5.0352467270896275,0.25,179.8662868640335
CUST0146,30,6,880.5758081487173,4,4,5,445,13,Champions,0,Cluster 0,1.3210648743136126,-0.0682550177283674,146.7626346914529,5.0352467270896275,0.25,184.7465189972972
CUST0147,154,5,496.0660355258816,1,3,3,133,7,Others,1,Cluster 1,-0.5268278404428846,0.7806437182269818,99.21320710517632,5.0352467270896275,0.25,124.89074409010111
CUST0148,14,7,679.2916403945884,5,4,4,544,13,Champions,0,Cluster 0,1.246830671092158,-0.3832301583301119,97.04166291351262,5.0352467270896275,0.25,122.15717889414984
CUST0149,112,7,872.9397450425114,2,4,5,245,11,At Risk,0,Cluster 0,1.1218588570327592,0.9972257333299891,124.70567786321591,5.0352467270896275,0.25,156.98096407756285
CUST0150,98,2,252.19674208816184,2,1,1,211,4,Others,1,Cluster 1,-1.6054011538533832,-0.5328491440639644,126.09837104408092,5.0352467270896275,0.25,158.73410252276048
CUST0151,164,4,332.76236479449085,1,2,2,122,5,Lost Customers,1,Cluster 1,-1.232497453495276,0.5753093572527217,83.19059119862271,5.0352467270896275,0.25,104.72128801437904
CUST0152,18,5,632.0636268806796,5,3,4,534,12,Potential Loyalists,0,Cluster 0,0.5502638269189738,-0.6350520777420045,126.41272537613592,5.0352467270896275,0.25,159.1298154281671
CUST0153,50,4,357.86525080133026,3,2,2,322,7,Others,1,Cluster 1,-0.5281200008498178,-0.7212046014321406,89.46631270033257,5.0352467270896275,0.25,112.62123955228168
CUST0154,16,10,924.5676852342522,5,5,5,555,15,Champions,0,Cluster 0,2.63564831508968,0.30317166983955274,92.45676852342521,5.0352467270896275,0.25,116.38566027621502
CUST0155,16,5,284.88378909861467,5,3,1,531,9,Others,1,Cluster 1,-0.21352101615587232,-1.087274479205713,56.976757819722934,5.0352467270896275,0.25,71.72300833298456
CUST0156,121,6,849.5638438824251,2,4,5,245,11,At Risk,0,Cluster 0,0.7342973562278406,0.9531238232489833,141.59397398040417,5.0352467270896275,0.25,178.240148515111
CUST0157,17,5,470.61430349447295,5,3,3,533,11,Potential Loyalists,0,Cluster 0,0.195478084355632,-0.8461638613155903,94.12286069889458,5.0352467270896275,0.25,118.48295656960548
CUST0158,398,1,137.3331239819915,1,1,1,111,3,Lost Customers,1,Cluster 1,-3.8521763605619124,2.69870788393204,137.3331239819915,5.0352467270896275,0.25,172.87654076282917
CUST0159,102,5,716.2395735588175,2,3,4,234,9,Others,0,Cluster 0,0.26048958565678393,0.44712381331382833,143.24791471176349,5.0352467270896275,0.25,180.3221484287053
CUST0160,196,6,749.3548700118763,1,4,4,144,9,At Risk,0,Cluster 0,0.08402516799184585,1.7026916875475617,124.89247833531272,5.0352467270896275,0.25,157.2161106939989
CUST0161,32,5,592.9879553685294,4,3,4,434,11,Potential Loyalists,0,Cluster 0,0.3833989710413905,-0.5202993894074839,118.59759107370587,5.0352467270896275,0.25,149.29203307364787
CUST0162,84,8,557.0633499684479,2,5,3,253,10,At Risk,0,Cluster 0,0.860016289895364,0.40093483266841146,69.63291874605599,5.0352467270896275,0.25,87.6547315534441
CUST0163,89,4,273.75449821916436,2,2,1,221,5,Others,1,Cluster 1,-0.9377135754923612,-0.37096712875389853,68.43862455479109,5.0352467270896275,0.25,86.15134007400691
CUST0164,82,5,597.5600549851731,2,3,4,234,9,Others,0,Cluster 0,0.10925220651753562,0.06759844398708341,119.51201099703462,5.0352467270896275,0.25,150.44311555517953
CUST0165,38,6,709.7711962696642,4,4,4,444,12,Champions,0,Cluster 0,0.8942073873302121,-0.18612019751517475,118.29519937827736,5.0352467270896275,0.25,148.9113788749715
CUST0166,106,7,829.6921279202669,2,4,5,245,11,At Risk,0,Cluster 0,1.0594211830492268,0.8739244368327364,118.52744684575241,5.0352467270896275,0.25,149.20373470009116
CUST0167,177,3,378.4973016732434,1,1,2,112,4,Lost Customers,1,Cluster 1,-1.4885014745516338,0.6631721738099313,126.16576722441447,5.0352467270896275,0.25,158.81894162187118
CUST0168,18,2,298.11489952998477,5,1,2,512,8,New Customers,1,Cluster 1,-1.047910229136779,-1.407716932840673,149.05744976499238,5.0352467270896275,0.25,187.63525901937612
CUST0169,22,2,175.07839165886128,4,1,1,411,6,New Customers,1,Cluster 1,-1.3453660065412758,-1.5131456846370201,87.53919582943064,5.0352467270896275,0.25,110.19536232304965
CUST0170,137,6,1029.3422629909755,1,4,5,145,10,At Risk,0,Cluster 0,1.0447005221514238,1.3615555027956585,171.55704383182925,5.0352467270896275,0.25,215.95801086584748
CUST0171,25,9,696.5447558117926,4,5,4,454,13,Champions,0,Cluster 0,1.7911651339682677,0.006233220901196118,77.39386175686585,5.0352467270896275,0.25,97.42429727702147
CUST0172,39,4,500.39059528326396,4,2,3,423,9,Potential Loyalists,1,Cluster 1,-0.1473411973970849,-0.6732127310822944,125.09764882081599,5.0352467270896275,0.25,157.47438169790533
CUST0173,42,7,458.7807845968261,4,4,3,443,11,Loyal Customers,0,Cluster 0,0.5952505202771479,-0.32960657573684027,65.54011208526087,5.0352467270896275,0.25,82.50265871759929
CUST0174,228,2,126.5006063086075,1,1,1,111,3,Lost Customers,1,Cluster 1,-2.625369842478438,0.8257039618376427,63.25030315430375,5.0352467270896275,0.25,79.62022048628367
CUST0175,57,6,564.430664916244,3,4,3,343,10,Loyal Customers,0,Cluster 0,0.46164622503837494,-0.14443030624647896,94.07177748604067,5.0352467270896275,0.25,118.4186524245225
CUST0176,19,2,284.56983321338873,5,1,1,511,7,New Customers,1,Cluster 1,-1.0838398136802188,-1.412806558041934,142.28491660669437,5.0352467270896275,0.25,179.1099151645196
CUST0177,1,8,715.1985106867288,5,5,4,554,14,Champions,0,Cluster 0,1.685118852506677,-0.37022646279371235,89.3998138358411,5.0352467270896275,0.25,112.53753000483522
CUST0179,26,7,653.5174984100648,4,4,4,444,12,Champions,0,Cluster 0,1.1210387483433406,-0.2753337109680976,93.35964263000926,5.0352467270896275,0.25,117.52220874875285
CUST0180,3,2,116.66495258876812,5,1,1,511,7,New Customers,1,Cluster 1,-1.3677325670097613,-1.8065687630315805,58.33247629438406,5.0352467270896275,0.25,73.42960258608265
CUST0181,127,3,175.8782319987745,2,1,1,211,4,Others,1,Cluster 1,-1.656540238489957,-0.16940798341690697,58.62607733292484,5.0352467270896275,0.25,73.7991910031783
CUST0182,86,2,302.9789245698441,2,1,2,212,5,Others,1,Cluster 1,-1.4237730140707434,-0.6098487518451978,151.48946228492204,5.0352467270896275,0.25,190.69670478968033
CUST0183,43,9,891.0578979964472,3,5,5,355,13,Loyal Customers,0,Cluster 0,2.1230927656026637,0.45615926507673255,99.00643311071636,5.0352467270896275,0.25,124.63045457038817
CUST0184,114,5,527.5793674124802,2,3,3,233,8,Others,1,Cluster 1,-0.2289830353601559,0.3537784002860165,105.51587348249605,5.0352467270896275,0.25,132.82461415218535
CUST0185,23,4,606.4584312864383,4,2,4,424,10,Potential Loyalists,0,Cluster 0,0.18047331473119804,-0.7284881571449218,151.61460782160958,5.0352467270896275,0.25,190.85423945318428
CUST0186,307,1,124.69181811649318,1,1,1,111,3,Lost Customers,1,Cluster 1,-3.362874834087585,1.6233964653666269,124.69181811649318,5.0352467270896275,0.25,156.96351726648186
CUST0187,20,9,1214.6933244967697,4,5,5,455,14,Champions,0,Cluster 0,2.9764867969675732,0.5881685495644852,134.96592494408551,5.0352467270896275,0.25,169.89668296083272
CUST0188,76,9,1044.331837500228,3,5,5,355,13,Loyal Customers,0,Cluster 0,2.277637858510889,1.0298099885160201,116.03687083335866,5.0352467270896275,0.25,146.06856852134777
CUST0189,31,4,460.7840073777178,4,2,3,423,9,Potential Loyalists,1,Cluster 1,-0.19027523281843628,-0.8153055870513477,115.19600184442945,5.0352467270896275,0.25,145.01007281524352
CUST0190,79,7,746.0210841666106,2,4,4,244,10,At Risk,0,Cluster 0,1.026158000945902,0.4561363301574736,106.57444059523009,5.0352467270896275,0.25,134.15715079963505
CUST0191,39,6,606.5102868800873,4,4,4,444,12,Champions,0,Cluster 0,0.6579664954788501,-0.30205161424325816,101.08504781334788,5.0352467270896275,0.25,127.2470390399646
CUST0192,10,10,1006.2795028270109,5,5,5,555,15,Champions,0,Cluster 0,2.8522113936026665,0.33425478458528246,100.6279502827011,5.0352467270896275,0.25,126.6716393286771
CUST0193,30,5,782.9367110365035,4,3,5,435,12,Potential Loyalists,0,Cluster 0,0.8188775697526235,-0.308912181475294,156.5873422073007,5.0352467270896275,0.25,197.1139755882436
CUST0194,1,9,1249.9936727813026,5,5,5,555,15,Champions,0,Cluster 0,3.1633578763049295,0.41052662782361204,138.8881858645892,5.0352467270896275,0.25,174.83407082652215
CUST0195,81,7,760.8641846526733,2,4,4,244,10,At Risk,0,Cluster 0,1.0479244442152802,0.4977645925001543,108.69488352181047,5.0352467270896275,0.25,136.8263891261461
CUST0196,159,4,365.49565468949527,1,2,2,122,5,Lost Customers,1,Cluster 1,-1.1309773326891608,0.5575256475316253,91.37391367237382,5.0352467270896275,0.25,115.02254994004761
CUST0197,7,4,250.09331770682817,5,2,1,521,8,New Customers,1,Cluster 1,-0.5242003658651213,-1.3550885001577555,62.52332942670704,5.0352467270896275,0.25,78.7050974656433
CUST0198,204,6,700.7041557283312,1,4,4,144,9,At Risk,1,Cluster 1,-0.07009557504534084,1.7357447445816019,116.78402595472187,5.0352467270896275,0.25,147.00909611621586
CUST0199,13,5,807.8431054779061,5,3,5,535,13,Potential Loyalists,0,Cluster 0,0.9711675491370372,-0.47610562159997377,161.56862109558122,5.0352467270896275,0.25,203.38446764297737
CUST0200,272,1,84.27202700613503,1,1,1,111,3,Lost Customers,1,Cluster 1,-3.2540728163317216,1.165884395148665,84.27202700613503,5.0352467270896275,0.25,106.08261204196253
CUST0201,84,8,1081.8381547886177,2,5,5,255,12,At Risk,0,Cluster 0,2.03169704989533,1.049281629867756,135.2297693485772,5.0352467270896275,0.25,170.22881337937716
CUST0202,170,5,632.9008791944868,1,3,4,134,8,Others,1,Cluster 1,-0.31230610908213885,1.1360196311075763,126.58017583889736,5.0352467270896275,0.25,159.34060402680936
CUST0203,109,5,420.42458689208826,2,3,2,232,7,Others,1,Cluster 1,-0.43979528865764733,0.1631663047751365,84.08491737841766,5.0352467270896275,0.25,105.84707625681982
CUST0204,142,1,90.14159863567686,1,1,1,111,3,Lost Customers,1,Cluster 1,-2.5016445630741444,-0.3407115824237438,90.14159863567686,5.0352467270896275,0.25,113.47129737622969
CUST0205,153,3,310.70352102525857,1,1,2,112,4,Lost Customers,1,Cluster 1,-1.503376307492966,0.2999349950713055,103.56784034175286,5.0352467270896275,0.25,130.37240727813804
CUST0206,80,7,733.7383466001986,2,4,4,244,10,At Risk,0,Cluster 0,0.9930468564186367,0.4526062821208878,104.81976380002837,5.0352467270896275,0.25,131.94834315210016
CUST0207,135,3,428.4914972149599,1,1,2,112,4,Lost Customers,1,Cluster 1,-1.138019678593746,0.23584955909564795,142.8304990716533,5.0352467270896275,0.25,179.79670074478008
CUST0208,169,5,396.7263479538413,1,3,2,132,6,Others,1,Cluster 1,-0.8339331091255296,0.8325866294848827,79.34526959076825,5.0352467270896275,0.25,99.88075225424
CUST0209,38,4,606.7062128478804,4,2,4,424,10,Potential Loyalists,1,Cluster 1,0.09572003484263641,-0.5535072950158699,151.6765532119701,5.0352467270896275,0.25,190.93221703420204
CUST0210,1,7,792.8490579583382,5,4,5,545,14,Champions,0,Cluster 0,1.5743060992108593,-0.39431743762574045,113.26415113690545,5.0352467270896275,0.25,142.57823657717202
CUST0211,24,6,651.3119188840759,4,4,4,444,12,Champions,0,Cluster 0,0.8433029791322808,-0.4213749967590032,108.55198648067932,5.0352467270896275,0.25,136.64650866147952
CUST0212,6,5,416.21727030411233,5,3,2,532,10,Others,1,Cluster 1,0.13658227116753546,-1.0414649076378073,83.24345406082247,5.0352467270896275,0.25,104.78783240284803
CUST0213,179,4,656.7177370219483,1,2,4,124,7,About to Sleep,1,Cluster 1,-0.5944988932315889,1.150223252960525,164.17943425548708,5.0352467270896275,0.25,206.670989747592
CUST0214,7,6,570.4302348883258,5,4,3,543,12,Loyal Customers,0,Cluster 0,0.7593966796487442,-0.7192670931579769,95.07170581472097,5.0352467270896275,0.25,119.67737388560042
CUST0215,41,4,562.7439364731554,4,2,3,423,9,Potential Loyalists,1,Cluster 1,-0.01949718633227984,-0.5728866956918912,140.68598411828884,5.0352467270896275,0.25,177.0971602697493
CUST0216,5,8,726.6785119790065,5,5,4,554,14,Champions,0,Cluster 0,1.6880022000781332,-0.3094632650424554,90.83481399737582,5.0352467270896275,0.25,114.34392497152042
CUST0217,43,7,1006.4382046876112,3,4,5,345,12,Loyal Customers,0,Cluster 0,1.812334894765146,0.35865613095828236,143.77688638394446,5.0352467270896275,0.25,180.98802414897338
CUST0218,170,5,512.0300313178877,1,3,3,133,7,Others,1,Cluster 1,-0.5821781486714349,0.986686571715716,102.40600626357755,5.0352467270896275,0.25,128.9098769682497
CUST0219,26,3,207.0153231641351,4,1,1,411,6,New Customers,1,Cluster 1,-1.0126223395084855,-1.3070820556846399,69.00510772137837,5.0352467270896275,0.25,86.8644357016344
CUST0220,63,5,761.4419243544147,3,3,4,334,10,Need Attention,0,Cluster 0,0.5832111813915499,0.0488159351001842,152.28838487088294,5.0352467270896275,0.25,191.70239787371972
CUST0221,49,4,437.57633272415,3,2,2,322,7,Others,1,Cluster 1,-0.34445952919140616,-0.6343684367482199,109.3940831810375,5.0352467270896275,0.25,137.7065498250724
CUST0222,67,2,250.76300735231115,3,1,1,311,5,Others,1,Cluster 1,-1.4323021779119034,-0.8956149393090717,125.38150367615557,5.0352467270896275,0.25,157.83170150573463
CUST0223,225,2,76.13456602990726,1,1,1,111,3,Lost Customers,1,Cluster 1,-2.7207623394737315,0.7285429695189747,38.06728301495363,5.0352467270896275,0.25,47.91954055255996
CUST0224,38,6,736.0873365597333,4,4,4,444,12,Champions,0,Cluster 0,0.9529642387874772,-0.15360723173443042,122.68122275995556,5.0352467270896275,0.25,154.43255634435494
CUST0225,98,4,532.263560821765,2,2,3,223,7,About to Sleep,1,Cluster 1,-0.41171638903841906,0.053219513543545545,133.06589020544126,5.0352467270896275,0.25,167.50489703605396
CUST0226,21,6,423.57764594686546,4,4,2,442,10,Loyal Customers,0,Cluster 0,0.3518950032452568,-0.7376702243968767,70.59627432447758,5.0352467270896275,0.25,88.8674148092618
CUST0227,117,8,710.5841451436787,2,5,4,254,11,At Risk,0,Cluster 0,1.015112545012747,0.9748905404218944,88.82301814295984,5.0352467270896275,0.25,111.81145284864029
CUST0228,32,4,280.5707152679276,4,2,1,421,7,New Customers,1,Cluster 1,-0.5983300636037095,-1.0263098434341575,70.1426788169819,5.0352467270896275,0.25,88.29642348562676
CUST0229,2,4,346.37145097149596,5,2,2,522,9,New Customers,1,Cluster 1,-0.28080172938034265,-1.2943640663879057,86.59286274287399,5.0352467270896275,0.25,109.00410717884441
CUST0230,141,4,383.8149945837387,1,2,2,122,5,Lost Customers,1,Cluster 1,-0.9877073708713764,0.37054907583148095,95.95374864593468,5.0352467270896275,0.25,120.78769970535585
CUST0231,263,4,566.2529221804596,1,2,3,123,6,About to Sleep,1,Cluster 1,-1.2741989051382163,2.0166346344559085,141.5632305451149,5.0352467270896275,0.25,178.20144831963103
CUST0232,3,6,953.5593183174212,5,4,5,545,14,Champions,0,Cluster 0,1.6375691069399363,-0.2925001467885765,158.92655305290353,5.0352467270896275,0.25,200.05860152681714
CUST0233,56,5,359.8584966705398,3,3,2,332,8,Need Attention,1,Cluster 1,-0.27360671798587183,-0.5288457197869688,71.97169933410797,5.0352467270896275,0.25,90.59881587878647
CUST0234,263,1,13.521953717851227,1,1,1,111,3,Lost Customers,1,Cluster 1,-3.360854763647016,0.9736695210252645,13.521953717851227,5.0352467270896275,0.25,17.021593300416953
CUST0235,155,6,792.3025457552086,1,4,5,145,10,At Risk,0,Cluster 0,0.41308688301320345,1.2783082473816119,132.05042429253476,5.0352467270896275,0.25,166.22661668244558
CUST0236,5,6,641.285331198818,5,4,4,544,13,Champions,0,Cluster 0,0.928971221942922,-0.6550172704469256,106.88088853313633,5.0352467270896275,0.25,134.5429110437265
CUST0237,39,4,553.7898006518685,4,2,3,423,9,Potential Loyalists,1,Cluster 1,-0.02811515804650805,-0.6072392821748362,138.44745016296713,5.0352467270896275,0.25,174.27926757674615
CUST0238,11,6,572.3928352132262,5,4,3,543,12,Loyal Customers,0,Cluster 0,0.7410302349354844,-0.6702624180685989,95.39880586887104,5.0352467270896275,0.25,120.08913125487291
CUST0239,90,5,467.9835677745625,2,3,3,233,8,Others,1,Cluster 1,-0.2255539853175626,0.0006696322152761446,93.5967135549125,5.0352467270896275,0.25,117.82063639842963
CUST0241,29,2,166.82694548586966,4,1,1,411,6,New Customers,1,Cluster 1,-1.4035989671982976,-1.4418252744229079,83.41347274293483,5.0352467270896275,0.25,105.00185390601061
CUST0242,4,8,796.7181973619188,5,5,5,555,15,Champions,0,Cluster 0,1.8500690488261935,-0.2345758808897238,99.58977467023985,5.0352467270896275,0.25,125.36477173997967
CUST0243,76,3,338.3669677611886,3,1,2,312,6,Others,1,Cluster 1,-1.00370453566763,-0.5625511080790994,112.78898925372954,5.0352467270896275,0.25,141.98009724789722
CUST0244,70,3,352.09731845075845,3,1,2,312,6,Others,1,Cluster 1,-0.9389257579164464,-0.6154574797392568,117.36577281691949,5.0352467270896275,0.25,147.74140586218465
CUST0245,52,7,1096.7728706156722,3,4,5,345,12,Loyal Customers,0,Cluster 0,1.9628439611755115,0.5750673037526998,156.68183865938175,5.0352467270896275,0.25,197.23292882600927
CUST0246,216,3,221.5551348924538,1,1,1,111,3,Lost Customers,1,Cluster 1,-2.0607079756462365,0.9234281654844161,73.85171163081793,5.0352467270896275,0.25,92.96539731976074
CUST0247,16,8,922.0231897436979,5,5,5,555,15,Champions,0,Cluster 0,2.0615961310077036,0.059975245756308124,115.25289871796224,5.0352467270896275,0.25,145.08169526430294
CUST0248,30,3,324.5868256197667,4,1,2,412,7,New Customers,1,Cluster 1,-0.7728652518663472,-1.1152453300933756,108.19560853992225,5.0352467270896275,0.25,136.19789594652852
CUST0249,51,3,261.44991720509444,3,1,1,311,5,Others,1,Cluster 1,-1.0332620717968268,-0.9487048521845535,87.14997240169815,5.0352467270896275,0.25,109.7054033254005
CUST0250,111,5,381.67664410135274,2,3,2,232,7,Others,1,Cluster 1,-0.5376832071049438,0.13858410703486745,76.33532882027055,5.0352467270896275,0.25,96.09180365089445
CUST0251,33,6,427.84424806834863,4,4,2,442,10,Loyal Customers,0,Cluster 0,0.29317596883213665,-0.5926591517751972,71.30737467805811,5.0352467270896275,0.25,89.76255624126146
CUST0252,115,1,27.177460284634407,2,1,1,211,4,Others,1,Cluster 1,-2.4886748040443747,-0.732916799687433,27.177460284634407,5.0352467270896275,0.25,34.211304487203435
CUST0253,6,8,955.6009570214635,5,5,5,555,15,Champions,0,Cluster 0,2.193437245419753,-0.014990043531957618,119.45011962768294,5.0352467270896275,0.25,150.36520597643874
CUST0254,179,6,587.6623764727125,1,4,4,144,9,At Risk,1,Cluster 1,-0.1803098980261017,1.304959756870506,97.94372941211874,5.0352467270896275,0.25,123.29271074033075
CUST0255,67,1,79.52551163997805,3,1,1,311,5,Others,1,Cluster 1,-2.0988148784608325,-1.2272011750562057,79.52551163997805,5.0352467270896275,0.25,100.10764305133189
CUST0256,160,3,212.9819898341254,1,1,1,111,3,Lost Customers,1,Cluster 1,-1.7613718639309364,0.26071724199355895,70.99399661137512,5.0352467270896275,0.25,89.36807227010968
CUST0257,67,2,318.41218315226,3,1,2,312,6,Others,1,Cluster 1,-1.2812597936613535,-0.812035990662514,159.20609157613,5.0352467270896275,0.25,200.41048788536003
CUST0258,2,5,365.6941058965944,5,3,2,532,10,Others,1,Cluster 1,0.04652605894732086,-1.1504650053426968,73.13882117931888,5.0352467270896275,0.25,92.06800249158974
CUST0259,65,4,418.3641301700987,3,2,2,322,7,Others,1,Cluster 1,-0.4783488115350378,-0.4717849401604529,104.59103254252467,5.0352467270896275,0.25,131.66041357316803
CUST0260,68,4,351.4496585912684,3,2,2,322,7,Others,1,Cluster 1,-0.6448121010680363,-0.5195212324261442,87.8624146478171,5.0352467270896275,0.25,110.6022339474032
CUST0261,157,5,546.9537200481541,1,3,3,133,7,Others,1,Cluster 1,-0.4302706523874557,0.878449189608842,109.39074400963082,5.0352467270896275,0.25,137.7023464370982
CUST0262,95,6,337.0145528307797,2,4,2,242,8,At Risk,1,Cluster 1,-0.2622225089678789,0.017111818944538545,56.16909213846328,5.0352467270896275,0.25,70.70630933844824
CUST0263,73,4,357.8683511943365,3,2,2,322,7,Others,1,Cluster 1,-0.658916392860472,-0.45336617899061626,89.46708779858413,5.0352467270896275,0.25,112.62221525501528
CUST0264,212,2,330.8545446241457,1,1,2,112,4,Lost Customers,1,Cluster 1,-2.078108943067427,0.8918586788728057,165.42727231207286,5.0352467270896275,0.25,208.24178287018236
CUST0265,17,6,710.8513385666992,5,4,4,544,13,Champions,0,Cluster 0,1.016048167184092,-0.4293303348423954,118.47522309444986,5.0352467270896275,0.25,149.13799483188552
CUST0266,4,5,660.2696278139545,5,3,4,534,12,Potential Loyalists,0,Cluster 0,0.6928596367832478,-0.7632339856992939,132.05392556279088,5.0352467270896275,0.25,166.23102412234502
CUST0267,46,5,490.86677080713525,3,3,3,333,9,Need Attention,1,Cluster 1,0.07577046956645547,-0.48343793382235944,98.17335416142706,5.0352467270896275,0.25,123.58176505718411
CUST0268,67,6,556.2967150786842,3,4,3,343,10,Loyal Customers,0,Cluster 0,0.3866143001716522,-0.03802978532293069,92.7161191797807,5.0352467270896275,0.25,116.71213391211066
CUST0269,105,3,312.17685906834697,2,1,2,212,5,Others,1,Cluster 1,-1.2271059106195725,-0.25720387927772737,104.05895302278232,5.0352467270896275,0.25,130.9906256580845
CUST0270,21,8,529.3272355590051,4,5,3,453,12,Loyal Customers,0,Cluster 0,1.156376358098275,-0.3669663597624105,66.16590444487564,5.0352467270896275,0.25,83.29041345024628
CUST0271,37,4,369.03942082027055,4,2,2,422,8,New Customers,1,Cluster 1,-0.4292387815092519,-0.8587839493690828,92.25985520506764,5.0352467270896275,0.25,116.13778349076993
CUST0272,47,5,941.5244544270028,3,3,5,335,11,Need Attention,0,Cluster 0,1.0762805651368752,0.08498390419452904,188.30489088540054,5.0352467270896275,0.25,237.04039638142063
CUST0273,15,9,1122.369038441038,5,5,5,555,15,Champions,0,Cluster 0,2.7987870423379304,0.4158791774365237,124.7076709378931,5.0352467270896275,0.25,156.98347298324913
CUST0274,17,7,845.6969654567318,5,4,5,545,14,Champions,0,Cluster 0,1.6013076289573067,-0.14270538797253995,120.81385220810455,5.0352467270896275,0.25,152.0818884794871
CUST0275,163,2,354.79198052500806,1,1,2,112,4,Lost Customers,1,Cluster 1,-1.7459951670883487,0.3508286811843799,177.39599026250403,5.0352467270896275,0.25,223.3081448420242
CUST0276,76,5,373.7086624771089,3,3,2,332,8,Need Attention,1,Cluster 1,-0.35642504158281263,-0.27883452395851915,74.74173249542177,5.0352467270896275,0.25,94.08576598114523
CUST0277,136,9,668.2694110683116,1,5,4,154,10,At Risk,0,Cluster 0,1.0967657375256035,1.2638927354478908,74.25215678536796,5.0352467270896275,0.25,93.46948235821748
CUST0278,11,6,791.6479607959815,5,4,5,545,14,Champions,0,Cluster 0,1.2305678610124917,-0.3993779222135955,131.94132679933026,5.0352467270896275,0.25,166.08928348354766
CUST0279,182,3,186.8758088965223,1,1,1,111,3,Lost Customers,1,Cluster 1,-1.944776146448048,0.4846532857216265,62.29193629884077,5.0352467270896275,0.25,78.41381709320338
CUST0280,83,3,423.7750224820695,2,1,2,212,5,Others,1,Cluster 1,-0.8528210635604008,-0.37551661084314497,141.2583408273565,5.0352467270896275,0.25,177.81764958126448
CUST0281,92,4,591.0871625057389,2,2,4,224,8,About to Sleep,1,Cluster 1,-0.2462565303536755,0.056024781598154216,147.77179062643472,5.0352467270896275,0.25,186.01685627698228
CUST0282,12,3,216.41007563938325,5,1,1,511,7,New Customers,1,Cluster 1,-0.9120269795274747,-1.4585048139591663,72.13669187979441,5.0352467270896275,0.25,90.80651042270193
CUST0283,3,8,676.4515204241471,5,5,4,554,14,Champions,0,Cluster 0,1.5872330607981282,-0.39480748370808944,84.55644005301839,5.0352467270896275,0.25,106.44063450782778
CUST0284,20,5,398.01542743135184,4,3,2,432,9,Others,1,Cluster 1,0.016323051040110493,-0.9009231002005244,79.60308548627037,5.0352467270896275,0.25,100.20529391524468
CUST0285,41,6,531.3858125715178,4,4,3,443,11,Loyal Customers,0,Cluster 0,0.4788595823247022,-0.3715761519857129,88.56430209525297,5.0352467270896275,0.25,111.48577806552488
CUST0286,28,4,480.25237613514713,4,2,3,423,9,Potential Loyalists,1,Cluster 1,-0.1297463084687392,-0.8261878270042285,120.06309403378678,5.0352467270896275,0.25,151.13682531946978
CUST0287,22,7,714.0297397940927,4,4,4,444,12,Champions,0,Cluster 0,1.2788946832951407,-0.24715220418390016,102.00424854201324,5.0352467270896275,0.25,128.40413965510228
CUST0288,88,5,510.0684363407546,2,3,3,233,8,Others,1,Cluster 1,-0.1202156106121952,0.029374522430750033,102.01368726815092,5.0352467270896275,0.25,128.41602123382543
CUST0289,2,7,565.3203218227795,5,4,3,543,12,Loyal Customers,0,Cluster 0,1.0606086291322494,-0.6637788003909431,80.7600459746828,5.0352467270896275,0.25,101.66168929340735
CUST0290,182,1,98.86195495941315,1,1,1,111,3,Lost Customers,1,Cluster 1,-2.709658381709189,0.13586150092647467,98.86195495941315,5.0352467270896275,0.25,124.44858378576681
CUST0291,34,5,546.5006950909476,4,3,3,433,10,Potential Loyalists,0,Cluster 0,0.26823124168934526,-0.554443329935357,109.30013901818953,5.0352467270896275,0.25,137.58829181544502
CUST0292,68,2,155.75558626924783,3,1,1,311,5,Others,1,Cluster 1,-1.6501152539405515,-1.001349367423946,77.87779313462391,5.0352467270896275,0.25,98.03347574851954
CUST0293,116,3,385.0389773235096,2,1,2,212,5,Others,1,Cluster 1,-1.1269825371456785,-0.03908965928212806,128.34632577450319,5.0352467270896275,0.25,161.56385419751157
CUST0294,55,5,538.1211776880014,3,3,3,333,9,Need Attention,0,Cluster 0,0.13009292374281695,-0.3202513970417428,107.62423553760027,5.0352467270896275,0.25,135.47864493655624
CUST0295,31,6,694.4838750576455,4,4,4,444,12,Champions,0,Cluster 0,0.8998846219771364,-0.28652219530535505,115.74731250960758,5.0352467270896275,0.25,145.70406912085548
CUST0296,52,7,574.0791191529106,3,4,3,343,10,Loyal Customers,0,Cluster 0,0.795809632667705,-0.07070840149123192,82.01130273613009,5.0352467270896275,0.25,103.23678592161392
CUST0297,51,1,148.4525140461452,3,1,1,311,5,Others,1,Cluster 1,-1.8539258416721782,-1.3283632181719995,148.4525140461452,5.0352467270896275,0.25,186.87375886976992
CUST0298,85,3,338.01320524344453,2,1,2,212,5,Others,1,Cluster 1,-1.0556782976792503,-0.45818333292079455,112.67106841448151,5.0352467270896275,0.25,141.8316571179274
CUST0299,75,3,438.3146019949633,3,1,2,312,6,Others,1,Cluster 1,-0.7748612946123455,-0.4507131640478247,146.10486733165445,5.0352467270896275,0.25,183.9185137608943
CUST0300,145,2,130.68501951434055,1,1,1,111,3,Lost Customers,1,Cluster 1,-2.1439978233140007,-0.1356598226910238,65.34250975717028,5.0352467270896275,0.25,82.25391459865342
CUST0301,13,3,302.1363651265285,5,1,2,512,8,New Customers,1,Cluster 1,-0.7263103711783018,-1.340947038794002,100.71212170884284,5.0352467270896275,0.25,126.77759530317579
CUST0302,15,7,786.6641085757034,5,4,5,545,14,Champions,0,Cluster 0,1.4808773647851514,-0.2389290439288931,112.38058693938619,5.0352467270896275,0.25,141.46599564373892
CUST0303,85,5,583.1857740597832,2,3,3,233,8,Others,1,Cluster 1,0.060097007902624594,0.08477430836746841,116.63715481195663,5.0352467270896275,0.25,146.8242130059877
CUST0304,12,4,342.5370087801136,5,2,2,522,9,New Customers,1,Cluster 1,-0.3462340120000921,-1.1826516059689227,85.6342521950284,5.0352467270896275,0.25,107.79739702294611
CUST0305,42,8,900.5331271930716,4,5,5,455,14,Champions,0,Cluster 0,1.8657499947277545,0.3361943230640157,112.56664089913394,5.0352467270896275,0.25,141.7002025417094
CUST0306,34,5,599.8906427065021,4,3,4,434,11,Potential Loyalists,0,Cluster 0,0.38743661097148535,-0.48848131876173084,119.97812854130044,5.0352467270896275,0.25,151.02986976498042
CUST0307,7,5,552.5262937794946,5,3,3,533,11,Potential Loyalists,0,Cluster 0,0.43523649705824285,-0.8614133670067148,110.50525875589892,5.0352467270896275,0.25,139.10531061920813
CUST0308,45,6,327.10062012367825,3,4,2,342,9,Loyal Customers,1,Cluster 1,-2.6185960047803275e-06,-0.5773857222552817,54.516770020613045,5.0352467270896275,0.25,68.62634695444744
CUST0309,1,2,348.7248588576721,5,1,2,512,8,New Customers,1,Cluster 1,-0.8382311141382977,-1.5431542295347647,174.36242942883604,5.0352467270896275,0.25,219.4894630272357
CUST0310,35,4,280.09568960799413,4,2,1,421,7,New Customers,1,Cluster 1,-0.6164519697981806,-0.9919617795654553,70.02392240199853,5.0352467270896275,0.25,88.14693152316029
CUST0311,109,6,401.70309970500864,2,4,2,242,8,At Risk,1,Cluster 1,-0.19740982022435966,0.260062732568774,66.95051661750144,5.0352467270896275,0.25,84.27809241880846
CUST0312,158,3,171.23357630553733,1,1,1,111,3,Lost Customers,1,Cluster 1,-1.8432106226852512,0.1858481049394012,57.07785876851244,5.0352467270896275,0.25,71.85027538835907
CUST0313,53,7,633.8799406331896,3,4,4,344,11,Loyal Customers,0,Cluster 0,0.9236416555172955,0.014819074212612528,90.55427723331279,5.0352467270896275,0.25,113.99078201575125
CUST0314,82,6,441.4371429258385,2,4,3,243,9,At Risk,1,Cluster 1,0.044857310419850055,-0.005261322549302626,73.57285715430642,5.0352467270896275,0.25,92.61437204721352
CUST0315,121,3,172.72382032873855,2,1,1,211,4,Others,1,Cluster 1,-1.6294605861773528,-0.24317507761322693,57.574606776246185,5.0352467270896275,0.25,72.47558758339147
CUST0316,88,2,75.51012637888005,2,1,1,211,4,Others,1,Cluster 1,-1.9430237594909494,-0.867591080444623,37.75506318944002,5.0352467270896275,0.25,47.52651458892249
CUST0317,80,3,180.26059712802137,2,1,1,211,4,Others,1,Cluster 1,-1.3794618684758908,-0.7113078416900145,60.08686570934046,5.0352467270896275,0.25,75.63804847600763
CUST0318,31,7,766.0048238401719,4,4,4,444,12,Champions,0,Cluster 0,1.3437571377875361,-0.07813338297848778,109.42926054859598,5.0352467270896275,0.25,137.750831506289
CUST0319,163,1,275.33240624746435,1,1,1,111,3,Lost Customers,1,Cluster 1,-2.2075924948903314,0.1326318857634627,275.33240624746435,5.0352467270896275,0.25,346.59164935481414
CUST0320,212,3,311.7739099191344,1,1,2,112,4,Lost Customers,1,Cluster 1,-1.8365253542840332,0.9883113884451522,103.92463663971147,5.0352467270896275,0.25,130.82154662602147
CUST0321,26,7,847.3165628628665,4,4,5,445,13,Champions,0,Cluster 0,1.5537398480143774,-0.03589957353602175,121.04522326612378,5.0352467270896275,0.25,152.37314107014575
CUST0322,170,3,299.75348428581486,1,1,2,112,4,Lost Customers,1,Cluster 1,-1.6245055001001523,0.48437118338724844,99.91782809527162,5.0352467270896275,0.25,125.77772922365511
CUST0323,58,2,180.8231615564732,3,1,1,311,5,Others,1,Cluster 1,-1.537275105519312,-1.0868287966250625,90.4115807782366,5.0352467270896275,0.25,113.81115405115382
CUST0324,43,5,663.8985822964136,3,3,4,334,10,Need Attention,0,Cluster 0,0.4791651901312009,-0.30459619055882553,132.77971645928272,5.0352467270896275,0.25,167.14465818137302
CUST0325,34,4,625.9146637419643,4,2,4,424,10,Potential Loyalists,0,Cluster 0,0.16135573325179034,-0.5763556395705235,156.47866593549108,5.0352467270896275,0.25,196.97717262775816
CUST0326,79,3,317.7683148782162,2,1,2,212,5,Others,1,Cluster 1,-1.066757079960716,-0.5530653072959157,105.92277162607206,5.0352467270896275,0.25,133.33682228861036
CUST0327,25,7,709.4426340721794,4,4,4,444,12,Champions,0,Cluster 0,1.2515916101544928,-0.2178845174856023,101.34894772459707,5.0352467270896275,0.25,127.57923933106379
CUST0328,74,5,896.7375371997035,3,3,5,335,11,Need Attention,0,Cluster 0,0.8227317281269931,0.3440652535869204,179.3475074399407,5.0352467270896275,0.25,225.764737462161
CUST0329,201,4,666.2905520089429,1,2,4,124,7,About to Sleep,1,Cluster 1,-0.6982415900990353,1.4182398480460998,166.57263800223572,5.0352467270896275,0.25,209.68358258086067
CUST0330,7,5,630.4627751129315,5,3,4,534,12,Potential Loyalists,0,Cluster 0,0.6092476630702561,-0.7651246969078599,126.0925550225863,5.0352467270896275,0.25,158.7267812469616
CUST0331,41,7,1086.485500001942,4,4,5,445,13,Champions,0,Cluster 0,2.0024331409718608,0.4342626970354715,155.2122142859917,5.0352467270896275,0.25,195.38294849696842
CUST0332,82,3,309.2780408682265,2,1,2,212,5,Others,1,Cluster 1,-1.1027748763391692,-0.5286198922373005,103.09268028940885,5.0352467270896275,0.25,129.7742702535358
CUST0333,149,2,122.91131625854109,1,1,1,111,3,Lost Customers,1,Cluster 1,-2.184102810873147,-0.0986841192388615,61.455658129270546,5.0352467270896275,0.25,77.36110036413714
CUST0334,36,7,842.4897064056956,4,4,5,445,13,Champions,0,Cluster 0,1.4860917717046616,0.07458678264775603,120.3556723436708,5.0352467270896275,0.25,151.505126313785
CUST0335,149,4,408.6551550729056,1,2,2,122,5,Lost Customers,1,Cluster 1,-0.9777427896593148,0.4943983617328613,102.1637887682264,5.0352467270896275,0.25,128.604970755572
CUST0336,84,7,566.9884943680482,2,4,3,243,9,At Risk,0,Cluster 0,0.5979909578333609,0.29317073245425046,80.99835633829261,5.0352467270896275,0.25,101.96167716300681
CUST0337,122,4,727.9801545222244,2,2,4,224,8,About to Sleep,1,Cluster 1,-0.11122437813439948,0.5745022870201347,181.9950386305561,5.0352467270896275,0.25,229.0974806527645
CUST0338,16,9,1066.4371540546108,5,5,5,555,15,Champions,0,Cluster 0,2.6682191124435573,0.3584216460655607,118.49301711717898,5.0352467270896275,0.25,149.16039415556267
CUST0339,138,5,550.8431312160739,1,3,3,133,7,Others,1,Cluster 1,-0.31353173323586986,0.6619998017138634,110.16862624321477,5.0352467270896275,0.25,138.6815536797769
CUST0340,35,6,832.0302436386178,4,4,5,445,13,Champions,0,Cluster 0,1.1842402042643385,-0.07000699742865336,138.67170727310295,5.0352467270896275,0.25,174.56156504670562
CUST0341,87,5,683.4869219291229,2,3,4,234,9,Others,0,Cluster 0,0.2726682477941724,0.23198395687224624,136.6973843858246,5.0352467270896275,0.25,172.07626433260901
CUST0342,117,6,579.9362747510212,2,4,3,243,9,At Risk,0,Cluster 0,0.15504003700288707,0.5734254417275144,96.65604579183686,5.0352467270896275,0.25,121.67175955669293
CUST0343,1,6,260.88657840009967,5,4,1,541,10,Loyal Customers,1,Cluster 1,0.10239169236549008,-1.1715708163036838,43.48109640001661,5.0352467270896275,0.25,54.73451208461306
CUST0344,19,4,450.7222397107068,5,2,3,523,10,Potential Loyalists,1,Cluster 1,-0.14449524179753181,-0.967476448950583,112.6805599276767,5.0352467270896275,0.25,141.8436051456152
CUST0345,49,6,832.2772083032363,3,4,5,345,12,Loyal Customers,0,Cluster 0,1.1051722010892913,0.09332787318380571,138.71286805053938,5.0352467270896275,0.25,174.61337871417345
CUST0346,353,3,240.15857161604495,1,1,1,111,3,Lost Customers,1,Cluster 1,-2.7983042988733082,2.541774838961537,80.05285720534832,5.0352467270896275,0.25,100.77147180935086
CUST0347,52,3,426.17414875829115,3,1,2,312,6,Others,1,Cluster 1,-0.6711643415870052,-0.7335469974168338,142.05804958609704,5.0352467270896275,0.25,178.82433230878277
CUST0348,62,6,641.371238984838,3,4,4,344,11,Loyal Customers,0,Cluster 0,0.6049982953143701,0.008852855399796213,106.895206497473,5.0352467270896275,0.25,134.5609346644927
CUST0349,123,4,637.9415419688567,2,2,4,224,8,About to Sleep,1,Cluster 1,-0.3179434433589981,0.4749067037326694,159.48538549221416,5.0352467270896275,0.25,200.76206632957474
CUST0350,100,5,289.82222430982097,2,3,1,231,6,Others,1,Cluster 1,-0.680211273208674,-0.1029946500525398,57.964444861964196,5.0352467270896275,0.25,72.9663203196931
CUST0351,112,3,449.70136137248556,2,1,3,213,6,About to Sleep,1,Cluster 1,-0.9598604517096897,-0.00578074988632555,149.90045379082852,5.0352467270896275,0.25,188.6964423348798
CUST0352,4,2,367.123383018831,5,1,2,512,8,New Customers,1,Cluster 1,-0.8142134682903405,-1.4854883434956916,183.5616915094155,5.0352467270896275,0.25,231.06960159795509
CUST0353,244,4,435.5916992560409,1,2,2,122,5,Lost Customers,1,Cluster 1,-1.45787530273533,1.6339511364747898,108.89792481401022,5.0352467270896275,0.25,137.08197987664934
CUST0354,185,3,468.5518474051947,1,1,3,113,5,About to Sleep,1,Cluster 1,-1.33293074044818,0.8675922825006649,156.1839491350649,5.0352467270896275,0.25,196.60617967656708
CUST0355,103,1,44.038289149114135,2,1,1,211,4,Others,1,Cluster 1,-2.3827839081640056,-0.8518254335354117,44.038289149114135,5.0352467270896275,0.25,55.4359128261759
CUST0356,200,5,464.34814356387386,1,3,3,133,7,Others,1,Cluster 1,-0.8592519768078853,1.2771262006171848,92.86962871277477,5.0352467270896275,0.25,116.90537350550701
CUST0357,10,3,345.66562959155914,5,1,2,512,8,New Customers,1,Cluster 1,-0.6120599489403381,-1.3221026140395011,115.22187653051971,5.0352467270896275,0.25,145.04264417235612
CUST0358,71,3,566.0746187295081,3,1,3,313,7,Others,1,Cluster 1,-0.4668591944726011,-0.3394486293308561,188.6915395765027,5.0352467270896275,0.25,237.52711427052202
CUST0359,73,2,148.15131037793475,3,1,1,311,5,Others,1,Cluster 1,-1.6955290564641332,-0.9525193582303476,74.07565518896737,5.0352467270896275,0.25,93.24730008681694
CUST0360,109,6,1056.49852661981,2,4,5,245,11,At Risk,0,Cluster 0,1.2645719601603624,1.0690469177117115,176.08308776996833,5.0352467270896275,0.25,221.65544784739217
CUST0361,170,4,579.6709183725304,1,2,3,123,6,About to Sleep,1,Cluster 1,-0.7153397765371284,0.9502288996201864,144.9177295931326,5.0352467270896275,0.25,182.42413090777015
CUST0362,189,4,494.79495528218064,1,2,3,123,6,About to Sleep,1,Cluster 1,-1.0128998476088538,1.066621327705292,123.69873882054516,5.0352467270896275,0.25,155.71341744781617
CUST0363,29,10,1241.987651977116,4,5,5,455,14,Champions,0,Cluster 0,3.2704292768527554,0.8467212629009818,124.1987651977116,5.0352467270896275,0.25,156.3428564925876
CUST0364,8,6,1083.799102398773,5,4,5,545,14,Champions,0,Cluster 0,1.8999239538765718,-0.07336707812005291,180.63318373312882,5.0352467270896275,0.25,227.38316179900406
CUST0365,140,6,905.8873050740089,1,4,5,145,10,At Risk,0,Cluster 0,0.7519975591528955,1.2439647836544505,150.9812175123348,5.0352467270896275,0.25,190.05692033274775
CUST0366,19,7,555.0812605908532,5,4,3,543,12,Loyal Customers,0,Cluster 0,0.9410668532900024,-0.47846421873570083,79.29732294155045,5.0352467270896275,0.25,99.82039645210278
CUST0367,57,5,549.0904929630117,3,3,3,333,9,Need Attention,0,Cluster 0,0.1432102482693132,-0.28340910424553195,109.81809859260234,5.0352467270896275,0.25,138.24030537840173
CUST0368,18,4,606.8373024668178,5,2,4,524,11,Potential Loyalists,0,Cluster 0,0.20975473512581097,-0.7862449821074445,151.70932561670446,5.0352467270896275,0.25,190.97347132012143
CUST0369,164,3,279.2361136080205,1,1,1,111,3,Lost Customers,1,Cluster 1,-1.6361926575108732,0.38915256606294335,93.07870453600684,5.0352467270896275,0.25,117.16856059416773
CUST0370,114,4,307.59585847497505,2,2,2,222,6,Others,1,Cluster 1,-1.0043324508161775,-0.03803237608403758,76.89896461874376,5.0352467270896275,0.25,96.80131497827765
CUST0371,101,4,271.0094980349767,2,2,1,221,5,Others,1,Cluster 1,-1.0120876288638345,-0.2346187241116298,67.75237450874417,5.0352467270896275,0.25,85.2874804994262
CUST0372,38,3,230.28493463684399,4,1,1,411,6,New Customers,1,Cluster 1,-1.0289127736259784,-1.1385932167204271,76.76164487894799,5.0352467270896275,0.25,96.62845528568478
CUST0373,197,3,224.2039655382377,1,1,1,111,3,Lost Customers,1,Cluster 1,-1.9467389385767662,0.7054460698435493,74.73465517941257,5.0352467270896275,0.25,94.07685697307726
CUST0374,56,4,491.36421677540875,3,2,3,323,8,Others,1,Cluster 1,-0.26417537942437075,-0.486399908747529,122.84105419385219,5.0352467270896275,0.25,154.63375402045844
CUST0375,96,7,765.7768071036214,2,4,4,244,10,At Risk,0,Cluster 0,0.9735864972819057,0.6785087546626218,109.39668672908877,5.0352467270896275,0.25,137.70982720177338
CUST0376,46,7,981.5705454259631,3,4,5,345,12,Loyal Customers,0,Cluster 0,1.739750809338096,0.3628676758369997,140.22436363228044,5.0352467270896275,0.25,176.51606700941647
CUST0377,68,3,212.0365580332355,3,1,1,311,5,Others,1,Cluster 1,-1.2402695010224414,-0.8117891844417119,70.67885267774517,5.0352467270896275,0.25,88.97136540501658
CUST0378,5,6,651.7536220156527,5,4,4,544,13,Champions,0,Cluster 0,0.9523440950829972,-0.6420839459791629,108.62560366927545,5.0352467270896275,0.25,136.73917883846357
CUST0379,39,4,567.2708564152147,4,2,3,423,9,Potential Loyalists,1,Cluster 1,0.001984407552515232,-0.5905837582305675,141.81771410380367,5.0352467270896275,0.25,178.52179519612747
CUST0380,132,3,417.1307402292052,2,1,2,212,5,Others,1,Cluster 1,-1.146323886378292,0.18687866711058965,139.04358007640172,5.0352467270896275,0.25,175.02968287563158
CUST0381,48,8,985.0159393133877,3,5,5,355,13,Loyal Customers,0,Cluster 0,2.0202547500008388,0.51044072280046,123.12699241417346,5.0352467270896275,0.25,154.99369639246407
CUST0382,230,2,379.0781224911283,1,1,2,112,4,Lost Customers,1,Cluster 1,-2.0728064967990303,1.161047443708965,189.53906124556414,5.0352467270896275,0.25,238.59398444809182
CUST0383,38,9,896.9543104671416,4,5,5,455,14,Champions,0,Cluster 0,2.1646933692221317,0.4052192312237157,99.66159005190462,5.0352467270896275,0.25,125.45517378135024
CUST0384,43,9,921.3758154999283,3,5,5,355,13,Loyal Customers,0,Cluster 0,2.190784507461856,0.493616331480429,102.37509061110315,5.0352467270896275,0.25,128.8709599837653
CUST0385,107,3,284.7009132559722,2,1,1,211,4,Others,1,Cluster 1,-1.299826496593945,-0.26785979269216026,94.9003044186574,5.0352467270896275,0.25,119.4616118059635
CUST0386,35,7,814.2763854574838,4,4,5,445,13,Champions,0,Cluster 0,1.4287861275797407,0.0280849130008112,116.32519792249768,5.0352467270896275,0.25,146.4315180293274
CUST0387,37,10,1092.4092900902087,4,5,5,455,14,Champions,0,Cluster 0,2.890964287554661,0.7550806104210378,109.24092900902087,5.0352467270896275,0.25,137.51375756422567
CUST0388,90,4,567.590001378233,2,2,3,223,7,About to Sleep,1,Cluster 1,-0.28734515955179096,0.0037046330442608065,141.89750034455824,5.0352467270896275,0.25,178.62223104803405
CUST0389,330,2,56.78924104466264,1,1,1,111,3,Lost Customers,1,Cluster 1,-3.361100803881535,1.927365417646084,28.39462052233132,5.0352467270896275,0.25,35.74348001300519
CUST0390,66,8,705.604188688296,3,5,4,354,12,Loyal Customers,0,Cluster 0,1.2940357757201266,0.3748438273380379,88.200523586037,5.0352467270896275,0.25,111.02784942854606
CUST0391,23,7,511.7113954687472,4,4,3,443,11,Loyal Customers,0,Cluster 0,0.8214852262170972,-0.48546672713103367,73.10162792410674,5.0352467270896275,0.25,92.02118318744554
CUST0392,7,4,466.3125813576752,5,2,3,523,10,Potential Loyalists,1,Cluster 1,-0.04144100159291279,-1.087954739555689,116.5781453394188,5.0352467270896275,0.25,146.74993119262186
CUST0393,126,5,353.374916273742,2,3,2,232,7,Others,1,Cluster 1,-0.6861798499586053,0.27829272894966584,70.6749832547484,5.0352467270896275,0.25,88.96649453014652
CUST0395,145,5,319.8822964543545,1,3,2,132,6,Others,1,Cluster 1,-0.869014758651982,0.45816805623862866,63.9764592908709,5.0352467270896275,0.25,80.53431431378512
CUST0396,81,6,702.1054438803762,2,4,4,244,10,At Risk,0,Cluster 0,0.6325465006353963,0.3051431848059455,117.0175739800627,5.0352467270896275,0.25,147.3030890987698
CUST0397,201,7,688.9026169543887,1,4,4,144,9,At Risk,0,Cluster 0,0.2048015757688003,1.8062556573691266,98.41465956491267,5.0352467270896275,0.25,123.8855231179666
CUST0398,13,8,870.1505679859159,5,5,5,555,15,Champions,0,Cluster 0,1.962839843456541,-0.039047092167580254,108.76882099823949,5.0352467270896275,0.25,136.91946248519574
CUST0399,215,6,489.5911011303859,1,4,3,143,8,At Risk,1,Cluster 1,-0.6040122570266069,1.6030143887471264,81.59851685506432,5.0352467270896275,0.25,102.7171662324576
CUST0400,93,3,149.09868319872692,2,1,1,211,4,Others,1,Cluster 1,-1.5229703350860617,-0.5984228762357824,49.6995610662423,5.0352467270896275,0.25,62.56238804914691
CUST0401,146,9,820.6955131435744,1,5,5,155,11,At Risk,0,Cluster 0,1.3802211522241195,1.5686613839180956,91.18839034928605,5.0352467270896275,0.25,114.78901101370349
CUST0402,2,5,696.8711395927824,5,3,4,534,12,Potential Loyalists,0,Cluster 0,0.7859551530492291,-0.741303652452513,139.37422791855647,5.0352467270896275,0.25,175.44590624188882
CUST0403,168,3,205.0266524104333,1,1,1,111,3,Lost Customers,1,Cluster 1,-1.8246307941492372,0.34404846978876497,68.34221747014443,5.0352467270896275,0.25,86.02998170964808
CUST0404,171,5,649.4124646961793,1,3,4,134,8,Others,1,Cluster 1,-0.28112728765404055,1.1680642847663705,129.88249293923587,5.0352467270896275,0.25,163.49759936963227
CUST0405,9,9,1232.757709279476,5,5,5,555,15,Champions,0,Cluster 0,3.079377808340257,0.4823918627043429,136.97307880883068,5.0352467270896275,0.25,172.42331169288857
CUST0406,124,7,528.0758696126401,2,4,3,243,9,At Risk,0,Cluster 0,0.283625525212197,0.710894399940643,75.43940994466287,5.0352467270896275,0.25,94.96401050435911
CUST0407,105,6,939.6151051353387,2,4,5,245,11,At Risk,0,Cluster 0,1.026351171951477,0.8780602998042915,156.60251752255644,5.0352467270896275,0.25,197.1330784523621
CUST0408,15,4,295.85703759515394,5,2,2,522,9,New Customers,1,Cluster 1,-0.46751911351426156,-1.2053886539820426,73.96425939878849,5.0352467270896275,0.25,93.10707376483948
CUST0409,198,1,29.57847713464825,1,1,1,111,3,Lost Customers,1,Cluster 1,-2.9553433320698117,0.23658312713618776,29.57847713464825,5.0352467270896275,0.25,37.23373254613325
CUST0410,5,4,202.3664536259926,5,2,1,521,8,New Customers,1,Cluster 1,-0.6193873940529888,-1.4373438707584962,50.59161340649815,5.0352467270896275,0.25,63.68531395581338
CUST0411,74,1,166.76024922622005,3,1,1,311,5,Others,1,Cluster 1,-1.9438529156404318,-1.0379098545612504,166.76024922622005,5.0352467270896275,0.25,209.91974978124378
CUST0412,154,4,546.9706414746456,1,2,3,123,6,About to Sleep,1,Cluster 1,-0.6973570751098018,0.7235087686547967,136.7426603686614,5.0352467270896275,0.25,172.13325826870772
CUST0413,22,4,392.385863367541,4,2,2,422,8,New Customers,1,Cluster 1,-0.29180595568711754,-1.004614708458166,98.09646584188525,5.0352467270896275,0.25,123.48497714235303
CUST0414,157,7,802.6937581879082,1,4,5,145,10,At Risk,0,Cluster 0,0.7090989652200865,1.4344626880522264,114.67053688398688,5.0352467270896275,0.25,144.34861138467633
CUST0415,37,3,189.77197644983897,4,1,1,411,6,New Customers,1,Cluster 1,-1.1136801940696228,-1.2002909958074568,63.25732548327966,5.0352467270896275,0.25,79.6290602760318
CUST0416,63,5,607.2209786055496,3,3,4,334,10,Need Attention,0,Cluster 0,0.2388773580768703,-0.14172037746458305,121.44419572110992,5.0352467270896275,0.25,152.8753722571877
CUST0417,119,1,83.35499718357653,2,1,1,211,4,Others,1,Cluster 1,-2.385993901390813,-0.6169308591766124,83.35499718357653,5.0352467270896275,0.25,104.9282441887922
CUST0418,350,2,243.2320809628029,1,1,1,111,3,Lost Customers,1,Cluster 1,-3.0585661842426237,2.390610759726379,121.61604048140146,5.0352467270896275,0.25,153.0916924488941
CUST0419,54,7,1143.587985317887,3,4,5,345,12,Loyal Customers,0,Cluster 0,2.055995298634594,0.656196229668887,163.36971218826957,5.0352467270896275,0.25,205.6517021503897
CUST0420,59,9,854.3399915561927,3,5,5,355,13,Loyal Customers,0,Cluster 0,1.9501179626789238,0.5971148806323121,94.92666572846585,5.0352467270896275,0.25,119.49479573069719
CUST0421,68,6,550.5157789143947,3,4,3,343,10,Loyal Customers,0,Cluster 0,0.3680199265301735,-0.03352701227822078,91.75262981906577,5.0352467270896275,0.25,115.49928224957928
CUST0422,9,8,785.9183319607364,5,5,5,555,15,Champions,0,Cluster 0,1.7975203558483062,-0.18969394657483007,98.23979149509205,5.0352467270896275,0.25,123.66539714890742
CUST0423,88,3,404.05194601124424,2,1,2,212,5,Others,1,Cluster 1,-0.925292882861592,-0.3416590916956661,134.68398200374807,5.0352467270896275,0.25,169.5417698939427
CUST0424,117,2,87.17423410255714,2,1,1,211,4,Others,1,Cluster 1,-2.0819068674591925,-0.5154758670740391,43.58711705127857,5.0352467270896275,0.25,54.86797211893072
CUST0425,28,8,1055.7803111064175,4,5,5,455,14,Champions,0,Cluster 0,2.2919945401222965,0.36496877684701673,131.97253888830218,5.0352467270896275,0.25,166.12857362575804
CUST0426,31,2,195.11385415669054,4,1,1,411,6,New Customers,1,Cluster 1,-1.3518161221380425,-1.3835875066339107,97.55692707834527,5.0352467270896275,0.25,122.80579944403986
CUST0427,19,6,640.3141827730093,5,4,4,544,13,Champions,0,Cluster 0,0.8471835004078314,-0.4931873496025403,106.71903046216822,5.0352467270896275,0.25,134.33916221320268
CUST0428,174,4,386.5310912854645,1,2,2,122,5,Lost Customers,1,Cluster 1,-1.1693173792712597,0.7581891633230211,96.63277282136613,5.0352467270896275,0.25,121.64246326959483
CUST0429,19,9,723.1128609691406,5,5,4,554,14,Champions,0,Cluster 0,1.8846071588367626,-0.030812410273777766,80.34587344101561,5.0352467270896275,0.25,101.14032406975782
CUST0430,135,2,285.4008347817629,1,1,1,111,3,Lost Customers,1,Cluster 1,-1.741688083446368,-0.06096193319922499,142.70041739088146,5.0352467270896275,0.25,179.6329524054399
CUST0431,95,4,346.99944419087694,2,2,2,222,6,Others,1,Cluster 1,-0.8082999477445129,-0.21060484551443212,86.74986104771924,5.0352467270896275,0.25,109.20173847900206
CUST0432,103,5,948.4438444717582,2,3,5,235,10,Others,0,Cluster 0,0.7732520640130922,0.7456516526766891,189.68876889435165,5.0352467270896275,0.25,238.78243818523623
CUST0433,63,2,211.82734365931015,3,1,1,311,5,Others,1,Cluster 1,-1.4964866228159681,-0.9902989553217834,105.91367182965507,5.0352467270896275,0.25,133.3253673585789
CUST0434,24,4,659.8452317802969,4,2,4,424,10,Potential Loyalists,0,Cluster 0,0.29398455671441276,-0.6508850519053568,164.96130794507422,5.0352467270896275,0.25,207.6552214817148
CUST0435,2,9,925.0071181335659,5,5,5,555,15,Champions,0,Cluster 0,2.4320633535221257,0.020658446907034167,102.77856868150732,5.0352467270896275,0.25,129.37886289212906
CUST0436,1,4,314.55235655363117,5,2,2,522,9,New Customers,1,Cluster 1,-0.3461580942344315,-1.3453207834455927,78.63808913840779,5.0352467270896275,0.25,98.99054523968755
CUST0437,208,1,50.125736060524936,1,1,1,111,3,Lost Customers,1,Cluster 1,-2.9663378447494595,0.3784185997204814,50.125736060524936,5.0352467270896275,0.25,63.098862110429174
CUST0438,24,4,327.6863276843666,4,2,2,422,8,New Customers,1,Cluster 1,-0.4476367894651956,-1.0612594823348787,81.92158192109164,5.0352467270896275,0.25,103.12384431154537
CUST0439,55,3,381.9386955727009,3,1,2,312,6,Others,1,Cluster 1,-0.786991492984236,-0.7532639015491316,127.31289852423363,5.0352467270896275,0.25,160.26296390261032
CUST0440,75,3,272.91009377738715,3,1,1,311,5,Others,1,Cluster 1,-1.1441649999649723,-0.6550665022038878,90.97003125912904,5.0352467270896275,0.25,114.51413804019266
CUST0441,89,4,541.3628880917452,2,2,3,223,7,About to Sleep,1,Cluster 1,-0.34021613707071124,-0.04034332424975991,135.3407220229363,5.0352467270896275,0.25,170.36848190198427
CUST0442,14,8,966.4263739165292,5,5,5,555,15,Champions,0,Cluster 0,2.1721106798871297,0.09154435979627917,120.80329673956615,5.0352467270896275,0.25,152.06860113238437
CUST0443,10,6,825.401322984579,5,4,5,545,14,Champions,0,Cluster 0,1.3116171259371663,-0.3693214278236379,137.5668871640965,5.0352467270896275,0.25,173.17080458723126
CUST0444,20,5,645.0361250071294,4,3,4,434,11,Potential Loyalists,0,Cluster 0,0.5678537190768328,-0.5957349001494846,129.00722500142587,5.0352467270896275,0.25,162.3958018648362
CUST0445,161,7,642.5276952268764,1,4,4,144,9,At Risk,0,Cluster 0,0.3287428943437788,1.2831612535301373,91.78967074669663,5.0352467270896275,0.25,115.54590980198468
CUST0446,111,4,342.68386546115,2,2,2,222,6,Others,1,Cluster 1,-0.908929082376024,-0.02961692429180897,85.6709663652875,5.0352467270896275,0.25,107.84361324935486
CUST0447,19,8,803.6790747325581,5,5,5,555,15,Champions,0,Cluster 0,1.780304303309758,-0.05130114846200772,100.45988434156976,5.0352467270896275,0.25,126.46007595867292
CUST0448,33,3,550.6705260458292,4,1,3,413,8,New Customers,1,Cluster 1,-0.2851425597172869,-0.8009893455581026,183.5568420152764,5.0352467270896275,0.25,231.0634969980821
CUST0449,153,5,337.89976214426224,1,3,2,132,6,Others,1,Cluster 1,-0.8742834168298778,0.5735880648943453,67.57995242885245,5.0352467270896275,0.25,85.070433571063
CUST0450,16,6,578.5698259286826,5,4,3,543,12,Loyal Customers,0,Cluster 0,0.7263862879447252,-0.604405981569842,96.4283043214471,5.0352467270896275,0.25,121.38507593334228
CUST0451,61,2,65.68744031621809,3,1,1,311,5,Others,1,Cluster 1,-1.8114034542976907,-1.1941412966045528,32.84372015810904,5.0352467270896275,0.25,41.34405860789155
CUST0452,25,4,477.8627540453093,4,2,3,423,9,Potential Loyalists,1,Cluster 1,-0.11802038893703169,-0.8640750950736834,119.46568851132733,5.0352467270896275,0.25,150.38480426904246
CUST0453,100,7,1034.574478290632,2,4,5,245,11,At Risk,0,Cluster 0,1.5509908779791752,1.0571818170008764,147.79635404151887,5.0352467270896275,0.25,186.04777699083442
CUST0454,98,5,325.4224617923868,2,3,2,232,7,Others,1,Cluster 1,-0.5893513326937329,-0.0823013673980065,65.08449235847736,5.0352467270896275,0.25,81.92911928307825
CUST0455,2,8,1254.9564630220073,5,5,5,555,15,Champions,0,Cluster 0,2.8845658436859636,0.30827663926372695,156.8695578777509,5.0352467270896275,0.25,197.46923197098553
CUST0456,188,6,741.3852127773408,1,4,4,144,9,At Risk,0,Cluster 0,0.1117278754784904,1.5996855073970941,123.5642021295568,5.0352467270896275,0.25,155.544061089573
CUST0457,69,9,1270.7925837552566,3,5,5,355,13,Loyal Customers,0,Cluster 0,2.823073398656832,1.228081981610562,141.1991759728063,5.0352467270896275,0.25,177.74317217120634
CUST0458,136,2,150.81876430248758,1,1,1,111,3,Lost Customers,1,Cluster 1,-2.047860689801888,-0.21558989993418157,75.40938215124379,5.0352467270896275,0.25,94.92621116722532
CUST0459,13,7,657.0651546692068,5,4,4,544,13,Champions,0,Cluster 0,1.2028920171112931,-0.42233543536927654,93.86645066702954,5.0352467270896275,0.25,118.16018462617012
CUST0460,6,9,1056.6359085537,5,5,5,555,15,Champions,0,Cluster 0,2.7032065780262093,0.2298626176297722,117.40398983929998,5.0352467270896275,0.25,147.78951389639977
CUST0461,23,5,634.8627182166865,4,3,4,434,11,Potential Loyalists,0,Cluster 0,0.5280779406510936,-0.573368955632223,126.9725436433373,5.0352467270896275,0.25,159.83452120258977
CUST0462,139,2,188.40089054496644,1,1,1,111,3,Lost Customers,1,Cluster 1,-1.9810112287453472,-0.13422312952732235,94.20044527248322,5.0352467270896275,0.25,118.58062093716418
CUST0463,102,3,326.4194040563085,2,1,2,212,5,Others,1,Cluster 1,-1.1782448428620649,-0.274542500277377,108.80646801876951,5.0352467270896275,0.25,136.96685299442285
CUST0464,14,5,485.5360860352602,5,3,3,533,11,Potential Loyalists,0,Cluster 0,0.24585570657574973,-0.8626633004645354,97.10721720705205,5.0352467270896275,0.25,122.2396994046476
CUST0465,93,6,433.2957418571227,2,4,2,242,8,At Risk,1,Cluster 1,-0.03587835166265543,0.11277497481525728,72.21595697618712,5.0352467270896275,0.25,90.90629025199789
CUST0466,335,1,112.22456837736014,1,1,1,111,3,Lost Customers,1,Cluster 1,-3.5499496614363886,1.9340529779461935,112.22456837736014,5.0352467270896275,0.25,141.26959765528719
CUST0467,42,5,570.9244171990224,4,3,3,433,10,Potential Loyalists,0,Cluster 0,0.27726602818876167,-0.4311085437548704,114.18488343980448,5.0352467270896275,0.25,143.73726515584653
CUST0468,58,4,340.70617644554113,3,2,2,322,7,Others,1,Cluster 1,-0.6119283960660327,-0.6492443718391735,85.17654411138528,5.0352467270896275,0.25,107.2212287404145
CUST0469,6,2,145.69784676346606,5,1,1,511,7,New Customers,1,Cluster 1,-1.3199712379187527,-1.7357643656250012,72.84892338173303,5.0352467270896275,0.25,91.70307575746857
CUST0470,30,3,235.37182087677223,4,1,1,411,6,New Customers,1,Cluster 1,-0.9720583221138666,-1.2254683477686739,78.45727362559074,5.0352467270896275,0.25,98.76293255990778
CUST0471,27,12,1138.7214930001483,4,5,5,455,14,Champions,0,Cluster 0,3.6196089771212407,0.935901174041084,94.89345775001236,5.0352467270896275,0.25,119.4529931394919
CUST0472,9,4,457.7325846934837,5,2,3,523,10,Potential Loyalists,1,Cluster 1,-0.07197202386204761,-1.0752651569635738,114.43314617337093,5.0352467270896275,0.25,144.04978118500873
CUST0473,263,2,142.19081836332916,1,1,1,111,3,Lost Customers,1,Cluster 1,-2.789386347889281,1.252663224966658,71.09540918166458,5.0352467270896275,0.25,89.4957315982686
CUST0474,29,4,466.44768328614737,4,2,3,423,9,Potential Loyalists,1,Cluster 1,-0.16625556911325862,-0.8315982146148237,116.61192082153684,5.0352467270896275,0.25,146.79244816406955
CUST0475,183,3,269.7094460930507,1,1,1,111,3,Lost Customers,1,Cluster 1,-1.7655180513566657,0.5986372577415059,89.90314869768356,5.0352467270896275,0.25,113.17113380876582
CUST0476,79,8,617.7751609655563,2,5,4,254,11,At Risk,0,Cluster 0,1.0240049106513236,0.4177179207057164,77.22189512069454,5.0352467270896275,0.25,97.20782366653391
CUST0477,3,6,497.68448906314256,5,4,3,543,12,Loyal Customers,0,Cluster 0,0.619723430090897,-0.8557226619626694,82.94741484385709,5.0352467270896275,0.25,104.41517477826925
CUST0478,5,6,693.8994964387842,5,4,4,544,13,Champions,0,Cluster 0,1.0464444781832873,-0.5900137199576089,115.64991607313071,5.0352467270896275,0.25,145.58146534885537
CUST0479,48,2,314.6648113935249,3,1,2,312,6,Others,1,Cluster 1,-1.1815717533653636,-1.0379204423332775,157.33240569676244,5.0352467270896275,0.25,198.05187021244012
CUST0480,10,6,518.9415952316549,5,4,3,543,12,Loyal Customers,0,Cluster 0,0.6273751169367984,-0.7479451367634744,86.49026587194248,5.0352467270896275,0.25,108.87495703920253
CUST0481,49,6,559.9727952547477,3,4,3,343,10,Loyal Customers,0,Cluster 0,0.4971898080677142,-0.24309775632737965,93.32879920912461,5.0352467270896275,0.25,117.48338269023743
CUST0482,234,3,303.5159623554461,1,1,2,112,4,Lost Customers,1,Cluster 1,-1.9800793401555743,1.2342985002453801,101.17198745181537,5.0352467270896275,0.25,127.35647967247655
CUST0483,95,6,808.4781565497082,2,4,5,245,11,At Risk,0,Cluster 0,0.7904287015013727,0.5995938944168475,134.74635942495135,5.0352467270896275,0.25,169.62029132043222
CUST0484,196,2,113.18251268266908,1,1,1,111,3,Lost Customers,1,Cluster 1,-2.47311833755879,0.4366103414209199,56.59125634133454,5.0352467270896275,0.25,71.23773456864872
CUST0485,24,11,1296.6877857952227,4,5,5,455,14,Champions,0,Cluster 0,3.705180947650218,0.976103446878451,117.8807077995657,5.0352467270896275,0.25,148.38961203369297
CUST0486,124,3,300.81767408338453,2,1,2,212,5,Others,1,Cluster 1,-1.360522822278782,-0.049983219373496486,100.27255802779484,5.0352467270896275,0.25,126.22426740658969
CUST0487,14,1,25.690972535897583,5,1,1,511,7,New Customers,1,Cluster 1,-1.9175965676855922,-1.91089652822497,25.690972535897583,5.0352467270896275,0.25,32.34009634428195
CUST0488,125,6,713.2136699681835,2,4,4,244,10,At Risk,0,Cluster 0,0.40711574937325806,0.8312463535287729,118.86894499469724,5.0352467270896275,0.25,149.63361655928657
CUST0489,178,6,277.49576273858776,1,4,1,141,6,At Risk,1,Cluster 1,-0.8671412841292399,0.9101112961554194,46.24929378976463,5.0352467270896275,0.25,58.21915129627975
CUST0490,86,8,881.7588777489672,2,5,5,255,12,At Risk,0,Cluster 0,1.5735997262168626,0.8253784035883502,110.2198597186209,5.0352467270896275,0.25,138.74604697711592
CUST0491,50,5,478.3583535933416,3,3,3,333,9,Need Attention,1,Cluster 1,0.02509414131463608,-0.45231185691881276,95.67167071866831,5.0352467270896275,0.25,120.43261671534279
CUST0492,26,4,526.192551498692,4,2,3,423,9,Potential Loyalists,1,Cluster 1,-0.015800072340026162,-0.7927197968831696,131.548137874673,5.0352467270896275,0.25,165.59433267204557
CUST0493,44,7,517.2769362200072,3,4,3,343,10,Loyal Customers,0,Cluster 0,0.7144824662018672,-0.23404600636880873,73.89670517428674,5.0352467270896275,0.25,93.02203571788361
CUST0494,30,8,965.4567180494803,4,5,5,455,14,Champions,0,Cluster 0,2.078952089585557,0.2766660891815039,120.68208975618504,5.0352467270896275,0.25,151.91602436579183
CUST0495,57,6,544.7454638602148,3,4,3,343,10,Loyal Customers,0,Cluster 0,0.41769447445464736,-0.16875090422426348,90.79091064336914,5.0352467270896275,0.25,114.28865891662782
CUST0496,17,3,192.9085813726329,5,1,1,511,7,New Customers,1,Cluster 1,-0.9929349878264284,-1.4293154401836978,64.3028604575443,5.0352467270896275,0.25,80.94519191533774
CUST0497,267,5,406.7592269191198,1,3,2,132,6,Others,1,Cluster 1,-1.3688682545021207,1.9861902744385658,81.35184538382396,5.0352467270896275,0.25,102.40665330290025
CUST0498,20,3,405.4438458100496,4,1,2,412,7,New Customers,1,Cluster 1,-0.5354623031666326,-1.1317982262593902,135.14794860334987,5.0352467270896275,0.25,170.12581646947368
CUST0499,30,8,763.8252381930416,4,5,4,454,13,Champions,0,Cluster 0,1.6287633164430138,0.02755518869861233,95.4781547741302,5.0352467270896275,0.25,120.189016583749
CUST0500,71,7,1135.7385299565155,3,4,5,345,12,Loyal Customers,0,Cluster 0,1.9417888689194767,0.8444631125750894,162.24836142235935,5.0352467270896275,0.25,204.24013270689747
CUST0501,24,4,249.6012549113574,4,2,1,421,7,New Customers,1,Cluster 1,-0.6219797201298723,-1.1577317336252335,62.40031372783935,5.0352467270896275,0.25,78.55024386686726
CUST0502,35,4,457.0814145972769,4,2,3,423,9,Potential Loyalists,1,Cluster 1,-0.22129052748074732,-0.7733001233791842,114.27035364931922,5.0352467270896275,0.25,143.84485605402722
CUST0503,34,7,788.731872429878,4,4,5,445,13,Champions,0,Cluster 0,1.3774392125401098,-0.015119707899105718,112.67598177569685,5.0352467270896275,0.25,141.83784211442202
CUST0504,163,5,438.4585012382953,1,3,2,132,6,Others,1,Cluster 1,-0.7066338501233719,0.8142758193140439,87.69170024765906,5.0352467270896275,0.25,110.38733666623749
CUST0505,84,6,930.1215327868122,2,4,5,245,11,At Risk,0,Cluster 0,1.1245836956578845,0.6217865893748925,155.0202554644687,5.0352467270896275,0.25,195.141308490016
CUST0506,70,3,530.867623620491,3,1,3,313,7,Others,1,Cluster 1,-0.539779828838398,-0.39459101716039113,176.95587454016368,5.0352467270896275,0.25,222.75412202941047
CUST0507,70,2,106.70222938704924,3,1,1,311,5,Others,1,Cluster 1,-1.7710123856806577,-1.0386636593094412,53.35111469352462,5.0352467270896275,0.25,67.1590064117883
CUST0508,50,7,507.43076784959857,3,4,3,343,10,Loyal Customers,0,Cluster 0,0.658376021134896,-0.17634081978225744,72.49010969279979,5.0352467270896275,0.25,91.25139689425956
CUST0509,162,6,581.1025163252915,1,4,3,143,8,At Risk,1,Cluster 1,-0.09827558783986758,1.0988905071697284,96.85041938754858,5.0352467270896275,0.25,121.91643930960295
CUST0510,113,4,325.6062024902198,2,2,2,222,6,Others,1,Cluster 1,-0.9584331041585743,-0.02742600642794955,81.40155062255495,5.0352467270896275,0.25,102.4692228380601
CUST0511,214,5,618.3884407694959,1,3,4,134,8,Others,1,Cluster 1,-0.594940901758473,1.6304690778406754,123.67768815389918,5.0352467270896275,0.25,155.68691862273312
CUST0512,160,2,145.2724289481026,1,1,1,111,3,Lost Customers,1,Cluster 1,-2.1967345773914304,0.05703730881425141,72.6362144740513,5.0352467270896275,0.25,91.43531529966177
CUST0513,32,5,871.9895773407608,4,3,5,435,12,Potential Loyalists,0,Cluster 0,1.006334427299947,-0.17559951746697405,174.39791546815215,5.0352467270896275,0.25,219.53413326806665
CUST0514,144,3,346.82478178968967,1,1,2,112,4,Lost Customers,1,Cluster 1,-1.3715433579897955,0.2397571137857055,115.60826059656323,5.0352467270896275,0.25,145.52902894834244
CUST0515,22,6,433.48363837319573,4,4,2,442,10,Loyal Customers,0,Cluster 0,0.36832531494365667,-0.7137866239644868,72.24727306219928,5.0352467270896275,0.25,90.9457113068974
CUST0516,8,9,1081.8455716669462,5,5,5,555,15,Champions,0,Cluster 0,2.748118762794683,0.2842985216800308,120.20506351854958,5.0352467270896275,0.25,151.31553816534438
CUST0517,172,5,859.5886593028589,1,3,5,135,9,Others,0,Cluster 0,0.18245243087693316,1.4393769594710855,171.9177318605718,5.0352467270896275,0.25,216.41204916990407
CUST0518,21,6,639.3578642158687,4,4,4,444,12,Champions,0,Cluster 0,0.833674097462676,-0.47107889392775293,106.55964403597812,5.0352467270896275,0.25,134.13852471799865
CUST0519,133,4,438.20344822641596,2,2,2,222,6,Others,1,Cluster 1,-0.8207758016450524,0.3445848593867538,109.55086205660399,5.0352467270896275,0.25,137.90390490509063
CUST0520,6,9,807.8837351868087,5,5,5,555,15,Champions,0,Cluster 0,2.1478099910234483,-0.07746477960315473,89.76485946520097,5.0352467270896275,0.25,112.99705370745339
CUST0521,29,8,733.1029330743479,4,5,4,454,13,Champions,0,Cluster 0,1.5658557866088396,-0.02204647125117153,91.63786663429349,5.0352467270896275,0.25,115.35481701195052
CUST0522,8,4,448.6931417392787,5,2,3,523,10,Potential Loyalists,1,Cluster 1,-0.08646756404559702,-1.0980781561214614,112.17328543481968,5.0352467270896275,0.25,141.2050420881416
CUST0523,10,4,406.6243328725819,5,2,2,522,9,New Customers,1,Cluster 1,-0.19177008176862234,-1.1267632049599559,101.65608321814547,5.0352467270896275,0.25,127.96586507822944
CUST0524,11,5,365.39176996268577,5,3,2,532,10,Others,1,Cluster 1,-0.0053328813573900865,-1.0460336938624986,73.07835399253716,5.0352467270896275,0.25,91.99188569050499
CUST0525,1,6,489.6206073821293,5,4,3,543,12,Loyal Customers,0,Cluster 0,0.6130931560292389,-0.8889753606170866,81.60343456368823,5.0352467270896275,0.25,102.72335670152093
CUST0526,104,6,682.0346557138428,2,4,4,244,10,At Risk,0,Cluster 0,0.4569305235616672,0.5481807950983917,113.67244261897379,5.0352467270896275,0.25,143.09219866436783
CUST0527,83,3,332.0132978594271,2,1,2,212,5,Others,1,Cluster 1,-1.0577002731893934,-0.4888860403929606,110.6710992864757,5.0352467270896275,0.25,139.31407261640948
CUST0528,49,5,636.6413170543269,3,3,4,334,10,Need Attention,0,Cluster 0,0.3841844564595557,-0.26840200028687106,127.32826341086539,5.0352467270896275,0.25,160.28230540139148
CUST0529,9,4,373.74956880857076,5,2,2,522,9,New Customers,1,Cluster 1,-0.2594834725354348,-1.1790241767716685,93.43739220214269,5.0352467270896275,0.25,117.62008081840722
CUST0530,2,5,431.1109187918842,5,3,2,532,10,Others,0,Cluster 0,0.19258417825088464,-1.069644088000478,86.22218375837684,5.0352467270896275,0.25,108.53749214297186
CUST0531,16,3,516.5008383958208,5,1,3,513,9,New Customers,1,Cluster 1,-0.2647535560026265,-1.0411698808391079,172.16694613194025,5.0352467270896275,0.25,216.72576300596708
CUST0532,29,6,652.4220017887206,4,4,4,444,12,Champions,0,Cluster 0,0.8173459920715894,-0.36177860441760623,108.73700029812011,5.0352467270896275,0.25,136.8794062161633
CUST0533,52,4,174.3120123704857,3,2,1,321,6,Others,1,Cluster 1,-0.9493191325817608,-0.9246902998424563,43.57800309262142,5.0352467270896275,0.25,54.85649936130592
CUST0534,91,5,379.270412510531,2,3,2,232,7,Others,1,Cluster 1,-0.42931366150546924,-0.0972883800979878,75.8540825021062,5.0352467270896275,0.25,95.4860051637792
CUST0535,9,4,243.2062677337958,5,2,1,521,8,New Customers,1,Cluster 1,-0.5509514942683217,-1.3403073221708912,60.80156693344895,5.0352467270896275,0.25,76.53772272589244
CUST0536,29,4,348.3739978013931,4,2,2,422,8,New Customers,1,Cluster 1,-0.429882298662864,-0.9774754463614895,87.09349945034828,5.0352467270896275,0.25,109.63431451453711
CUST0537,19,7,801.1423090094289,4,4,5,445,13,Champions,0,Cluster 0,1.4904548832970108,-0.17446164240705006,114.44890128706128,5.0352467270896275,0.25,144.0696139061698
CUST0538,13,6,596.5822225356724,5,4,4,544,13,Champions,0,Cluster 0,0.7836644187347918,-0.6170870405054149,99.43037042261206,5.0352467270896275,0.25,125.16411181094166
CUST0540,54,8,640.627821855606,3,5,4,354,12,Loyal Customers,0,Cluster 0,1.2172062613026267,0.15482728351671698,80.07847773195076,5.0352467270896275,0.25,100.80372322753117
CUST0541,152,4,500.02051006380105,1,2,3,123,6,About to Sleep,1,Cluster 1,-0.790809868504511,0.6422130328045111,125.00512751595026,5.0352467270896275,0.25,157.35791479852753
CUST0542,48,7,877.2400935961352,3,4,5,345,12,Loyal Customers,0,Cluster 0,1.4954348167381915,0.2572598471075229,125.32001337087647,5.0352467270896275,0.25,157.75429679113353
CUST0543,107,3,265.59916674822875,2,1,1,211,4,Others,1,Cluster 1,-1.342475550359377,-0.29145954644454014,88.53305558274292,5.0352467270896275,0.25,111.44644459056259
CUST0544,3,4,375.9964029982874,5,2,2,522,9,New Customers,1,Cluster 1,-0.2203442933633613,-1.2461181600985427,93.99910074957185,5.0352467270896275,0.25,118.32716609966245
CUST0546,8,10,1292.8077033177926,5,5,5,555,15,Champions,0,Cluster 0,3.503325873211687,0.6649636008550064,129.28077033177925,5.0352467270896275,0.25,162.74014392217933
CUST0547,9,5,404.7086328483105,5,3,2,532,10,Others,1,Cluster 1,0.093825282389483,-1.0207486088685052,80.94172656966211,5.0352467270896275,0.25,101.89039094871868
CUST0548,23,4,353.73295974044004,4,2,2,422,8,New Customers,1,Cluster 1,-0.38379457666240174,-1.0407244698308777,88.43323993511001,5.0352467270896275,0.25,111.32079548729861
CUST0549,45,4,419.3914804025193,3,2,2,322,7,Others,1,Cluster 1,-0.3623130027628157,-0.703415318568626,104.84787010062982,5.0352467270896275,0.25,131.98372369162868
CUST0550,35,5,645.9272699414663,4,3,4,434,11,Potential Loyalists,0,Cluster 0,0.4845368962719302,-0.4199591778662859,129.18545398829326,5.0352467270896275,0.25,162.62015859553532
CUST0551,48,4,774.5825318317266,3,2,5,325,10,Others,0,Cluster 0,0.4136716214673499,-0.22965027081438785,193.64563295793164,5.0352467270896275,0.25,243.76338489165616
CUST0552,107,3,432.7815366701949,2,1,2,212,5,Others,1,Cluster 1,-0.9692023587931575,-0.08490970241335286,144.2605122233983,5.0352467270896275,0.25,181.5968180052849
CUST0553,20,6,671.6387111107836,4,4,4,444,12,Champions,0,Cluster 0,0.911435632445733,-0.4428416571807254,111.93978518513059,5.0352467270896275,0.25,140.9111092461362
CUST0554,28,7,909.6122709105908,4,4,5,445,13,Champions,0,Cluster 0,1.6814551797996224,0.06435525747720232,129.9446101300844,5.0352467270896275,0.25,163.5757932151113
CUST0555,197,2,352.67257992939767,1,1,2,112,4,Lost Customers,1,Cluster 1,-1.9440886388497387,0.7441396089672027,176.33628996469884,5.0352467270896275,0.25,221.97418172796932
CUST0556,5,4,457.3323687793082,5,2,3,523,10,Potential Loyalists,1,Cluster 1,-0.050117195680382504,-1.1223395432521492,114.33309219482705,5.0352467270896275,0.25,143.9238320680099
CUST0557,17,8,926.3304891877018,5,5,5,555,15,Champions,0,Cluster 0,2.065526069616,0.07694179409272776,115.79131114846273,5.0352467270896275,0.25,145.7594551214284
CUST0558,11,4,315.06793292367985,5,2,2,522,9,New Customers,1,Cluster 1,-0.4018779573415519,-1.2282339784960488,78.76698323091996,5.0352467270896275,0.25,99.15279862905332
CUST0559,17,11,1328.0015761624263,5,5,5,555,15,Champions,0,Cluster 0,3.814905909685079,0.93327601471299,120.72741601476604,5.0352467270896275,0.25,151.97308158958464
CUST0560,150,7,702.6036865115552,1,4,4,144,9,At Risk,0,Cluster 0,0.5254345047218179,1.2292889078665719,100.37195521593647,5.0352467270896275,0.25,126.34938974815769
CUST0561,14,7,683.5486670707406,5,4,4,544,13,Champions,0,Cluster 0,1.2563354647778293,-0.37797070306334984,97.64980958153437,5.0352467270896275,0.25,122.92272102408657
CUST0562,37,1,117.897502203069,4,1,1,411,6,New Customers,1,Cluster 1,-1.8425275425797027,-1.5291429606362112,117.897502203069,5.0352467270896275,0.25,148.41075302501133
CUST0563,56,7,670.0584111212496,3,4,4,344,11,Loyal Customers,0,Cluster 0,0.9873571314320011,0.09445166130047686,95.72263016017851,5.0352467270896275,0.25,120.49676505561243
CUST0564,131,5,468.8245730603028,2,3,3,233,8,Others,1,Cluster 1,-0.45684737267478714,0.4791529469140969,93.76491461206055,5.0352467270896275,0.25,118.03236985405407
CUST0565,10,4,420.4813544224269,5,2,2,522,9,New Customers,1,Cluster 1,-0.16083108585699116,-1.10964318422336,105.12033860560672,5.0352467270896275,0.25,132.32671022860868
CUST0566,40,6,711.1894218575105,4,4,4,444,12,Champions,0,Cluster 0,0.8859997017367598,-0.16107804899334172,118.53157030958509,5.0352467270896275,0.25,149.2089253645331
CUST0567,15,5,841.8727235958225,5,3,5,535,13,Potential Loyalists,0,Cluster 0,1.035772317253865,-0.4107728727961263,168.3745447191645,5.0352467270896275,0.25,211.9518438055948
CUST0568,130,2,329.3743266100762,2,1,2,212,5,Others,1,Cluster 1,-1.6150716199370518,-0.06485864061686301,164.6871633050381,5.0352467270896275,0.25,207.31012500634202
CUST0569,27,5,422.29679477968773,4,3,2,432,9,Others,1,Cluster 1,0.030727098336754636,-0.7894091722018376,84.45935895593755,5.0352467270896275,0.25,106.31842768874314
CUST0570,105,6,614.7636137407512,2,4,4,244,10,At Risk,0,Cluster 0,0.30104530964971377,0.476714004066474,102.46060229012521,5.0352467270896275,0.25,128.97860308424623
CUST0571,105,5,629.868290283187,2,3,4,234,9,Others,1,Cluster 1,0.05058447744902021,0.3753490926947522,125.97365805663739,5.0352467270896275,0.25,158.57711235729784
CUST0572,45,4,272.49495632496865,3,2,1,321,6,Others,1,Cluster 1,-0.6902933657520767,-0.8849024822636004,68.12373908124216,5.0352467270896275,0.25,85.7549585614831
CUST0573,109,5,347.1039131661633,2,3,2,232,7,Others,1,Cluster 1,-0.6035005998231491,0.07258035525533876,69.42078263323266,5.0352467270896275,0.25,87.3876921364963
CUST0574,20,6,681.2280682088946,4,4,4,444,12,Champions,0,Cluster 0,0.9328460833847335,-0.43099423442975776,113.5380113681491,5.0352467270896275,0.25,142.9229750354344
CUST0575,38,9,1063.822269780309,4,5,5,455,14,Champions,0,Cluster 0,2.537264566604016,0.6113806284214274,118.20247442003432,5.0352467270896275,0.25,148.7946556143433
CUST0576,3,4,406.2654616220303,5,2,2,522,9,New Customers,1,Cluster 1,-0.15276164021959238,-1.2087214576793632,101.56636540550757,5.0352467270896275,0.25,127.85292724761779
CUST0577,205,2,338.3202149963229,1,1,2,112,4,Lost Customers,1,Cluster 1,-2.0216304080783893,0.8195674613350658,169.16010749816144,5.0352467270896275,0.25,212.94071940856173
CUST0578,84,5,635.7386477980225,2,3,4,234,9,Others,0,Cluster 0,0.1831205173561703,0.13805715240334535,127.1477295596045,5.0352467270896275,0.25,160.0550472804689
CUST0579,22,5,536.5704469504162,4,3,3,433,10,Potential Loyalists,0,Cluster 0,0.31430488038030757,-0.706451702585911,107.31408939008324,5.0352467270896275,0.25,135.08822934300508
CUST0580,64,4,477.7318187108664,3,2,3,323,8,Others,1,Cluster 1,-0.34010965660129094,-0.4100825544275617,119.4329546777166,5.0352467270896275,0.25,150.34359853690407
CUST0581,9,6,720.3316292084027,5,4,4,544,13,Champions,0,Cluster 0,1.0827119071017768,-0.5107775191856385,120.05527153473378,5.0352467270896275,0.25,151.12697826628118
CUST0582,30,6,829.0434770882798,4,4,5,445,13,Champions,0,Cluster 0,1.2060070623400478,-0.13192198780460845,138.17391284804663,5.0352467270896275,0.25,173.93493560932356
CUST0583,21,5,624.4810479337875,4,3,4,434,11,Potential Loyalists,0,Cluster 0,0.5162726690750112,-0.6094852270092916,124.89620958675751,5.0352467270896275,0.25,157.22080763690522
CUST0584,2,5,544.234839191735,5,3,3,533,11,Potential Loyalists,0,Cluster 0,0.4451594158781817,-0.929882173357853,108.846967838347,5.0352467270896275,0.25,137.01783464041668
CUST0585,109,3,230.88901790113326,2,1,1,211,4,Others,1,Cluster 1,-1.4313481627493854,-0.31105314574779586,76.96300596704442,5.0352467270896275,0.25,96.88193097563497
CUST0586,18,4,395.37662751712014,5,2,2,522,9,New Customers,1,Cluster 1,-0.26237998258433465,-1.0474996194832416,98.84415687928004,5.0352467270896275,0.25,124.42617935458212
CUST0587,262,2,188.3150684847144,1,1,1,111,3,Lost Customers,1,Cluster 1,-2.6807162230417863,1.2980036573354665,94.1575342423572,5.0352467270896275,0.25,118.52660403116465
CUST0588,15,11,1139.1838555021266,5,5,5,555,15,Champions,0,Cluster 0,3.4047010099309065,0.6767062446075804,103.5621686820115,5.0352467270896275,0.25,130.3652677266006
CUST0589,61,7,886.4842126855531,3,4,5,345,12,Loyal Customers,0,Cluster 0,1.4421421361015334,0.4200655058850373,126.64060181222187,5.0352467270896275,0.25,159.41666894791274
CUST0590,25,4,601.0562000832762,4,2,4,424,10,Potential Loyalists,0,Cluster 0,0.1570373866172721,-0.7118725208627573,150.26405002081904,5.0352467270896275,0.25,189.1541415166403
CUST0591,94,2,307.2007283197049,2,1,2,212,5,Others,1,Cluster 1,-1.459843668682435,-0.5114729555867197,153.60036415985246,5.0352467270896275,0.25,193.353932728918
CUST0592,55,3,547.9814887962149,3,1,3,313,7,Others,1,Cluster 1,-0.41626266917320653,-0.5481219774405817,182.66049626540496,5.0352467270896275,0.25,229.93516649723685
CUST0593,34,7,638.8083025576192,4,4,4,444,12,Champions,0,Cluster 0,1.0427002718052696,-0.20034671471907023,91.25832893680274,5.0352467270896275,0.25,114.87705052467616
CUST0594,22,7,542.3361792952232,4,4,3,443,11,Loyal Customers,0,Cluster 0,0.8955492185269669,-0.4592755169396262,77.47659704217475,5.0352467270896275,0.25,97.52844542066308
CUST0595,42,4,364.3559974629957,4,2,2,422,8,New Customers,1,Cluster 1,-0.4681311072288881,-0.8063452962997857,91.08899936574892,5.0352467270896275,0.25,114.6638964825641
CUST0596,2,6,531.8523918684707,5,4,3,543,12,Loyal Customers,0,Cluster 0,0.7016982525316727,-0.8251540124945761,88.64206531141178,5.0352467270896275,0.25,111.5836673104378
CUST0597,34,4,309.7925875374933,4,2,2,422,8,New Customers,1,Cluster 1,-0.5444596967152577,-0.9669169503434573,77.44814688437333,5.0352467270896275,0.25,97.49263202967438
CUST0598,66,8,1236.4664106813311,3,5,5,355,13,Loyal Customers,0,Cluster 0,2.479308098260874,1.0307114837535487,154.5583013351664,5.0352467270896275,0.25,194.55979523560725
CUST0599,23,3,270.91248132625327,4,1,1,411,6,New Customers,1,Cluster 1,-0.8528958979429934,-1.263073582422268,90.30416044208442,5.0352467270896275,0.25,113.67593207714555
CUST0600,48,2,124.73792778246582,3,1,1,311,5,Others,1,Cluster 1,-1.6056273164179549,-1.2725705923790291,62.36896389123291,5.0352467270896275,0.25,78.51078032632542
CUST0601,73,5,468.80825083935144,3,3,3,333,9,Need Attention,1,Cluster 1,-0.12703197960238694,-0.19627618988105125,93.76165016787029,5.0352467270896275,0.25,118.02826053357288
CUST0602,106,5,639.5780476834838,2,3,4,234,9,Others,0,Cluster 0,0.06657664920180982,0.3989902494170811,127.91560953669675,5.0352467270896275,0.25,161.02166356583177
CUST0603,162,1,113.88384327930848,1,1,1,111,3,Lost Customers,1,Cluster 1,-2.5623765396450295,-0.078478958331697,113.88384327930848,5.0352467270896275,0.25,143.35831228513152
CUST0604,214,4,482.7390269945653,1,2,3,123,6,About to Sleep,1,Cluster 1,-1.1819950030980784,1.3428510713809394,120.68475674864132,5.0352467270896275,0.25,151.919381607051
CUST0605,64,5,684.3587926798753,3,3,4,334,10,Need Attention,0,Cluster 0,0.4054182146435586,-0.03477345951965996,136.87175853597506,5.0352467270896275,0.25,172.29576854981755
CUST0606,57,4,665.9599923487189,3,2,4,324,9,Others,0,Cluster 0,0.11996284909752815,-0.2590459959944302,166.4899980871797,5.0352467270896275,0.25,209.5795544904075
CUST0607,66,5,633.030658089851,3,3,4,334,10,Need Attention,0,Cluster 0,0.279442117127934,-0.0748981851905855,126.6061316179702,5.0352467270896275,0.25,159.37327746471578
CUST0608,25,8,650.942373039579,4,5,4,454,13,Champions,0,Cluster 0,1.4051617933586082,-0.17013381921702908,81.36779662994738,5.0352467270896275,0.25,102.42673291785924
CUST0609,19,4,560.0647296818784,4,2,3,423,9,Potential Loyalists,1,Cluster 1,0.09963708043469377,-0.8323864017161244,140.0161824204696,5.0352467270896275,0.25,176.25400606806343
CUST0610,12,9,900.6205395936929,5,5,5,555,15,Champions,0,Cluster 0,2.3207436873709315,0.10697923140187611,100.06894884374366,5.0352467270896275,0.25,125.9679617871899
CUST0611,28,6,438.38937246033834,4,4,2,442,10,Loyal Customers,0,Cluster 0,0.34515589376606987,-0.6378558125516293,73.0648954100564,5.0352467270896275,0.25,91.9749438696581
CUST0612,33,4,537.3154371232833,4,2,3,423,9,Potential Loyalists,1,Cluster 1,-0.030775369716390666,-0.6974628602705677,134.32885928082084,5.0352467270896275,0.25,169.09473726185905
CUST0613,83,8,1105.366929749492,2,5,5,255,12,At Risk,0,Cluster 0,2.0899175661384253,1.066705889781344,138.1708662186865,5.0352467270896275,0.25,173.931100476695
CUST0614,117,4,320.6269748272444,2,2,2,222,6,Others,1,Cluster 1,-0.9922987805763949,0.01300220519308348,80.1567437068111,5.0352467270896275,0.25,100.90224535097067
CUST0615,53,5,321.2054294580038,3,3,2,332,8,Need Attention,1,Cluster 1,-0.34284730170719363,-0.6115356123055384,64.24108589160076,5.0352467270896275,0.25,80.8674293700916
CUST0616,39,6,560.3448720833618,4,4,3,443,11,Loyal Customers,0,Cluster 0,0.5548915616255051,-0.35908788684993004,93.39081201389364,5.0352467270896275,0.25,117.56144513330015
CUST0617,22,3,206.68656622141145,4,1,1,411,6,New Customers,1,Cluster 1,-0.990607962695273,-1.3540681561126016,68.89552207380382,5.0352467270896275,0.25,86.72648800831297
CUST0618,70,8,1035.0029813614065,3,5,5,355,13,Loyal Customers,0,Cluster 0,2.0067461341958373,0.8283881347538173,129.3753726701758,5.0352467270896275,0.25,162.85923045087588
CUST0619,10,4,575.5893107692729,5,2,3,523,10,Potential Loyalists,0,Cluster 0,0.18548319315415887,-0.9180109911494672,143.8973276923182,5.0352467270896275,0.25,181.13963707492223
CUST0620,13,9,1111.9438899243394,5,5,5,555,15,Champions,0,Cluster 0,2.7868846955792104,0.3797091897350948,123.54932110270437,5.0352467270896275,0.25,155.52532867913442
CUST0621,23,5,861.8213301356396,4,3,5,435,12,Potential Loyalists,0,Cluster 0,1.0348153763266938,-0.29296698552451744,172.36426602712794,5.0352467270896275,0.25,216.97415159507545
CUST0622,2,4,347.7437487530196,5,2,2,522,9,New Customers,1,Cluster 1,-0.2777377581438561,-1.2926686250990285,86.9359371882549,5.0352467270896275,0.25,109.43597329840748
CUST0623,47,5,496.45009976866186,3,3,3,333,9,Need Attention,1,Cluster 1,0.08254943831328038,-0.46489488134889156,99.29001995373237,5.0352467270896275,0.25,124.98743700117367
CUST0624,99,6,682.9299152241807,2,4,4,244,10,At Risk,0,Cluster 0,0.48736489997730736,0.4910619556427273,113.82165253736345,5.0352467270896275,0.25,143.28002585267302
CUST0625,31,5,547.2996152463667,4,3,3,433,10,Potential Loyalists,0,Cluster 0,0.2870763170320769,-0.5883912298540191,109.45992304927333,5.0352467270896275,0.25,137.789429820334
CUST0626,396,1,149.7665923512953,1,1,1,111,3,Lost Customers,1,Cluster 1,-3.8130415741360135,2.6907791740326674,149.7665923512953,5.0352467270896275,0.25,188.5279359910565
CUST0627,54,4,644.920970466629,3,2,4,324,9,Others,1,Cluster 1,0.09004968321312644,-0.3199741542017798,161.23024261665725,5.0352467270896275,0.25,202.9585128608475
CUST0628,111,8,1033.3866588034712,2,5,5,255,12,At Risk,0,Cluster 0,1.7699661957904287,1.303835479313672,129.1733323504339,5.0352467270896275,0.25,162.60489973619573
CUST0629,51,7,626.6531145156284,3,4,4,344,11,Loyal Customers,0,Cluster 0,0.9188803010183512,-0.01739946219038327,89.52187350223264,5.0352467270896275,0.25,112.69118013876214
CUST0630,93,6,354.4723363756321,2,4,2,242,8,At Risk,1,Cluster 1,-0.21186978035174237,0.015390531014106456,59.078722729272016,5.0352467270896275,0.25,74.36898631580063
CUST0631,9,4,573.6723117408769,5,2,3,523,10,Potential Loyalists,0,Cluster 0,0.1868901514049787,-0.9320243801410232,143.41807793521923,5.0352467270896275,0.25,180.53635188219943
CUST0632,151,5,732.0554940993044,1,3,4,134,8,Others,0,Cluster 0,0.017134344691045612,1.0372681379286488,146.41109881986088,5.0352467270896275,0.25,184.30400153557514
CUST0633,205,4,401.97011484324383,1,2,2,122,5,Lost Customers,1,Cluster 1,-1.3111463184271137,1.1382581599949975,100.49252871081096,5.0352467270896275,0.25,126.50116907201783
CUST0634,8,8,900.7315346741575,5,5,5,555,15,Champions,0,Cluster 0,2.0595544063976403,-0.059489946048847935,112.59144183426969,5.0352467270896275,0.25,141.73142224857716
CUST0635,149,3,295.76113152758376,1,1,2,112,4,Lost Customers,1,Cluster 1,-1.5139902351278167,0.23489409899495614,98.58704384252792,5.0352467270896275,0.25,124.10252246038257
CUST0636,6,2,196.36569306475218,5,1,1,511,7,New Customers,1,Cluster 1,-1.2068435875122205,-1.6731654459194625,98.18284653237609,5.0352467270896275,0.25,123.59371416462247
CUST0637,7,5,547.4031582938406,5,3,3,533,11,Potential Loyalists,0,Cluster 0,0.4237979157386408,-0.8677428791197825,109.48063165876813,5.0352467270896275,0.25,137.81549805987933
CUST0638,90,4,410.20711496245474,2,2,2,222,6,Others,1,Cluster 1,-0.6387387445197632,-0.19073818205358817,102.55177874061368,5.0352467270896275,0.25,129.09337706522368
CUST0639,20,8,831.0271030594772,4,5,5,455,14,Champions,0,Cluster 0,1.8356779821291305,-0.005868327280237565,103.87838788243465,5.0352467270896275,0.25,130.76332815009397
CUST0640,133,5,501.8893895522917,2,3,3,233,8,Others,1,Cluster 1,-0.3943967466622159,0.5432937062429214,100.37787791045834,5.0352467270896275,0.25,126.35684530520939
CUST0641,78,3,482.7623603469235,3,1,3,313,7,Others,1,Cluster 1,-0.6926827267198282,-0.36086406836916335,160.92078678230783,5.0352467270896275,0.25,202.56896624157582
CUST0642,7,4,623.6660508080474,5,2,4,524,11,Potential Loyalists,0,Cluster 0,0.3098869032165092,-0.8935482684193435,155.91651270201186,5.0352467270896275,0.25,196.2695275705084
CUST0643,15,3,228.55465839147593,5,1,1,511,7,New Customers,1,Cluster 1,-0.9019726999765734,-1.4085655238717227,76.18488613049198,5.0352467270896275,0.25,95.90242463556392
CUST0644,69,5,567.2115647320966,3,3,3,333,9,Need Attention,0,Cluster 0,0.11542451205762101,-0.1212811637018183,113.44231294641932,5.0352467270896275,0.25,142.8025087442338
CUST0645,159,3,314.25185299490914,1,1,2,112,4,Lost Customers,1,Cluster 1,-1.529576441902286,0.3741887684341195,104.75061766496971,5.0352467270896275,0.25,131.86130118953892
CUST0646,52,8,910.8228686653171,3,5,5,355,13,Loyal Customers,0,Cluster 0,1.8318532090437807,0.46535687666059794,113.85285858316463,5.0352467270896275,0.25,143.31930838766948
CUST0647,10,4,431.2284496623416,5,2,2,522,9,New Customers,1,Cluster 1,-0.13683571755265656,-1.0963654035182009,107.8071124155854,5.0352467270896275,0.25,135.70885248688998
CUST0648,211,3,212.71516726414853,1,1,1,111,3,Lost Customers,1,Cluster 1,-2.0520097386713734,0.8542816843101092,70.90505575471617,5.0352467270896275,0.25,89.25611248076054
CUST0649,52,7,934.1987250924167,3,4,5,345,12,Loyal Customers,0,Cluster 0,1.5998596931935365,0.3742108114263524,133.4569607274881,5.0352467270896275,0.25,167.99718117760335
CUST0650,70,5,451.2278247582535,3,3,3,333,9,Need Attention,1,Cluster 1,-0.1492230328407221,-0.2529313351888036,90.2455649516507,5.0352467270896275,0.25,113.6021713892884
CUST0651,138,2,232.0107569436172,1,1,1,111,3,Lost Customers,1,Cluster 1,-1.8779550453525966,-0.0919891584798112,116.0053784718086,5.0352467270896275,0.25,146.02892556874195
CUST0652,7,4,374.3863254836672,5,2,2,522,9,New Customers,1,Cluster 1,-0.24668756517997104,-1.2015274435555778,93.5965813709168,5.0352467270896275,0.25,117.8204700036717
CUST0653,46,6,788.5348082556517,3,4,5,345,12,Loyal Customers,0,Cluster 0,1.0245685082604241,0.0043502309234856144,131.4224680426086,5.0352467270896275,0.25,165.43613801939654
CUST0654,114,4,383.34146701504375,2,2,2,222,6,Others,1,Cluster 1,-0.8352129135104557,0.05554952275673796,95.83536675376094,5.0352467270896275,0.25,120.63867919657721
CUST0655,106,2,194.05439826362058,2,1,1,211,4,Others,1,Cluster 1,-1.7807141485232365,-0.5115227697071089,97.02719913181029,5.0352467270896275,0.25,122.13897171678033
CUST0656,86,4,533.7213505377439,2,2,3,223,7,About to Sleep,1,Cluster 1,-0.34021632985610584,-0.08471920903456738,133.43033763443597,5.0352467270896275,0.25,167.96366771706442
CUST0657,19,6,579.0996072730064,4,4,3,443,11,Loyal Customers,0,Cluster 0,0.7105078450865036,-0.5688165025321379,96.51660121216774,5.0352467270896275,0.25,121.4962250908456
CUST0658,31,6,752.1213775584393,4,4,4,444,12,Champions,0,Cluster 0,1.028573636987627,-0.21531243103749054,125.35356292640655,5.0352467270896275,0.25,157.79652936355308
CUST0659,25,5,611.3786074273748,4,3,4,434,11,Potential Loyalists,0,Cluster 0,0.4642700468461174,-0.579093051763549,122.27572148547497,5.0352467270896275,0.25,153.92210660306517
CUST0660,126,5,458.87434043868575,2,3,3,233,8,Others,1,Cluster 1,-0.450628058314379,0.40863475973209995,91.77486808773715,5.0352467270896275,0.25,115.5272760419652
CUST0661,12,13,1096.2626795342362,5,5,5,555,15,Champions,0,Cluster 0,3.8943019003887476,0.8287959655653987,84.32789842571047,5.0352467270896275,0.25,106.1529436376013
CUST0662,54,11,1101.029512794404,3,5,5,355,13,Loyal Customers,0,Cluster 0,3.0977157174581023,1.0837217692791647,100.09359207221854,5.0352467270896275,0.25,125.99898297107067
CUST0663,37,7,917.7066719691429,4,4,5,445,13,Champions,0,Cluster 0,1.6483438910408306,0.1791605379170055,131.100953138449,5.0352467270896275,0.25,165.03141130217648
CUST0664,259,6,489.7713877477068,1,4,3,143,8,At Risk,1,Cluster 1,-0.8538421530388457,2.1156163480166796,81.6285646246178,5.0352467270896275,0.25,102.75499071578272
CUST0665,44,4,519.2438211765154,3,2,3,323,8,Others,1,Cluster 1,-0.1336825263302813,-0.591695107341735,129.81095529412886,5.0352467270896275,0.25,163.40754694628507
CUST0666,14,7,815.6467714428542,5,4,5,545,14,Champions,0,Cluster 0,1.5512749433953514,-0.21476663514870675,116.52096734897917,5.0352467270896275,0.25,146.67795487031617
CUST0667,20,4,397.05145994974487,4,2,2,422,8,New Customers,1,Cluster 1,-0.27001473422564315,-1.022140439304356,99.26286498743622,5.0352467270896275,0.25,124.95325401238195
CUST0668,116,4,382.9625763996175,2,2,2,222,6,Others,1,Cluster 1,-0.8474330754261664,0.07837137692776633,95.74064409990437,5.0352467270896275,0.25,120.51944121337408
CUST0669,40,3,219.26700600056242,4,1,1,411,6,New Customers,1,Cluster 1,-1.0648870411874738,-1.1289156411289838,73.08900200018748,5.0352467270896275,0.25,92.00528952692281
CUST0670,21,6,532.6031260468624,4,4,3,443,11,Loyal Customers,0,Cluster 0,0.595319527840527,-0.6029718353227733,88.76718767447706,5.0352467270896275,0.25,111.74117280271533
CUST0671,148,1,204.6374166218164,1,1,1,111,3,Lost Customers,1,Cluster 1,-2.280128851482755,-0.12938482736402915,204.6374166218164,5.0352467270896275,0.25,257.5999705712694
CUST0672,156,8,986.2622735439804,1,5,5,155,11,At Risk,0,Cluster 0,1.408830611167316,1.769638623194795,123.28278419299755,5.0352467270896275,0.25,155.18980890357196
CUST0673,69,4,492.16614972961133,3,2,3,323,8,Others,1,Cluster 1,-0.336317187298301,-0.3340243702651442,123.04153743240283,5.0352467270896275,0.25,154.88612466314555
CUST0674,11,8,1104.4785167261982,5,5,5,555,15,Champions,0,Cluster 0,2.497405224135071,0.22716955389013527,138.05981459077478,5.0352467270896275,0.25,173.79130739019988
CUST0675,105,3,512.5795696170528,2,1,3,213,6,About to Sleep,1,Cluster 1,-0.7796606482994332,-0.009611094066087098,170.8598565390176,5.0352467270896275,0.25,215.08038335727292
CUST0676,237,4,351.23020262910376,1,2,2,122,5,Lost Customers,1,Cluster 1,-1.6064220925711683,1.448209636886701,87.80755065727594,5.0352467270896275,0.25,110.53317051520133
CUST0677,374,1,35.82477701559816,1,1,1,111,3,Lost Customers,1,Cluster 1,-3.94232673707771,2.293817159918893,35.82477701559816,5.0352467270896275,0.25,45.09664780412658
CUST0678,107,3,406.971104099302,2,1,2,212,5,Others,1,Cluster 1,-1.0268301011558167,-0.11679787832797686,135.65703469976734,5.0352467270896275,0.25,170.76665999467187
CUST0679,5,4,421.33796411058864,5,2,2,522,9,New Customers,1,Cluster 1,-0.13048300408165253,-1.1668097746155977,105.33449102764716,5.0352467270896275,0.25,132.59628779915303
CUST0680,52,4,395.90694137476936,3,2,2,322,7,Others,1,Cluster 1,-0.45455735582906254,-0.6509150324784362,98.97673534369234,5.0352467270896275,0.25,124.59307067433578
CUST0681,22,5,499.91849119851054,4,3,3,433,10,Potential Loyalists,0,Cluster 0,0.23247093756059806,-0.7517343226823223,99.98369823970211,5.0352467270896275,0.25,125.86064733094425
CUST0682,52,5,452.3635003025886,3,3,3,333,9,Need Attention,1,Cluster 1,-0.04431956407891503,-0.4611379157290817,90.47270006051772,5.0352467270896275,0.25,113.88809171767085
CUST0683,138,3,312.9618158483857,1,1,2,112,4,Lost Customers,1,Cluster 1,-1.4130276341977104,0.1280503307447169,104.32060528279523,5.0352467270896275,0.25,131.3199965795509
CUST0684,406,2,185.5999228206773,1,1,1,111,3,Lost Customers,1,Cluster 1,-3.505720901686372,2.97152660484579,92.79996141033865,5.0352467270896275,0.25,116.81767549136286
CUST0685,54,11,1552.5855404899075,3,5,5,355,13,Loyal Customers,0,Cluster 0,4.105918673951295,1.6416085077874345,141.14414004453704,5.0352467270896275,0.25,177.67389230178378
CUST0686,41,5,578.226633195755,4,3,3,433,10,Potential Loyalists,0,Cluster 0,0.299257009849294,-0.43373181172816894,115.645326639151,5.0352467270896275,0.25,145.575688115749
CUST0687,2,5,563.6173756206446,5,3,3,533,11,Potential Loyalists,0,Cluster 0,0.4884353978901881,-0.9059355103323872,112.72347512412891,5.0352467270896275,0.25,141.8976272962348
CUST0688,40,7,824.7522275327675,4,4,5,445,13,Champions,0,Cluster 0,1.4237403575253444,0.09925247816881719,117.82174679039535,5.0352467270896275,0.25,148.31539122658026
CUST0689,328,3,314.82999467963964,1,1,2,112,4,Lost Customers,1,Cluster 1,-2.48940561274005,2.3429050506804137,104.94333155987988,5.0352467270896275,0.25,132.1038916916917
CUST0690,38,8,773.4515269761868,4,5,5,455,14,Champions,0,Cluster 0,1.6047594208926244,0.13260809774843807,96.68144087202334,5.0352467270896275,0.25,121.70372718029122
CUST0691,29,5,560.0308882522485,4,3,3,433,10,Potential Loyalists,0,Cluster 0,0.32687602098014334,-0.5959520092038624,112.0061776504497,5.0352467270896275,0.25,140.99468485706157
CUST0692,55,3,305.0908021500403,3,1,2,312,6,Others,1,Cluster 1,-0.9585721354670906,-0.848207647160494,101.69693405001344,5.0352467270896275,0.25,128.01728858259497
CUST0693,25,6,447.46374063583664,4,4,3,443,11,Loyal Customers,0,Cluster 0,0.3824778150557585,-0.6615795931529649,74.57729010597278,5.0352467270896275,0.25,93.87876398032827
CUST0694,31,4,545.6939844446845,4,2,3,423,9,Potential Loyalists,1,Cluster 1,-0.0006941295573991293,-0.7104013287371502,136.42349611117112,5.0352467270896275,0.25,171.73149057297474
CUST0695,18,5,625.199323620228,5,3,4,534,12,Potential Loyalists,0,Cluster 0,0.5349376870448762,-0.6435327612524179,125.0398647240456,5.0352467270896275,0.25,157.4016424018701
CUST0696,190,3,374.77823210669914,1,1,2,112,4,Lost Customers,1,Cluster 1,-1.5707374630546926,0.8099621211443935,124.92607736889971,5.0352467270896275,0.25,157.25840554997447
CUST0697,331,2,139.6518257701079,1,1,1,111,3,Lost Customers,1,Cluster 1,-3.181778076756812,2.0413851536498426,69.82591288505395,5.0352467270896275,0.25,87.89767483012834
CUST0698,44,7,956.6698542963843,3,4,5,345,12,Loyal Customers,0,Cluster 0,1.6955284757692552,0.3088134993281458,136.66712204234062,5.0352467270896275,0.25,172.03816974111356
CUST0699,55,7,843.9028709116426,3,4,5,345,12,Loyal Customers,0,Cluster 0,1.3811920754701184,0.29758737674295765,120.55755298737752,5.0352467270896275,0.25,151.75925602640675
CUST0700,115,10,876.1136928382867,2,5,5,255,12,At Risk,0,Cluster 0,1.9644406422409617,1.3961611577481874,87.61136928382868,5.0352467270896275,0.25,110.28621511055977
CUST0701,175,3,383.68608980238844,1,1,2,112,4,Lost Customers,1,Cluster 1,-1.465542107318459,0.6462928336834658,127.89536326746281,5.0352467270896275,0.25,160.99617732560776
CUST0702,37,6,415.2519682464178,4,4,2,442,10,Loyal Customers,0,Cluster 0,0.24231239796970572,-0.5616366851305484,69.20866137440296,5.0352467270896275,0.25,87.12067141792922
CUST0703,94,6,1066.0082862577347,2,4,5,245,11,At Risk,0,Cluster 0,1.3711112007756832,0.9061212657929095,177.66804770962244,5.0352467270896275,0.25,223.65061393457006
CUST0704,23,7,554.5959524662139,4,4,3,443,11,Loyal Customers,0,Cluster 0,0.917234888497992,-0.4324838763477377,79.22799320945913,5.0352467270896275,0.25,99.73312337545208
CUST0705,56,3,458.8140540388986,3,1,3,313,7,Others,1,Cluster 1,-0.6210366290825404,-0.6466412412693513,152.93801801296618,5.0352467270896275,0.25,192.52016366184063
CUST0706,77,1,190.5500189794859,3,1,1,311,5,Others,1,Cluster 1,-1.9077980708364937,-0.9735832127456967,190.5500189794859,5.0352467270896275,0.25,239.8665898533307
CUST0707,183,2,181.96404469177577,1,1,1,111,3,Lost Customers,1,Cluster 1,-2.245615398847834,0.37020351986741673,90.98202234588788,5.0352467270896275,0.25,114.52923256028183
CUST0708,39,2,202.08332049337608,4,1,1,411,6,New Customers,1,Cluster 1,-1.3817519864389503,-1.281817038562706,101.04166024668804,5.0352467270896275,0.25,127.19242226420951
CUST0709,33,8,653.4030590392314,4,5,4,454,13,Champions,0,Cluster 0,1.3651590372720357,-0.0739338420762958,81.67538237990392,5.0352467270896275,0.25,102.81392545305127
CUST0710,26,8,1253.987088916387,4,5,5,455,14,Champions,0,Cluster 0,2.745911077489417,0.5865585748383821,156.74838611454837,5.0352467270896275,0.25,197.3166995399652
CUST0711,87,3,561.0112398762313,2,1,3,213,6,About to Sleep,1,Cluster 1,-0.5691579653157617,-0.159384597385301,187.00374662541046,5.0352467270896275,0.25,235.402500787274
CUST0712,4,3,268.54915457876996,5,1,1,511,7,New Customers,1,Cluster 1,-0.7501176580113459,-1.4872480793810627,89.51638485958999,5.0352467270896275,0.25,112.6842709712865
CUST0713,226,2,79.76850313573571,1,1,1,111,3,Lost Customers,1,Cluster 1,-2.7183358375565687,0.7446775946927336,39.88425156786786,5.0352467270896275,0.25,50.20676179238149
CUST0714,97,10,1213.8437096032558,2,5,5,255,12,At Risk,0,Cluster 0,2.8208685933342466,1.6038088847724743,121.38437096032558,5.0352467270896275,0.25,152.80006414945316
CUST0715,19,5,441.34816683348396,4,3,3,433,10,Potential Loyalists,1,Cluster 1,0.11876048451019908,-0.8590315129697665,88.2696333666968,5.0352467270896275,0.25,111.11484562776535
CUST0716,145,5,752.5668647597402,1,3,4,134,8,Others,0,Cluster 0,0.09705331316796721,0.9927395552543065,150.51337295194804,5.0352467270896275,0.25,189.4679921348792
CUST0717,108,3,262.35406391437357,2,1,1,211,4,Others,1,Cluster 1,-1.3554080913508397,-0.2838238115980878,87.45135463812453,5.0352467270896275,0.25,110.08478680529271
CUST0718,37,5,721.9682272858186,4,3,4,434,11,Potential Loyalists,0,Cluster 0,0.6429416666398465,-0.3027224180784341,144.3936454571637,5.0352467270896275,0.25,181.7644076751809
CUST0719,147,2,329.40389176903807,1,1,2,112,4,Lost Customers,1,Cluster 1,-1.7116863195109275,0.1331425848540068,164.70194588451903,5.0352467270896275,0.25,207.32873349007934
CUST0720,20,9,686.1453384771191,4,5,4,454,13,Champions,0,Cluster 0,1.7963815398789178,-0.06483992331643967,76.23837094190213,5.0352467270896275,0.25,95.96975194096441
CUST0721,135,5,550.7205939720463,1,3,3,133,7,Others,1,Cluster 1,-0.2967440240169961,0.626913463081682,110.14411879440927,5.0352467270896275,0.25,138.6507034169301
CUST0722,64,3,454.8081294638644,3,1,3,313,7,Others,1,Cluster 1,-0.6754775844179678,-0.5584306077791201,151.60270982128813,5.0352467270896275,0.25,190.8392621113899
CUST0723,49,2,237.926098497288,3,1,1,311,5,Others,1,Cluster 1,-1.358595725770995,-1.1210843157395332,118.963049248644,5.0352467270896275,0.25,149.7520760934592
CUST0724,13,3,303.70325468611577,5,1,2,512,8,New Customers,1,Cluster 1,-0.7228119289262155,-1.3390111839888694,101.23441822870525,5.0352467270896275,0.25,127.43506826372766
CUST0725,123,5,412.600155674555,2,3,2,232,7,Others,1,Cluster 1,-0.5368845443291838,0.3165291576362587,82.52003113491101,5.0352467270896275,0.25,103.8771791728487
CUST0726,56,12,1222.298489573635,3,5,5,355,13,Loyal Customers,0,Cluster 0,3.641287975960339,1.3768630521807659,101.85820746446957,5.0352467270896275,0.25,128.22030144067168
CUST0727,62,8,1261.9456241279254,3,5,5,355,13,Loyal Customers,0,Cluster 0,2.5589447200486233,1.0156105172734025,157.74320301599067,5.0352467270896275,0.25,198.56898667672542
CUST0728,19,4,309.8805526484648,4,2,2,422,8,New Customers,1,Cluster 1,-0.45895678496044107,-1.1414830054396061,77.4701381621162,5.0352467270896275,0.25,97.52031490699422
CUST0729,16,6,689.5570295014384,5,4,4,544,13,Champions,0,Cluster 0,0.974190812548303,-0.46728392977627975,114.92617158357307,5.0352467270896275,0.25,144.6704073307818
CUST0730,13,5,554.404774182829,5,3,3,533,11,Potential Loyalists,0,Cluster 0,0.4053080339747235,-0.7892226555608888,110.88095483656579,5.0352467270896275,0.25,139.57824123434767
CUST0731,78,3,320.54063836387115,3,1,2,312,6,Others,1,Cluster 1,-1.0548801278826756,-0.5612851497888711,106.84687945462372,5.0352467270896275,0.25,134.50010001840852
CUST0732,4,9,962.0274670904435,5,5,5,555,15,Champions,0,Cluster 0,2.503345617871933,0.08968617257127096,106.89194078782705,5.0352467270896275,0.25,134.5568237510411
CUST0733,101,5,400.83730033405556,2,3,2,232,7,Others,1,Cluster 1,-0.43803161755408104,0.045806819752268024,80.16746006681112,5.0352467270896275,0.25,100.91573523012477
CUST0734,145,2,233.56488037862206,1,1,1,111,3,Lost Customers,1,Cluster 1,-1.9142948107856843,-0.008554200098245977,116.78244018931103,5.0352467270896275,0.25,147.00709993619213
CUST0735,17,5,686.4360135818612,5,3,4,534,12,Potential Loyalists,0,Cluster 0,0.6773498186252269,-0.579521268691133,137.28720271637224,5.0352467270896275,0.25,172.81873453722588
CUST0736,144,5,430.49951665262813,1,3,2,132,6,Others,1,Cluster 1,-0.6163492066226539,0.5831880201077204,86.09990333052562,5.0352467270896275,0.25,108.38356411194061
CUST0737,164,2,290.1481149715229,1,1,1,111,3,Lost Customers,1,Cluster 1,-1.8960146038408343,0.28260770416960646,145.07405748576144,5.0352467270896275,0.25,182.6209182851982
CUST0738,3,6,602.8154458361373,5,4,4,544,13,Champions,0,Cluster 0,0.8544525333174087,-0.7258358638843366,100.46924097268955,5.0352467270896275,0.25,126.47185419522853
CUST0739,110,5,622.778134178963,2,3,4,234,9,Others,1,Cluster 1,0.0063185659014049315,0.42481428466441823,124.5556268357926,5.0352467270896275,0.25,156.7920780913804
CUST0740,6,5,691.7819443980289,5,3,4,534,12,Potential Loyalists,0,Cluster 0,0.7518439487592137,-0.7010113031030091,138.3563888796058,5.0352467270896275,0.25,174.1646385694937
CUST0741,1,3,268.1734736366482,5,1,1,511,7,New Customers,1,Cluster 1,-0.7338951504710737,-1.522647171034889,89.39115787888274,5.0352467270896275,0.25,112.52663378509912
CUST0742,69,5,278.0710048500176,3,3,1,331,7,Need Attention,1,Cluster 1,-0.5301484610304136,-0.4785074524223893,55.614200970003516,5.0352467270896275,0.25,70.00780585347874
CUST0743,256,2,186.5911900905564,1,1,1,111,3,Lost Customers,1,Cluster 1,-2.6504425753229803,1.226003952997012,93.2955950452782,5.0352467270896275,0.25,117.44158490090409
CUST0744,249,5,408.92695191203,1,3,2,132,6,Others,1,Cluster 1,-1.2616604973652676,1.779258766459678,81.785390382406,5.0352467270896275,0.25,102.95240481168933
CUST0745,168,2,99.5066681422804,1,1,1,111,3,Lost Customers,1,Cluster 1,-2.344413996545888,0.09365465729325087,49.7533340711402,5.0352467270896275,0.25,62.63007813587639
CUST0746,12,4,233.74202616355228,5,2,1,521,8,New Customers,1,Cluster 1,-0.5891438978129947,-1.3170652208812803,58.43550654088807,5.0352467270896275,0.25,73.5592982639578
CUST0747,65,2,224.98544631699403,3,1,1,311,5,Others,1,Cluster 1,-1.4784823257434325,-0.950752467742835,112.49272315849701,5.0352467270896275,0.25,141.6071540263054
CUST0748,12,6,620.0057593516871,5,4,4,544,13,Champions,0,Cluster 0,0.8416499665525401,-0.5997927998182387,103.33429322528117,5.0352467270896275,0.25,130.07841543967922
CUST0749,114,4,281.4586976741269,2,2,1,221,5,Others,1,Cluster 1,-1.062689689292734,-0.07032421696028014,70.36467441853172,5.0352467270896275,0.25,88.57587414215978
CUST0750,56,4,269.4336134571272,3,2,1,321,6,Others,1,Cluster 1,-0.759686626486476,-0.7605898937473495,67.3584033642818,5.0352467270896275,0.25,84.79154502049572
CUST0751,24,7,553.2972456473404,4,4,3,443,11,Loyal Customers,0,Cluster 0,0.9086481254309784,-0.4224434154915689,79.04246366390578,5.0352467270896275,0.25,99.4995766161956
CUST0752,6,6,458.74530173944083,5,4,3,543,12,Loyal Customers,0,Cluster 0,0.5157214135004832,-0.8688961555174559,76.4575502899068,5.0352467270896275,0.25,96.24565746463595
CUST0753,36,5,732.1442347061511,4,3,4,434,11,Potential Loyalists,0,Cluster 0,0.6713490503234121,-0.30179518505931463,146.42884694123023,5.0352467270896275,0.25,184.3263430780844
CUST0754,85,6,642.7346289699807,2,4,4,244,10,At Risk,0,Cluster 0,0.4772390634884177,0.27837188329765045,107.12243816166345,5.0352467270896275,0.25,134.84697653784423
CUST0755,307,3,312.34374201900573,1,1,2,112,4,Lost Customers,1,Cluster 1,-2.375527632007011,2.0952887171579606,104.11458067300191,5.0352467270896275,0.25,131.06065039401045
CUST0756,4,4,464.5000409604074,5,2,3,523,10,Potential Loyalists,1,Cluster 1,-0.02842661411281705,-1.1251290369114901,116.12501024010184,5.0352467270896275,0.25,146.17951943618058
CUST0757,35,3,229.53632235409023,4,1,1,411,6,New Customers,1,Cluster 1,-1.0135229212982015,-1.1744530561808424,76.5121074513634,5.0352467270896275,0.25,96.31433465680188
CUST0758,102,7,755.3046475461445,2,4,4,244,10,At Risk,0,Cluster 0,0.9160823825419996,0.7354405440176696,107.9006639351635,5.0352467270896275,0.25,135.82661623258244
CUST0759,98,8,940.9227290794053,2,5,5,255,12,At Risk,0,Cluster 0,1.6374514594630203,1.038213722673,117.61534113492566,5.0352467270896275,0.25,148.0555653762911
CUST0760,171,1,43.07126119938231,1,1,1,111,3,Lost Customers,1,Cluster 1,-2.771665863484371,-0.06116137990157061,43.07126119938231,5.0352467270896275,0.25,54.21860674645306
CUST0761,107,8,786.8147986875559,2,5,5,255,12,At Risk,0,Cluster 0,1.2421860633768025,0.9526218782352629,98.35184983594449,5.0352467270896275,0.25,123.80645749741251
CUST0762,30,5,416.02047937207584,4,3,2,432,9,Others,1,Cluster 1,-0.0003475249434179875,-0.7622284639168728,83.20409587441517,5.0352467270896275,0.25,104.73828785802515
CUST0763,98,9,1168.8875729814904,2,5,5,255,12,At Risk,0,Cluster 0,2.4306210456498336,1.4398852486715235,129.87639699794337,5.0352467270896275,0.25,163.48992572752186
CUST0764,277,5,474.6922263703347,1,3,3,133,7,Others,1,Cluster 1,-1.2740631747434166,2.1865697030594875,94.93844527406694,5.0352467270896275,0.25,119.50962396030582
CUST0765,35,1,150.390245465169,4,1,1,411,6,New Customers,1,Cluster 1,-1.7586057994715114,-1.5122889132243929,150.390245465169,5.0352467270896275,0.25,189.31299781617446
CUST0766,123,2,210.40577994451678,2,1,1,211,4,Others,1,Cluster 1,-1.8408866290512618,-0.29335632790101923,105.20288997225839,5.0352467270896275,0.25,132.43062685329608
CUST0767,179,5,384.444118700802,1,3,2,132,6,Others,1,Cluster 1,-0.9182270243423546,0.9338620497972541,76.8888237401604,5.0352467270896275,0.25,96.78854952185348
CUST0768,46,3,339.722323283232,3,1,2,312,6,Others,1,Cluster 1,-0.8300653732109063,-0.9102260663486444,113.240774427744,5.0352467270896275,0.25,142.5488097025982
CUST0769,142,3,409.85443644850307,1,1,2,112,4,Lost Customers,1,Cluster 1,-1.2194409186577948,0.2943387893507157,136.61814548283436,5.0352467270896275,0.25,171.9765174758741
CUST0770,65,8,919.4224850670665,3,5,5,355,13,Loyal Customers,0,Cluster 0,1.7771215275405166,0.6273662676876449,114.92781063338332,5.0352467270896275,0.25,144.67247058582996
CUST0771,51,5,423.20166713093715,3,3,2,332,8,Need Attention,1,Cluster 1,-0.10374298046085179,-0.5088116496814828,84.64033342618742,5.0352467270896275,0.25,106.54624046599626
CUST0772,47,5,580.8944008931092,3,3,3,333,9,Need Attention,0,Cluster 0,0.27109081265205764,-0.36056595459232993,116.17888017862182,5.0352467270896275,0.25,146.24733154408588
CUST0773,270,1,147.59485114200223,1,1,1,111,3,Lost Customers,1,Cluster 1,-3.1013158085400154,1.2208282746337922,147.59485114200223,5.0352467270896275,0.25,185.79412278701187
CUST0774,7,5,462.3343639896268,5,3,3,533,11,Potential Loyalists,0,Cluster 0,0.23386221637365648,-0.9728433523554348,92.46687279792536,5.0352467270896275,0.25,116.39837965499164
CUST0775,246,2,210.89131448400653,1,1,1,111,3,Lost Customers,1,Cluster 1,-2.539315937989205,1.1395763564593224,105.44565724200326,5.0352467270896275,0.25,132.7362251284029
CUST0776,196,7,909.3446787168523,1,4,5,145,10,At Risk,0,Cluster 0,0.7254248136837718,2.0203816733601747,129.90638267383605,5.0352467270896275,0.25,163.5276720466214
CUST0777,127,3,354.2143813822543,2,1,2,212,5,Others,1,Cluster 1,-1.2583636623170456,0.05092209000814068,118.07146046075144,5.0352467270896275,0.25,148.62973371192277
CUST0778,8,7,755.4499263600991,5,4,4,544,13,Champions,0,Cluster 0,1.4509942096540454,-0.3590082998996609,107.92141805144273,5.0352467270896275,0.25,135.8527417565996
CUST0779,98,6,544.3863373935127,2,4,3,243,9,At Risk,0,Cluster 0,0.18372151622076133,0.30824967622213834,90.73105623225212,5.0352467270896275,0.25,114.21331348470811
CUST0780,8,7,668.7419300000075,5,4,4,544,13,Champions,0,Cluster 0,1.2573986137144104,-0.4661339683107086,95.5345614285725,5.0352467270896275,0.25,120.26002193929067
CUST0781,13,10,1076.4081391380068,5,5,5,555,15,Champions,0,Cluster 0,2.991728443312771,0.4558319945351954,107.64081391380068,5.0352467270896275,0.25,135.49951399018212
CUST0782,71,2,172.2915772498131,3,1,1,311,5,Others,1,Cluster 1,-1.6302561429012747,-0.9459845968561642,86.14578862490654,5.0352467270896275,0.25,108.44132505652888
CUST0783,130,3,238.33204014247139,2,1,1,211,4,Others,1,Cluster 1,-1.5341590124080684,-0.057312841233240645,79.44401338082379,5.0352467270896275,0.25,100.00505209066439
CUST0784,11,6,534.8381731408965,5,4,3,543,12,Loyal Customers,0,Cluster 0,0.657180792099661,-0.7166603103661195,89.13969552348276,5.0352467270896275,0.25,112.21009003459562
CUST0785,79,7,877.1827332348528,2,4,5,245,11,At Risk,0,Cluster 0,1.3190066271595593,0.6181834298041882,125.31181903355039,5.0352467270896275,0.25,157.74398166358307
CUST0786,220,1,63.21585897807357,1,1,1,111,3,Lost Customers,1,Cluster 1,-3.005356334362697,0.5343309225462578,63.21585897807357,5.0352467270896275,0.25,79.57686175487609
CUST0787,16,4,395.5036765683403,5,2,2,522,9,New Customers,1,Cluster 1,-0.2507221150330603,-1.0706326179204482,98.87591914208508,5.0352467270896275,0.25,124.46616206204064
CUST0788,44,3,349.99931435689325,3,1,2,312,6,Others,1,Cluster 1,-0.7957454196113419,-0.920819052686254,116.66643811896442,5.0352467270896275,0.25,146.86107517493005
CUST0789,26,4,613.1383669993303,4,2,4,424,10,Potential Loyalists,0,Cluster 0,0.17832650966978392,-0.6853003085770546,153.28459174983257,5.0352467270896275,0.25,192.95643473040354
CUST0790,127,5,437.3279421430136,2,3,2,232,7,Others,1,Cluster 1,-0.5044224615346008,0.3936596790662984,87.46558842860273,5.0352467270896275,0.25,110.10270446702258
CUST0791,3,7,511.7625896824178,5,4,3,543,12,Loyal Customers,0,Cluster 0,0.9353415415848686,-0.7183031230966623,73.10894138320255,5.0352467270896275,0.25,92.03038945518952
CUST0792,102,5,627.1878679096199,2,3,4,234,9,Others,0,Cluster 0,0.06166111829143372,0.337102547787216,125.43757358192397,5.0352467270896275,0.25,157.90228295811175
CUST0793,203,4,403.93574100852527,1,2,2,122,5,Lost Customers,1,Cluster 1,-1.295383403509741,1.1173966798783284,100.98393525213132,5.0352467270896275,0.25,127.11975736673126
CUST0794,23,9,1168.3071014590114,4,5,5,455,14,Champions,0,Cluster 0,2.8558575559276496,0.5657944204046942,129.81190016211238,5.0352467270896275,0.25,163.40873635714047
CUST0795,86,4,335.43427244431876,2,2,2,222,6,Others,1,Cluster 1,-0.7829379548744635,-0.3296981806373354,83.85856811107969,5.0352467270896275,0.25,105.56214515493416
CUST0796,93,5,645.3497714490624,2,3,4,234,9,Others,0,Cluster 0,0.15339566152737438,0.254736307552923,129.06995428981247,5.0352467270896275,0.25,162.4747662258465
CUST0797,92,6,481.84219975483455,2,4,3,243,9,At Risk,0,Cluster 0,0.07819991058430271,0.16110798731464332,80.30703329247243,5.0352467270896275,0.25,101.09143163704988
CUST0798,71,6,588.4011495223942,3,4,4,344,11,Loyal Customers,0,Cluster 0,0.4355464505580981,0.04821440933397102,98.06685825373238,5.0352467270896275,0.25,123.4477067645171
CUST0799,44,2,408.21389817164993,3,1,2,312,6,Others,1,Cluster 1,-0.94995344307883,-0.9689226983667848,204.10694908582497,5.0352467270896275,0.25,256.9322118401623
CUST0800,24,6,580.1528181552607,4,4,3,443,11,Loyal Customers,0,Cluster 0,0.6844238781216603,-0.5092903742225282,96.69213635921011,5.0352467270896275,0.25,121.71719078450417
CUST0801,4,5,505.9728765696876,5,3,3,533,11,Potential Loyalists,0,Cluster 0,0.34835656022003453,-0.9538639541516959,101.19457531393752,5.0352467270896275,0.25,127.38491353718217
CUST0802,31,8,697.5271826468124,4,5,4,454,13,Champions,0,Cluster 0,1.475050519090743,-0.04270950073128422,87.19089783085155,5.0352467270896275,0.25,109.75692073370035
CUST0803,139,3,239.30094677317845,1,1,1,111,3,Lost Customers,1,Cluster 1,-1.5831796105504423,0.04868906021747753,79.76698225772616,5.0352467270896275,0.25,100.411609085758
CUST0804,6,5,460.2203110435189,5,3,3,533,11,Potential Loyalists,0,Cluster 0,0.23482920631436505,-0.9871001967782551,92.04406220870378,5.0352467270896275,0.25,115.86614074610245
CUST0805,134,7,433.26675602835013,1,4,2,142,7,At Risk,1,Cluster 1,0.015071310786067164,0.7102098163665042,61.89525086119288,5.0352467270896275,0.25,77.91446483030322
CUST0806,23,6,494.3331740419005,4,4,3,443,11,Loyal Customers,0,Cluster 0,0.4984988340427452,-0.6269634868092958,82.38886234031675,5.0352467270896275,0.25,103.71206236192944
CUST0807,147,4,292.8806898423147,1,2,1,121,4,Lost Customers,1,Cluster 1,-1.2248617785643925,0.328071797436644,73.22017246057868,5.0352467270896275,0.25,92.17040843476671
CUST0808,85,2,233.6930719029076,2,1,1,211,4,Others,1,Cluster 1,-1.5727825562054196,-0.7070947581162875,116.8465359514538,5.0352467270896275,0.25,147.08778443032955
CUST0809,99,3,226.79720424842827,2,1,1,211,4,Others,1,Cluster 1,-1.3836130740231898,-0.4325583068511373,75.59906808280942,5.0352467270896275,0.25,95.16499003374801
CUST0810,16,4,397.2284004149733,5,2,2,522,9,New Customers,1,Cluster 1,-0.24687127134001088,-1.0685017626054698,99.30710010374332,5.0352467270896275,0.25,125.0089376935339
CUST0811,14,2,138.69158276728342,5,1,1,511,7,New Customers,1,Cluster 1,-1.3811111428625436,-1.6512605801700508,69.34579138364171,5.0352467270896275,0.25,87.29329227548051
CUST0812,365,1,34.482254017571464,1,1,1,111,3,Lost Customers,1,Cluster 1,-3.8941403236278718,2.1873536643273965,34.482254017571464,5.0352467270896275,0.25,43.40666417116247
CUST0813,53,2,236.43852195608463,3,1,1,311,5,Others,1,Cluster 1,-1.3846654859168548,-1.0763422521558204,118.21926097804231,5.0352467270896275,0.25,148.81578672966052
CUST0814,25,7,643.9096873396583,4,4,4,444,12,Champions,0,Cluster 0,1.1052741952799163,-0.29884891542316183,91.98709819137976,5.0352467270896275,0.25,115.79443377565428
CUST0815,343,4,372.4155586706216,1,2,2,122,5,Lost Customers,1,Cluster 1,-2.1619535662088456,2.7087517602480795,93.1038896676554,5.0352467270896275,0.25,117.2002639320939
CUST0816,10,8,723.8885086454102,5,5,4,554,14,Champions,0,Cluster 0,1.653337371166586,-0.25468533654143155,90.48606358067627,5.0352467270896275,0.25,113.90491387295603
CUST0817,117,7,1057.5160468245754,2,4,5,245,11,At Risk,0,Cluster 0,1.505532509236997,1.2834902780119135,151.07372097493933,5.0352467270896275,0.25,190.1733647720787
CUST0818,18,3,225.9819914916428,5,1,1,511,7,New Customers,1,Cluster 1,-0.9247780739358795,-1.3768090458929492,75.32733049721426,5.0352467270896275,0.25,94.8229235866242
CUST0819,33,5,498.08008670684274,4,3,3,433,10,Potential Loyalists,0,Cluster 0,0.16580816874933765,-0.6259108228721575,99.61601734136855,5.0352467270896275,0.25,125.39780632095739
CUST0820,26,7,856.288285166813,4,4,5,445,13,Champions,0,Cluster 0,1.573771286854508,-0.024815223891760618,122.32689788097329,5.0352467270896275,0.25,153.98652804754946
CUST0821,152,6,323.4478504970142,1,4,2,142,7,At Risk,1,Cluster 1,-0.6166780358550603,0.6641144695175427,53.9079750828357,5.0352467270896275,0.25,67.85998877496941
CUST0822,14,9,917.441378901456,5,5,5,555,15,Champions,0,Cluster 0,2.3469258886081215,0.15105094304694036,101.93793098905067,5.0352467270896275,0.25,128.32065834472644
CUST0823,160,5,470.64533478497106,1,3,3,133,7,Others,1,Cluster 1,-0.6177080203707874,0.819106940284095,94.12906695699421,5.0352467270896275,0.25,118.49076907980137
CUST0824,184,3,380.12694081706707,1,1,2,112,4,Lost Customers,1,Cluster 1,-1.5246726337515564,0.7467004300546963,126.70898027235569,5.0352467270896275,0.25,159.5027445523108
CUST0825,4,9,760.759334787767,5,5,4,554,14,Champions,0,Cluster 0,2.0539681019277647,-0.15897582064589805,84.52881497641856,5.0352467270896275,0.25,106.40585973869406
CUST0826,30,5,940.9740960672017,4,3,5,435,12,Potential Loyalists,0,Cluster 0,1.1717324737997599,-0.11366074889646638,188.19481921344033,5.0352467270896275,0.25,236.9018368749249
CUST0827,40,5,506.3838439248828,4,3,3,433,10,Potential Loyalists,0,Cluster 0,0.14453851714028948,-0.5341368523937768,101.27676878497655,5.0352467270896275,0.25,127.48837963869154
CUST0828,142,6,651.4667407763267,1,4,4,144,9,At Risk,0,Cluster 0,0.17257078107029408,0.9529241886869504,108.57779012938778,5.0352467270896275,0.25,136.67899059590607
CUST0829,157,2,289.7809995649567,1,1,1,111,3,Lost Customers,1,Cluster 1,-1.8570245692711336,0.20063926599141088,144.89049978247834,5.0352467270896275,0.25,182.3898537040261
CUST0830,91,3,262.3133282072248,2,1,1,211,4,Others,1,Cluster 1,-1.2588183326016167,-0.4818388380157131,87.43777606907493,5.0352467270896275,0.25,110.06769394395133
CUST0831,15,8,1227.4487857313475,5,5,5,555,15,Champions,0,Cluster 0,2.749216303004873,0.4256763272219848,153.43109821641843,5.0352467270896275,0.25,193.14085878199703
CUST0832,33,3,329.9888165449039,4,1,2,412,7,New Customers,1,Cluster 1,-0.7778653633487272,-1.0736363519334016,109.99627218163464,5.0352467270896275,0.25,138.46459237365892
CUST0833,136,7,611.6547331398235,1,4,4,144,9,At Risk,0,Cluster 0,0.40198940306463765,0.9538938862374877,87.37924759140336,5.0352467270896275,0.25,109.994017612542
CUST0834,51,3,251.42826099340056,3,1,1,311,5,Others,1,Cluster 1,-1.0556377301910969,-0.9610863702143896,83.80942033113352,5.0352467270896275,0.25,105.50027735540473
CUST0835,99,2,242.0619013906821,2,1,1,211,4,Others,1,Cluster 1,-1.6337166233355125,-0.5337255165755524,121.03095069534105,5.0352467270896275,0.25,152.35517459131552
CUST0836,18,6,602.7831146637482,5,4,4,544,13,Champions,0,Cluster 0,0.7690738371591512,-0.5512010743795153,100.46385244395803,5.0352467270896275,0.25,126.46507105231375
CUST0837,78,7,646.6526829487418,3,4,4,344,11,Loyal Customers,0,Cluster 0,0.809982232412512,0.3217240502287254,92.37895470696311,5.0352467270896275,0.25,116.28770733504923
CUST0838,91,6,438.17309750342673,2,4,2,242,8,At Risk,1,Cluster 1,-0.0136143292608867,0.09551086725914554,73.02884958390446,5.0352467270896275,0.25,91.92956896261892
CUST0839,60,2,129.3771749211594,3,1,1,311,5,Others,1,Cluster 1,-1.6635143349016424,-1.1270991256965421,64.6885874605797,5.0352467270896275,0.25,81.43074957273376
CUST0840,9,6,569.7972065364715,5,4,3,543,12,Loyal Customers,0,Cluster 0,0.7466090966346357,-0.6967592201193259,94.96620108941192,5.0352467270896275,0.25,119.5445633048992
CUST0841,6,6,694.035749937782,5,4,4,544,13,Champions,0,Cluster 0,1.0410615949145607,-0.5782003997384246,115.67262498963034,5.0352467270896275,0.25,145.6100515982255
CUST0842,166,4,772.4676809418672,1,2,5,125,8,About to Sleep,1,Cluster 1,-0.26212814444634686,1.1418447878605105,193.1169202354668,5.0352467270896275,0.25,243.09783514031574
CUST0843,3,4,591.149552348563,5,2,4,524,11,Potential Loyalists,0,Cluster 0,0.2600347248966785,-0.9803015583727697,147.78738808714076,5.0352467270896275,0.25,186.03649054272503
CUST0844,65,7,651.3587814521659,3,4,4,344,11,Loyal Customers,0,Cluster 0,0.8944219906169413,0.17615355368361355,93.05125449316655,5.0352467270896275,0.25,117.13400615957522
CUST0845,85,6,791.2625239428693,2,4,5,245,11,At Risk,0,Cluster 0,0.8088618381806307,0.4618745669553239,131.87708732381154,5.0352467270896275,0.25,166.00841808133376
CUST0846,83,4,445.8164347570441,2,2,3,223,7,About to Sleep,1,Cluster 1,-0.5194230225287227,-0.22825858971836757,111.45410868926102,5.0352467270896275,0.25,140.29973399957328
CUST0847,80,4,354.2589668640968,2,2,2,222,6,Others,1,Cluster 1,-0.7067848800368239,-0.3763106117138841,88.5647417160242,5.0352467270896275,0.25,111.48633146528726
CUST0848,23,8,859.5287504763446,4,5,5,455,14,Champions,0,Cluster 0,1.8822531803326708,0.0642797273850395,107.44109380954308,5.0352467270896275,0.25,135.24810398985787
CUST0849,99,8,663.1735452841,2,5,4,254,11,At Risk,0,Cluster 0,1.0116252596111233,0.7067061905889943,82.8966931605125,5.0352467270896275,0.25,104.35132573075592
CUST0850,7,6,537.6684947271677,5,4,3,543,12,Loyal Customers,0,Cluster 0,0.6862485401832809,-0.759743444364363,89.61141578786129,5.0352467270896275,0.25,112.80389701392409
CUST0851,175,4,430.3702788914727,1,2,2,122,5,Lost Customers,1,Cluster 1,-1.077123384651808,0.8239964197911148,107.59256972286818,5.0352467270896275,0.25,135.43878363905864
CUST0852,44,5,628.134721607074,3,3,4,334,10,Need Attention,0,Cluster 0,0.393627023701174,-0.3371366080559088,125.6269443214148,5.0352467270896275,0.25,158.1406650571687
CUST0853,26,6,543.205612893043,4,4,3,443,11,Loyal Customers,0,Cluster 0,0.5905565214402767,-0.5316478035507327,90.53426881550718,5.0352467270896275,0.25,113.96559518568375
CUST0854,6,5,633.0358482264876,5,3,4,534,12,Potential Loyalists,0,Cluster 0,0.6206797427472845,-0.7735907084992638,126.60716964529752,5.0352467270896275,0.25,159.3745841456414
CUST0855,5,5,604.682981813293,5,3,4,534,12,Potential Loyalists,0,Cluster 0,0.5630625311938899,-0.8202649832511302,120.9365963626586,5.0352467270896275,0.25,152.23640025510903
CUST0856,117,6,639.0269669113051,2,4,4,244,10,At Risk,0,Cluster 0,0.2869736330203466,0.6464305872766438,106.5044944852175,5.0352467270896275,0.25,134.06910181925667
CUST0857,107,4,611.9893745233916,2,2,4,224,8,About to Sleep,1,Cluster 1,-0.2848940315272274,0.2565237015898539,152.9973436308479,5.0352467270896275,0.25,192.5948434426585
CUST0858,16,6,691.2545606426495,5,4,4,544,13,Champions,0,Cluster 0,0.9779809422561105,-0.465186670402466,115.20909344044158,5.0352467270896275,0.25,145.02655266923662
CUST0859,140,5,592.0664449639061,1,3,4,134,8,Others,1,Cluster 1,-0.23286538082526803,0.736220190470778,118.41328899278122,5.0352467270896275,0.25,149.06003146120497
CUST0860,14,4,462.8190254018019,5,2,3,523,10,Potential Loyalists,1,Cluster 1,-0.08905087521453475,-1.0107560690757247,115.70475635045048,5.0352467270896275,0.25,145.65049893057716
CUST0861,186,3,160.84445744840056,1,1,1,111,3,Lost Customers,1,Cluster 1,-2.0256455436421477,0.4990720988254784,53.614819149466854,5.0352467270896275,0.25,67.49096066146382
CUST0862,1,7,781.2758162751379,5,4,5,545,14,Champions,0,Cluster 0,1.5484661684701253,-0.40861590262367076,111.61083089644828,5.0352467270896275,0.25,140.49701774477376
CUST0863,118,4,396.8993420200258,2,2,2,222,6,Others,1,Cluster 1,-0.8276902337368377,0.11887988408795787,99.22483550500645,5.0352467270896275,0.25,124.9053820556476
CUST0864,176,4,355.44818591601455,1,2,2,122,5,Lost Customers,1,Cluster 1,-1.2500913341884707,0.7430769371150298,88.86204647900364,5.0352467270896275,0.25,111.86058217397236
CUST0865,71,5,707.2249887968802,3,3,4,334,10,Need Attention,0,Cluster 0,0.4166625658407985,0.0749920580620358,141.44499775937604,5.0352467270896275,0.25,178.05261550777448
CUST0866,7,7,836.7029425986814,5,4,5,545,14,Champions,0,Cluster 0,1.638097405228255,-0.2702671120211548,119.52899179981162,5.0352467270896275,0.25,150.4644911880811
CUST0867,231,5,531.1735813912479,1,3,3,133,7,Others,1,Cluster 1,-0.8863488968727996,1.7206818906388301,106.23471627824958,5.0352467270896275,0.25,133.72950186083784
CUST0868,15,6,766.49540291657,5,4,4,544,13,Champions,0,Cluster 0,1.1516605731022445,-0.38387338054495873,127.74923381942834,5.0352467270896275,0.25,160.81222786937101
CUST0869,178,4,672.4686740109898,1,2,4,124,7,About to Sleep,1,Cluster 1,-0.5536441937584445,1.1580381789429586,168.11716850274746,5.0352467270896275,0.25,211.62785561775866
CUST0870,43,4,540.5662492421943,3,2,3,323,8,Others,1,Cluster 1,-0.08038818829399275,-0.5769967365712074,135.14156231054858,5.0352467270896275,0.25,170.11777732949218
CUST0871,8,9,853.6839606360356,5,5,5,555,15,Champions,0,Cluster 0,2.2386953542011176,0.002410274765384224,94.85377340400396,5.0352467270896275,0.25,119.40303802115302
CUST0872,49,6,542.3613007079299,3,4,3,343,10,Loyal Customers,0,Cluster 0,0.45786808544343166,-0.2648563392060601,90.39355011798831,5.0352467270896275,0.25,113.78845684540322
CUST0873,24,7,892.5192353783974,4,4,5,445,13,Champions,0,Cluster 0,1.6660394389735322,-0.003342710652877612,127.50274791119963,5.0352467270896275,0.25,160.50194852870044
CUST0874,6,5,997.7966891697558,5,3,5,535,13,Potential Loyalists,0,Cluster 0,1.4350924306450799,-0.3229373600589768,199.55933783395116,5.0352467270896275,0.25,251.20762567214396
CUST0875,110,3,159.09699663079977,2,1,1,211,4,Others,1,Cluster 1,-1.5973275054386376,-0.3881054992355479,53.03233221026659,5.0352467270896275,0.25,66.75771929791867
CUST0876,101,5,498.87258640989546,2,3,3,233,8,Others,1,Cluster 1,-0.21914523535530797,0.16692708535185868,99.77451728197909,5.0352467270896275,0.25,125.59732789775816
CUST0877,76,7,750.4880958837623,3,4,4,344,11,Loyal Customers,0,Cluster 0,1.0531929365283477,0.42672027017098646,107.21258512625175,5.0352467270896275,0.25,134.9604545899443
CUST0878,32,3,204.86615155532184,4,1,1,411,6,New Customers,1,Cluster 1,-1.0515434644486,-1.2398674125605473,68.28871718510727,5.0352467270896275,0.25,85.96263492586515
CUST0879,319,3,173.22005365619148,1,1,1,111,3,Lost Customers,1,Cluster 1,-2.754398554407266,2.063144494344228,57.74001788539716,5.0352467270896275,0.25,72.68380901988564
CUST0880,103,1,151.7786222795132,2,1,1,211,4,Others,1,Cluster 1,-2.142228770521423,-0.7187148129936691,151.7786222795132,5.0352467270896275,0.25,191.06070276877293
CUST0881,64,12,1356.818778021669,3,5,5,355,13,Loyal Customers,0,Cluster 0,3.8961387340683684,1.6362195290245811,113.06823150180576,5.0352467270896275,0.25,142.33161065181994
CUST0882,2,3,285.1755616929229,5,1,1,511,7,New Customers,1,Cluster 1,-0.7016211689844971,-1.4899965131293964,95.05852056430763,5.0352467270896275,0.25,119.66077613835301
CUST0883,8,9,813.9928499198479,5,5,5,555,15,Champions,0,Cluster 0,2.1500757971224917,-0.046627149047184915,90.44364999109422,5.0352467270896275,0.25,113.85152315092425
CUST0884,97,7,741.405403754923,2,4,4,244,10,At Risk,0,Cluster 0,0.9134846188606445,0.66004344740557,105.91505767927471,5.0352467270896275,0.25,133.32711188226926
CUST0885,132,3,362.358130037778,2,1,2,212,5,Others,1,Cluster 1,-1.2686163686903291,0.11920840919104421,120.78604334592599,5.0352467270896275,0.25,152.04688235891993
CUST0886,44,5,572.5972958820938,3,3,3,333,9,Need Attention,0,Cluster 0,0.2696269143510588,-0.40575177738711643,114.51945917641876,5.0352467270896275,0.25,144.1584330015342
CUST0887,56,8,694.0338366559632,3,5,4,354,12,Loyal Customers,0,Cluster 0,1.3250733030317,0.24409910983521266,86.7542295819954,5.0352467270896275,0.25,109.20723764098112
CUST0888,136,5,663.3460356892334,1,3,4,134,8,Others,1,Cluster 1,-0.05096885561738282,0.7777045014209457,132.66920713784668,5.0352467270896275,0.25,167.00554775660459
CUST0889,9,9,771.5735702832545,5,5,4,554,14,Champions,0,Cluster 0,2.049677873214381,-0.08739017845100887,85.73039669813939,5.0352467270896275,0.25,107.91842484660044
CUST0890,62,2,136.22038735399738,3,1,1,311,5,Others,1,Cluster 1,-1.6596094864116266,-1.0953545348823353,68.11019367699869,5.0352467270896275,0.25,85.73790744838708
CUST0891,55,9,959.5802081202332,3,5,5,355,13,Loyal Customers,0,Cluster 0,2.2078394160794144,0.6805567375453816,106.62002312447036,5.0352467270896275,0.25,134.21453061992744
CUST0892,37,7,763.4214349544546,4,5,4,454,13,Champions,0,Cluster 0,1.3038665226502268,-0.011455204978451112,109.06020499349351,5.0352467270896275,0.25,137.28626006230303
CUST0893,9,7,642.2904862984768,5,5,4,554,14,Champions,0,Cluster 0,1.1926525655672946,-0.48716911598009954,91.75578375692525,5.0352467270896275,0.25,115.50325246340037
CUST0894,12,5,393.06682491942826,5,3,2,532,10,Others,1,Cluster 1,0.0507709598223934,-1.000196839053166,78.61336498388565,5.0352467270896275,0.25,98.95942218515313
CUST0895,7,8,879.1356129660078,5,5,5,555,15,Champions,0,Cluster 0,2.0170236319875037,-0.09781617623354028,109.89195162075097,5.0352467270896275,0.25,138.3332724329695
CUST0896,241,3,313.88763921926477,1,1,2,112,4,Lost Customers,1,Cluster 1,-1.9967318843121886,1.3286273362906502,104.62921307308825,5.0352467270896275,0.25,131.70847567105773
CUST0897,26,6,740.8215973221361,4,4,4,444,12,Champions,0,Cluster 0,1.031779775104992,-0.2874979522180195,123.47026622035601,5.0352467270896275,0.25,155.42581346973316
CUST0898,148,4,433.14476953868393,1,2,2,122,5,Lost Customers,1,Cluster 1,-0.9173769776607773,0.5130097160151287,108.28619238467098,5.0352467270896275,0.25,136.31192394847807
CUST0899,11,9,1053.4401216922347,5,5,5,555,15,Champions,0,Cluster 0,2.667635743818749,0.28413921022778876,117.0489024102483,5.0352467270896275,0.25,147.342525692659
CUST0900,114,6,459.689497053565,2,4,3,243,9,At Risk,1,Cluster 1,-0.09637732013450864,0.3899284594275732,76.61491617559416,5.0352467270896275,0.25,96.44375147985167
CUST0901,137,2,165.8719318123579,1,1,1,111,3,Lost Customers,1,Cluster 1,-2.0199381228382953,-0.1853470870369686,82.93596590617895,5.0352467270896275,0.25,104.40076272177612
CUST0902,24,8,706.2378180970504,4,5,4,454,13,Champions,0,Cluster 0,1.5343087256940375,-0.11346259350851405,88.2797272621313,5.0352467270896275,0.25,111.1275519412529
CUST0903,96,7,657.7623483103104,2,5,4,254,11,At Risk,0,Cluster 0,0.7324193108860175,0.5450594583804537,93.96604975861577,5.0352467270896275,0.25,118.28556112615279
CUST0904,58,5,369.4173218486269,3,3,2,332,8,Need Attention,1,Cluster 1,-0.26363863784678815,-0.4937460539774612,73.88346436972537,5.0352467270896275,0.25,93.0053680384257
CUST0905,5,6,700.6065696505719,5,4,4,544,13,Champions,0,Cluster 0,1.061419565717941,-0.581727290434884,116.76776160842866,5.0352467270896275,0.25,146.98862236710556
CUST0906,1,7,603.446136762163,5,5,4,554,14,Champions,0,Cluster 0,1.1514204030704054,-0.6283202445627483,86.20659096602328,5.0352467270896275,0.25,108.51786375380574
CUST0907,88,3,215.5441561737825,2,1,1,211,4,Others,1,Cluster 1,-1.346179991834667,-0.5745559851166971,71.8480520579275,5.0352467270896275,0.25,90.44316724311116
CUST0908,87,1,124.97263569453702,2,1,1,211,4,Others,1,Cluster 1,-2.111085706801444,-0.9381526883876485,124.97263569453702,5.0352467270896275,0.25,157.31701371417046
CUST0909,218,4,183.19331910244554,1,2,1,121,4,Lost Customers,1,Cluster 1,-1.873548270946038,1.0193493986694053,45.798329775611386,5.0352467270896275,0.25,57.65147252720467
CUST0910,210,3,363.7846666421103,1,1,2,112,4,Lost Customers,1,Cluster 1,-1.7090251454502141,1.0292794775350749,121.26155554737011,5.0352467270896275,0.25,152.6454626729231
CUST0911,122,6,641.3776066015268,2,4,4,244,10,At Risk,0,Cluster 0,0.26378647504443015,0.7075596580379746,106.89626776692114,5.0352467270896275,0.25,134.56227060287154
CUST0912,15,6,706.2814491849417,5,4,4,544,13,Champions,0,Cluster 0,1.017219036612981,-0.4582662890650025,117.71357486415695,5.0352467270896275,0.25,148.17922314219155
CUST0913,17,6,885.0787716048724,5,4,5,545,14,Champions,0,Cluster 0,1.4050510866839419,-0.21407648279575983,147.51312860081205,5.0352467270896275,0.25,185.69124949749755
CUST0914,41,6,813.1331819209693,4,4,5,445,13,Champions,0,Cluster 0,1.1079255527469705,-0.02348397442841735,135.52219698682822,5.0352467270896275,0.25,170.59692470648065
CUST0915,1,6,759.5508015200833,5,4,4,544,13,Champions,0,Cluster 0,1.2157745578600236,-0.5554830221335121,126.59180025334722,5.0352467270896275,0.25,159.3552369755126
CUST0916,90,4,516.2431737484683,2,2,3,223,7,About to Sleep,1,Cluster 1,-0.4019887923409953,-0.05973315195289198,129.06079343711707,5.0352467270896275,0.25,162.46323443745854
CUST0917,21,9,964.2599634131623,4,5,5,455,14,Champions,0,Cluster 0,2.411649470096791,0.2904090671302019,107.1399959347958,5.0352467270896275,0.25,134.86907846776916
CUST0918,91,6,562.9537109543543,2,4,3,243,9,At Risk,0,Cluster 0,0.2649871635290459,0.24967434908103217,93.82561849239238,5.0352467270896275,0.25,118.1087846077447
CUST0919,30,8,1164.8339708809985,4,5,5,455,14,Champions,0,Cluster 0,2.524107781090966,0.5229919457591947,145.60424636012482,5.0352467270896275,0.25,183.2883262337926
CUST0920,4,6,578.889282481373,5,4,3,543,12,Loyal Customers,0,Cluster 0,0.7953447558508491,-0.7437510877124569,96.48154708022884,5.0352467270896275,0.25,121.45209854006652
CUST0921,35,9,809.8586921689653,4,5,5,455,14,Champions,0,Cluster 0,1.9872936197957978,0.26267971834217296,89.98429912988503,5.0352467270896275,0.25,113.27328692080191
CUST0922,58,3,278.03597475784045,3,1,1,311,5,Others,1,Cluster 1,-1.0360395780864333,-0.846698296517008,92.67865825261349,5.0352467270896275,0.25,116.66497765938254
CUST0923,83,5,473.4540117795899,2,3,3,233,8,Others,1,Cluster 1,-0.17353025327401905,-0.07408664007156243,94.69080235591798,5.0352467270896275,0.25,119.1978881620317
CUST0924,12,6,713.9472472112875,5,4,4,544,13,Champions,0,Cluster 0,1.0513960002413774,-0.48373032460320897,118.99120786854792,5.0352467270896275,0.25,149.78752249313686
CUST0925,18,9,1010.5857840249862,5,5,5,555,15,Champions,0,Cluster 0,2.532143848792573,0.3127085705285464,112.28730933610957,5.0352467270896275,0.25,141.34857670708658
CUST0926,93,6,369.9909026929105,2,4,2,242,8,At Risk,1,Cluster 1,-0.1772210026098889,0.03456335081512742,61.665150448818416,5.0352467270896275,0.25,77.6248117432256
CUST0927,88,2,297.30974288165777,2,1,2,212,5,Others,1,Cluster 1,-1.4478049706988103,-0.5935629265417361,148.65487144082888,5.0352467270896275,0.25,187.12848872209074
CUST0928,131,4,709.5586934433792,2,2,4,224,8,About to Sleep,1,Cluster 1,-0.2035384434286358,0.6565478500843065,177.3896733608448,5.0352467270896275,0.25,223.30019305242297
CUST0929,2,7,834.7526205976578,5,5,5,555,15,Champions,0,Cluster 0,1.6621783647548805,-0.3309015997932302,119.25037437109397,5.0352467270896275,0.25,150.11376431406592
CUST0930,49,7,531.2848760938518,3,5,3,353,11,Loyal Customers,0,Cluster 0,0.7173229189519945,-0.15851461833038774,75.89783944197883,5.0352467270896275,0.25,95.54108691084949
CUST0931,132,4,795.3355895312767,2,2,5,225,9,About to Sleep,1,Cluster 1,-0.017708844173867044,0.7741681485017565,198.83389738281917,5.0352467270896275,0.25,250.2944327578288
CUST0932,90,5,385.6704972732614,2,3,2,232,7,Others,1,Cluster 1,-0.40933689584800437,-0.10102620976679162,77.13409945465227,5.0352467270896275,0.25,97.09730545651092
CUST0933,223,1,43.040194687851255,1,1,1,111,3,Lost Customers,1,Cluster 1,-3.0674644590851927,0.5443393156811366,43.040194687851255,5.0352467270896275,0.25,54.17949985882585
CUST0934,160,6,699.9019861656415,1,4,4,144,9,At Risk,0,Cluster 0,0.1783458238908798,1.2223744637155098,116.65033102760691,5.0352467270896275,0.25,146.84079938016984
CUST0935,333,2,152.93448161323067,1,1,1,111,3,Lost Customers,1,Cluster 1,-3.163495685976966,2.08108552372871,76.46724080661534,5.0352467270896275,0.25,96.25785600027108
CUST0936,79,12,1298.4118971994396,2,5,5,255,12,At Risk,0,Cluster 0,3.680425395183087,1.7387339500288654,108.20099143328663,5.0352467270896275,0.25,136.20467199557734
CUST0937,51,5,548.8144118307315,3,3,3,333,9,Need Attention,0,Cluster 0,0.17671643722398134,-0.3536200894817915,109.7628823661463,5.0352467270896275,0.25,138.1707985475155
CUST0938,8,6,1012.840246765049,5,4,5,545,14,Champions,0,Cluster 0,1.7414919462154181,-0.16103505752851735,168.80670779417483,5.0352467270896275,0.25,212.49585573284847
CUST0939,34,7,576.4526855090371,4,5,3,453,12,Loyal Customers,0,Cluster 0,0.9034769781130617,-0.27738559735881696,82.35038364414815,5.0352467270896275,0.25,103.66362492969304
CUST0940,53,8,936.2610033907922,3,5,5,355,13,Loyal Customers,0,Cluster 0,1.8829626099940475,0.5084300696968971,117.03262542384903,5.0352467270896275,0.25,147.32203603203553
CUST0941,82,3,380.8911592857151,2,1,2,212,5,Others,1,Cluster 1,-0.9428820761462863,-0.440143586711644,126.96371976190504,5.0352467270896275,0.25,159.82341359756424
CUST0942,67,8,1124.6700433703859,3,5,5,355,13,Loyal Customers,0,Cluster 0,2.2240098284020378,0.9042347116556599,140.58375542129824,5.0352467270896275,0.25,176.96847359176516
CUST0943,1,7,552.5055422192333,5,5,3,553,13,Loyal Customers,0,Cluster 0,1.0376837793211704,-0.6912561382374771,78.92936317417619,5.0352467270896275,0.25,99.35720439850981
CUST0944,133,6,398.53351529794634,2,4,2,242,8,At Risk,1,Cluster 1,-0.3409770632671162,0.5356263606160817,66.42225254965773,5.0352467270896275,0.25,83.61310743914619
CUST0945,43,4,398.3344765488554,3,2,2,322,7,Others,1,Cluster 1,-0.3979534181692754,-0.7527207108144297,99.58361913721384,5.0352467270896275,0.25,125.357023083099
CUST0946,117,6,774.9874619226971,2,4,5,245,11,At Risk,0,Cluster 0,0.5905367893717824,0.8144065470151848,129.1645769871162,5.0352467270896275,0.25,162.59387838257325
CUST0947,40,12,1509.4313270020946,4,5,5,455,14,Champions,0,Cluster 0,4.373371855693024,1.5452891313746777,125.78594391684122,5.0352467270896275,0.25,158.34081560528855
CUST0948,111,5,443.9355955435935,2,3,3,233,8,Others,1,Cluster 1,-0.3986757416690919,0.2155035616157686,88.7871191087187,5.0352467270896275,0.25,111.76626272497319
CUST0949,69,3,373.943406633217,3,1,2,312,6,Others,1,Cluster 1,-0.884462227918245,-0.600112139342107,124.64780221107235,5.0352467270896275,0.25,156.90810953055433
CUST0950,91,3,407.9183296247908,2,1,2,212,5,Others,1,Cluster 1,-0.9337215917640074,-0.30194731986701906,135.97277654159691,5.0352467270896275,0.25,171.1641195135913
CUST0951,28,6,608.1315631361508,4,4,4,444,12,Champions,0,Cluster 0,0.7241444754363516,-0.4281433708272669,101.35526052269181,5.0352467270896275,0.25,127.58718595505012
CUST0952,60,7,708.4998642388304,3,5,4,354,12,Loyal Customers,0,Cluster 0,1.0504381372660312,0.18852509189488595,101.2142663198329,5.0352467270896275,0.25,127.40970080542914
CUST0953,95,3,124.06948192797961,2,1,1,211,4,Others,1,Cluster 1,-1.5902279996744841,-0.6060558949293592,41.3564939759932,5.0352467270896275,0.25,52.06003773413042
CUST0954,1,5,381.8243644812287,5,3,2,532,10,Others,1,Cluster 1,0.08822768135069395,-1.1421814365455698,76.36487289624574,5.0352467270896275,0.25,96.1289940788592
CUST0955,133,6,611.8396660918015,2,4,4,244,10,At Risk,0,Cluster 0,0.13527810481485134,0.7991610395294643,101.97327768196692,5.0352467270896275,0.25,128.3651531746814
CUST0956,21,9,716.6879233343038,4,5,4,454,13,Champions,0,Cluster 0,1.858887802787435,-0.015460303477710937,79.63199148158931,5.0352467270896275,0.25,100.24168111982542
CUST0957,141,7,772.1778814588881,1,5,5,155,11,At Risk,0,Cluster 0,0.7319588437269732,1.2104413315711995,110.31112592269831,5.0352467270896275,0.25,138.8609339409596
CUST0958,8,8,1263.9502028975453,5,5,5,555,15,Champions,0,Cluster 0,2.8705238380874705,0.38925808465423295,157.99377536219316,5.0352467270896275,0.25,198.88441007325423
CUST0959,99,4,395.29149159460576,2,2,2,222,6,Others,1,Cluster 1,-0.7232252187102989,-0.10436123983297234,98.82287289865144,5.0352467270896275,0.25,124.39938683113223
CUST0960,108,4,566.9359999215744,2,2,3,223,7,About to Sleep,1,Cluster 1,-0.39117317984324984,0.2125063104702326,141.7339999803936,5.0352467270896275,0.25,178.41641487964955
CUST0961,32,3,537.6999367270297,4,1,3,413,8,New Customers,1,Cluster 1,-0.30841529064595524,-0.8286591826041584,179.23331224234323,5.0352467270896275,0.25,225.620987213423
CUST0962,86,6,845.8716610052345,2,4,5,245,11,At Risk,0,Cluster 0,0.9251022284125965,0.5409878399697355,140.97861016753907,5.0352467270896275,0.25,177.4655213589364
CUST0963,8,7,769.0163436229594,5,5,4,554,14,Champions,0,Cluster 0,1.4812843644843101,-0.3422473138518274,109.85947766042277,5.0352467270896275,0.25,138.29239383235495
CUST0964,159,4,397.9640810946468,1,2,2,122,5,Lost Customers,1,Cluster 1,-1.0584840838194338,0.5976396165646781,99.4910202736617,5.0352467270896275,0.25,125.24045855194072
CUST0965,59,3,261.63460746015886,3,1,1,311,5,Others,1,Cluster 1,-1.078346513206858,-0.855316813684717,87.21153582005296,5.0352467270896275,0.25,109.78290007559536
CUST0966,245,2,106.80736229801894,1,1,1,111,3,Lost Customers,1,Cluster 1,-2.7660202614215623,0.9993381254004358,53.40368114900947,5.0352467270896275,0.25,67.225177680022
CUST0967,39,2,267.9046633784832,4,1,1,411,6,New Customers,1,Cluster 1,-1.2347906606522279,-1.2004963340339452,133.9523316892416,5.0352467270896275,0.25,168.62075993106947
CUST0968,114,4,373.7962416479061,2,2,2,222,6,Others,1,Cluster 1,-0.8565248301836872,0.0437566237103549,93.44906041197652,5.0352467270896275,0.25,117.6347688972514
CUST0969,283,4,276.7451234429427,1,2,1,121,4,Lost Customers,1,Cluster 1,-2.0343338361337526,1.8918542760586001,69.18628086073568,5.0352467270896275,0.25,87.09249856588076
CUST0970,93,2,296.1502582351685,2,1,2,212,5,Others,1,Cluster 1,-1.478829290658792,-0.5367705309610249,148.07512911758425,5.0352467270896275,0.25,186.39870231317252
CUST0971,258,4,469.19511210335037,1,2,3,123,6,About to Sleep,1,Cluster 1,-1.462467343652647,1.8384971059177364,117.29877802583759,5.0352467270896275,0.25,147.65707203655288
CUST0972,127,4,371.3334225587751,2,2,2,222,6,Others,1,Cluster 1,-0.9359559498161257,0.19209863864796767,92.83335563969378,5.0352467270896275,0.25,116.85971253737888
CUST0973,31,11,1006.3802481207797,4,5,5,455,14,Champions,0,Cluster 0,3.0171927231781024,0.6989502606549495,91.48911346552542,5.0352467270896275,0.25,115.16756478540461
CUST0974,35,8,699.2853284367262,4,5,4,454,13,Champions,0,Cluster 0,1.4562275824827922,0.006042575640103049,87.41066605459078,5.0352467270896275,0.25,110.03356754102565
CUST0975,23,6,756.1454375858413,4,4,4,444,12,Champions,0,Cluster 0,1.0830550839023336,-0.30350065860741,126.0242395976402,5.0352467270896275,0.25,158.64078499199422
CUST0976,101,4,600.8735206624452,2,2,4,224,8,About to Sleep,1,Cluster 1,-0.2755901347411073,0.17292043481407215,150.2183801656113,5.0352467270896275,0.25,189.09665176939993
CUST0977,31,5,577.8200498828899,4,3,3,433,10,Potential Loyalists,0,Cluster 0,0.35522022508937234,-0.5506839583463814,115.56400997657798,5.0352467270896275,0.25,145.47332575097934
CUST0978,95,4,494.9382233241955,2,2,3,223,7,About to Sleep,1,Cluster 1,-0.477992510008829,-0.027830000472973244,123.73455583104888,5.0352467270896275,0.25,155.75850431904442
CUST0979,43,4,452.6732158588642,3,2,3,323,8,Others,1,Cluster 1,-0.27662965264663597,-0.6855864900555518,113.16830396471605,5.0352467270896275,0.25,142.45758303715516
CUST0980,186,4,450.34797543920445,1,2,3,123,6,About to Sleep,1,Cluster 1,-1.0950766773005474,0.9767731938559746,112.58699385980111,5.0352467270896275,0.25,141.7258230863559
CUST0981,6,7,855.3578104582642,5,5,5,555,15,Champions,0,Cluster 0,1.6854357999896084,-0.25886444847603673,122.19397292260918,5.0352467270896275,0.25,153.8192005571616
CUST0982,28,6,724.2292055975233,4,4,4,444,12,Champions,0,Cluster 0,0.9833592332789275,-0.28470749326447187,120.70486759958722,5.0352467270896275,0.25,151.94469738115208
CUST0983,196,4,550.0118962663851,1,2,3,123,6,About to Sleep,1,Cluster 1,-0.9294249987116443,1.216355421577249,137.50297406659627,5.0352467270896275,0.25,173.0903500334797
CUST0984,18,8,716.4739665893306,5,5,4,554,14,Champions,0,Cluster 0,1.5912858913089132,-0.170685968924513,89.55924582366633,5.0352467270896275,0.25,112.73822485355782
CUST0985,27,6,708.8837480447711,4,4,4,444,12,Champions,0,Cluster 0,0.954784061395208,-0.3153114235617869,118.14729134079518,5.0352467270896275,0.25,148.7251905095609
CUST0986,19,6,752.5877649740775,4,4,4,444,12,Champions,0,Cluster 0,1.097860161926186,-0.35447600759155257,125.43129416234625,5.0352467270896275,0.25,157.89437835139256
CUST0987,76,2,169.14456825446598,3,1,1,311,5,Others,1,Cluster 1,-1.6657180692748994,-0.8916477403640326,84.57228412723299,5.0352467270896275,0.25,106.460579213536
CUST0988,16,8,999.3551901412807,5,5,5,555,15,Champions,0,Cluster 0,2.234257653942684,0.15551709402772526,124.91939876766008,5.0352467270896275,0.25,157.24999844871613
CUST0989,28,5,409.1641433258384,4,3,2,432,9,Others,1,Cluster 1,-0.004281674926532532,-0.7939892686434799,81.83282866516768,5.0352467270896275,0.25,103.01212067619295
CUST0990,46,8,716.8364901340935,3,5,4,354,12,Loyal Customers,0,Cluster 0,1.4328564912440165,0.15582142357726783,89.60456126676169,5.0352467270896275,0.25,112.79526846269096
CUST0991,128,3,239.754741013042,2,1,1,211,4,Others,1,Cluster 1,-1.5196083034047123,-0.07884509264592278,79.91824700434734,5.0352467270896275,0.25,100.60202291584508
CUST0992,58,5,698.8137789813868,3,3,4,334,10,Need Attention,0,Cluster 0,0.47181490849270347,-0.08678456110620933,139.76275579627736,5.0352467270896275,0.25,175.9349896730581
CUST0993,19,7,662.2676252024808,4,5,4,454,13,Champions,0,Cluster 0,1.1803851284743874,-0.3460380131307954,94.60966074321153,5.0352467270896275,0.25,119.09574615207897
CUST0994,58,6,532.2789693598419,3,4,3,343,10,Loyal Customers,0,Cluster 0,0.3841730501996571,-0.17250797958476505,88.71316155997364,5.0352467270896275,0.25,111.67316409865767
CUST0995,274,3,330.66289508762844,1,1,2,112,4,Lost Customers,1,Cluster 1,-2.1469515779598773,1.7336371807394229,110.22096502920948,5.0352467270896275,0.25,138.74743835499683
CUST0996,12,3,170.93564946517796,5,1,1,511,7,New Customers,1,Cluster 1,-1.013559121945428,-1.514687386547855,56.978549821725984,5.0352467270896275,0.25,71.72526412603976
CUST0997,16,4,368.5409067442523,5,2,2,522,9,New Customers,1,Cluster 1,-0.31092271603184013,-1.10394447911977,92.13522668606308,5.0352467270896275,0.25,115.980899655165
CUST0998,231,3,319.2135988268063,1,1,2,112,4,Lost Customers,1,Cluster 1,-1.9279694451306784,1.2187576101852273,106.40453294226876,5.0352467270896275,0.25,133.9432690612648
CUST0999,34,7,682.0522652924649,4,5,4,454,13,Champions,0,Cluster 0,1.1392523902705172,-0.14691982669049428,97.43603789892356,5.0352467270896275,0.25,122.65362273278394
CUST1000,94,2,137.3913101946231,2,1,1,211,4,Others,1,Cluster 1,-1.8389823511352417,-0.7212684552266247,68.69565509731154,5.0352467270896275,0.25,86.47489312350396
CUST1001,136,4,360.2001602023642,1,2,2,122,5,Lost Customers,1,Cluster 1,-1.0119974308709967,0.28314859798962805,90.05004005059105,5.0352467270896275,0.25,113.35604235975711
CUST1002,48,5,631.3050809564731,3,3,4,334,10,Need Attention,0,Cluster 0,0.37795717950822,-0.28663977540079044,126.26101619129463,5.0352467270896275,0.25,158.9388421340567
CUST1003,349,2,256.5694790192944,1,1,1,111,3,Lost Customers,1,Cluster 1,-3.0231002669762566,2.3954438157286577,128.2847395096472,5.0352467270896275,0.25,161.48632868787413
CUST1004,104,4,563.7638953192429,2,2,3,223,7,About to Sleep,1,Cluster 1,-0.3755072323299065,0.16200732159660183,140.94097382981073,5.0352467270896275,0.25,177.41814429734484
CUST1005,25,5,556.0213620189301,4,3,3,433,10,Potential Loyalists,0,Cluster 0,0.3406722316005896,-0.6474856125966522,111.204272403786,5.0352467270896275,0.25,139.9852371648867
CUST1006,287,1,158.25142321666308,1,1,1,111,3,Lost Customers,1,Cluster 1,-3.1742032646846305,1.4319589145398115,158.25142321666308,5.0352467270896275,0.25,199.20874020224457
CUST1007,177,5,687.9240977783747,1,3,4,134,8,Others,1,Cluster 1,-0.229263790114238,1.2855143855588196,137.58481955567495,5.0352467270896275,0.25,173.19337809123232
CUST1008,159,5,408.65123755784225,1,3,2,132,6,Others,1,Cluster 1,-0.7504370370744162,0.730869724530264,81.73024751156845,5.0352467270896275,0.25,102.88299032171255
CUST1009,70,7,942.9811879127847,3,5,5,355,13,Loyal Customers,0,Cluster 0,1.5171007553623297,0.5946710161571797,134.71159827325496,5.0352467270896275,0.25,169.57653357660493
CUST1010,256,3,302.450518923761,1,1,2,112,4,Lost Customers,1,Cluster 1,-2.107574402027179,1.4891717799313269,100.81683964125368,5.0352467270896275,0.25,126.9094154597856
CUST1011,90,3,365.77352562502233,2,1,2,212,5,Others,1,Cluster 1,-1.0221324842732675,-0.36566120566593774,121.92450854167411,5.0352467270896275,0.25,153.479995646619
CUST1012,92,6,618.064532316215,2,4,4,244,10,At Risk,0,Cluster 0,0.38234767964341637,0.32940744112218723,103.01075538603584,5.0352467270896275,0.25,129.6711422281418
CUST1013,95,6,824.8280546533981,2,4,5,245,11,At Risk,0,Cluster 0,0.8269336191538468,0.6197938048788133,137.471342442233,5.0352467270896275,0.25,173.0505317752178
CUST1014,42,6,699.5849756707896,4,4,4,444,12,Champions,0,Cluster 0,0.848715898498361,-0.15212510189365455,116.5974959451316,5.0352467270896275,0.25,146.7742899611425
CUST1015,162,8,727.4553924275833,1,5,4,154,10,At Risk,0,Cluster 0,0.7968619668464878,1.5197587671026287,90.93192405344791,5.0352467270896275,0.25,114.46616824452154
CUST1016,85,5,807.725825456339,2,3,5,235,10,Others,0,Cluster 0,0.5614344495141813,0.3621882044401287,161.5451650912678,5.0352467270896275,0.25,203.35494095073992
CUST1017,3,11,831.0669420891345,5,5,5,555,15,Champions,0,Cluster 0,2.7850041593011823,0.1562953350570263,75.55154018992131,5.0352467270896275,0.25,95.10516136697044
CUST1018,205,3,231.47920381538367,1,1,1,111,3,Lost Customers,1,Cluster 1,-1.9759920965124016,0.8075943118788433,77.1597346051279,5.0352467270896275,0.25,97.12957528339362
CUST1019,17,3,318.2156592374247,5,1,2,512,8,New Customers,1,Cluster 1,-0.7131580418346968,-1.2745015240928008,106.0718864124749,5.0352467270896275,0.25,133.52452972365924
CUST1020,54,6,764.0545387399629,3,4,4,344,11,Loyal Customers,0,Cluster 0,0.9244138566495278,0.06726529792481711,127.34242312332715,5.0352467270896275,0.25,160.3001298128489
CUST1021,2,6,673.7080769999296,5,4,4,544,13,Champions,0,Cluster 0,1.0184237802027287,-0.6498946854942697,112.28467949998827,5.0352467270896275,0.25,141.34526623865594
CUST1022,244,4,177.94780820443862,1,2,1,121,4,Lost Customers,1,Cluster 1,-2.03312469981745,1.315638233402918,44.486952051109654,5.0352467270896275,0.25,56.00069492838577
CUST1023,215,2,223.93136175306918,1,1,1,111,3,Lost Customers,1,Cluster 1,-2.333900906200871,0.7946925748323475,111.96568087653459,5.0352467270896275,0.25,140.9437070449831
CUST1024,164,3,573.6840741551115,1,1,3,113,5,About to Sleep,1,Cluster 1,-0.9787696886004659,0.7529360221456047,191.2280247183705,5.0352467270896275,0.25,240.72007139774738
CUST1025,22,8,742.4159816383773,4,5,4,454,13,Champions,0,Cluster 0,1.6264590193995916,-0.09205529694596899,92.80199770479716,5.0352467270896275,0.25,116.82023880261475
CUST1026,6,3,432.8265780011003,5,1,2,512,8,New Customers,1,Cluster 1,-0.39470463060756666,-1.2609972631781936,144.27552600036677,5.0352467270896275,0.25,181.6157175231203
CUST1027,160,4,417.1730766920043,1,2,2,122,5,Lost Customers,1,Cluster 1,-1.0212826723548276,0.6330168562778977,104.29326917300108,5.0352467270896275,0.25,131.2855855652078
CUST1028,100,2,233.4579844320075,2,1,1,211,4,Others,1,Cluster 1,-1.6586139525538388,-0.5327104691986594,116.72899221600375,5.0352467270896275,0.25,146.93981900302586
CUST1029,105,5,523.0690184627794,2,3,3,233,8,Others,1,Cluster 1,-0.18786952381893207,0.2434011310320124,104.61380369255588,5.0352467270896275,0.25,131.6890781628347
CUST1030,99,3,261.0697220393046,2,1,1,211,4,Others,1,Cluster 1,-1.3070917751279671,-0.3902154257951636,87.02324067976821,5.0352467270896275,0.25,109.54587195338395
CUST1031,42,6,604.6658322529137,4,4,4,444,12,Champions,0,Cluster 0,0.6367870233373024,-0.2693954473115789,100.77763870881894,5.0352467270896275,0.25,126.86006886810038
CUST1032,6,8,633.8983485063432,5,5,4,554,14,Champions,0,Cluster 0,1.4751619902498037,-0.41244596932269273,79.2372935632929,5.0352467270896275,0.25,99.74483076950264
CUST1033,9,3,181.66450572055646,5,1,1,511,7,New Customers,1,Cluster 1,-0.972543174507687,-1.5363670864544963,60.55483524018549,5.0352467270896275,0.25,76.2271339881489
CUST1034,21,8,805.9687687862693,4,5,5,455,14,Champions,0,Cluster 0,1.7740423720189544,-0.025182321365834034,100.74609609828366,5.0352467270896275,0.25,126.82036266148496
CUST1035,155,1,44.58251287194125,1,1,1,111,3,Lost Customers,1,Cluster 1,-2.6772980356599905,-0.2456139805430873,44.58251287194125,5.0352467270896275,0.25,56.120988005968336
CUST1036,7,9,846.783429240327,5,5,5,555,15,Champions,0,Cluster 0,2.228975427285226,-0.017760150004963983,94.08704769336967,5.0352467270896275,0.25,118.43787473989133
CUST1037,44,8,824.1293635592771,3,5,5,355,13,Loyal Customers,0,Cluster 0,1.6837867731627005,0.2650892537695839,103.01617044490963,5.0352467270896275,0.25,129.6779587675096
CUST1038,8,6,626.5544416912129,5,4,4,544,13,Champions,0,Cluster 0,0.8790198124375594,-0.6382819874931055,104.42574028186881,5.0352467270896275,0.25,131.45234174454785
CUST1039,43,4,478.3383669936808,3,2,3,323,8,Others,1,Cluster 1,-0.21932628459057849,-0.6538778059017887,119.5845917484202,5.0352467270896275,0.25,150.53448105289553
CUST1040,25,6,749.5790448339151,4,4,4,444,12,Champions,0,Cluster 0,1.0570198966858562,-0.28832331624604923,124.92984080565252,5.0352467270896275,0.25,157.2631430081225
CUST1041,186,6,549.7955421253997,1,4,3,143,8,At Risk,1,Cluster 1,-0.3046660418181705,1.3396910589676303,91.63259035423329,5.0352467270896275,0.25,115.34817516897444
CUST1042,4,5,580.7209346636084,5,3,3,533,11,Potential Loyalists,0,Cluster 0,0.5152488361287817,-0.8615145051748698,116.14418693272168,5.0352467270896275,0.25,146.20365928086818
CUST1043,10,4,541.7033007882094,5,2,3,523,10,Potential Loyalists,1,Cluster 1,0.1098248620694862,-0.9598763509938983,135.42582519705235,5.0352467270896275,0.25,170.47561077171747
CUST1044,5,8,678.5744564243463,5,5,4,554,14,Champions,0,Cluster 0,1.5805988036999872,-0.3688946822231085,84.82180705304329,5.0352467270896275,0.25,106.77468158741603
CUST1045,92,2,170.67037827470932,2,1,1,211,4,Others,1,Cluster 1,-1.753304956551632,-0.7034429221935133,85.33518913735466,5.0352467270896275,0.25,107.42093295235985
CUST1046,34,7,695.8710532357617,4,5,4,454,13,Champions,0,Cluster 0,1.1701060208392118,-0.12984704266595712,99.41015046225166,5.0352467270896275,0.25,125.13865868863503
CUST1047,207,3,337.94993058141335,1,1,2,112,4,Lost Customers,1,Cluster 1,-1.7496458490858968,0.9624263284565479,112.64997686047111,5.0352467270896275,0.25,141.80510682335236
CUST1048,37,1,51.31437998173985,4,1,1,411,6,New Customers,1,Cluster 1,-1.991189716393843,-1.6114048254270035,51.31437998173985,5.0352467270896275,0.25,64.59514096392226
CUST1049,49,9,650.2384602122362,3,5,4,354,12,Loyal Customers,0,Cluster 0,1.551285236259782,0.22850246765108115,72.24871780135958,5.0352467270896275,0.25,90.94752996142948
CUST1050,75,5,875.6880234229845,3,3,5,335,11,Need Attention,0,Cluster 0,0.7700467341723303,0.3297040619330954,175.1376046845969,5.0352467270896275,0.25,220.4652626946084
CUST1051,37,3,396.1809742752607,4,1,2,412,7,New Customers,1,Cluster 1,-0.6528245104096627,-0.9452775854378453,132.06032475842025,5.0352467270896275,0.25,166.23907950455722
CUST1052,116,4,566.3396039801669,2,2,3,223,7,About to Sleep,1,Cluster 1,-0.43800157629819075,0.30492933554113205,141.58490099504172,5.0352467270896275,0.25,178.2287273351482
CUST1053,133,3,397.0601373184209,1,2,2,122,5,Lost Customers,1,Cluster 1,-1.196823236096922,0.17372689656243276,132.3533791061403,5.0352467270896275,0.25,166.6079797408614
CUST1054,91,4,487.51242529614115,2,2,3,223,7,About to Sleep,1,Cluster 1,-0.4718239139309566,-0.08358432646169361,121.87810632403529,5.0352467270896275,0.25,153.42158399299507
CUST1055,68,3,320.5535073273285,3,2,2,322,7,Others,1,Cluster 1,-0.9979803887138742,-0.6777190730902747,106.85116910910949,5.0352467270896275,0.25,134.50549988558598
CUST1056,127,1,20.958702857614224,2,1,1,211,4,Others,1,Cluster 1,-2.5708048214769135,-0.6008601395457608,20.958702857614224,5.0352467270896275,0.25,26.38305999196151
CUST1057,172,4,370.29682867807026,1,2,2,122,5,Lost Customers,1,Cluster 1,-1.194189912765689,0.7148421532480451,92.57420716951756,5.0352467270896275,0.25,116.53349341580761
CUST1059,39,6,660.3463058986695,4,4,4,444,12,Champions,0,Cluster 0,0.7781678220282084,-0.23553849245452857,110.05771764977824,5.0352467270896275,0.25,138.54194064675005
CUST1060,408,1,137.54621648480503,1,1,1,111,3,Lost Customers,1,Cluster 1,-3.90857158865263,2.815420977253805,137.54621648480503,5.0352467270896275,0.25,173.14478409466898
CUST1061,55,3,399.42158019304054,3,2,2,322,7,Others,1,Cluster 1,-0.747956921677081,-0.7316642131774934,133.14052673101352,5.0352467270896275,0.25,167.59885036633122
CUST1062,126,3,397.8555127463097,2,2,2,222,6,Others,1,Cluster 1,-1.1552376726796159,0.09319468817722566,132.6185042487699,5.0352467270896275,0.25,166.94172236753514
CUST1063,67,12,1016.6630117605259,3,5,5,355,13,Loyal Customers,0,Cluster 0,3.1196012472300008,1.2509001122592533,84.7219176467105,5.0352467270896275,0.25,106.648939635839
CUST1064,145,4,312.17664801631173,1,2,2,122,5,Lost Customers,1,Cluster 1,-1.1704049012225435,0.3286215305662024,78.04416200407793,5.0352467270896275,0.25,98.24290282487152
CUST1065,164,5,795.7471670022592,1,3,5,135,9,Others,0,Cluster 0,0.08540838304777666,1.2673424551975758,159.14943340045184,5.0352467270896275,0.25,200.33916591194844
CUST1066,1,6,314.706450047865,5,4,2,542,11,Loyal Customers,0,Cluster 0,0.2225569661860648,-1.1050776442077674,52.4510750079775,5.0352467270896275,0.25,66.02602594156282
CUST1067,22,4,537.6765854002867,4,2,3,423,9,Potential Loyalists,1,Cluster 1,0.03258908395394788,-0.8251114750188415,134.41914635007168,5.0352467270896275,0.25,169.20839167934503
CUST1068,23,8,777.6147805600278,4,5,5,455,14,Champions,0,Cluster 0,1.6993613538871273,-0.03692303531109783,97.20184757000348,5.0352467270896275,0.25,122.35882121098122
CUST1069,133,3,263.73282126614026,1,2,1,121,4,Lost Customers,1,Cluster 1,-1.4945072132353145,0.009004166835911227,87.91094042204675,5.0352467270896275,0.25,110.66331875887053
CUST1070,15,5,383.607960004485,5,3,2,532,10,Others,1,Cluster 1,0.012590560900485468,-0.9769480950337373,76.721592000897,5.0352467270896275,0.25,96.5780362549056
CUST1071,97,7,701.1495435131336,2,5,4,254,11,At Risk,0,Cluster 0,0.8236041282400717,0.6103082889784949,100.16422050187623,5.0352467270896275,0.25,126.087890863389
CUST1072,138,4,273.9148500103513,1,2,1,121,4,Lost Customers,1,Cluster 1,-1.2160234837209407,0.1998351128117536,68.47871250258783,5.0352467270896275,0.25,86.20180325099173
CUST1073,15,7,730.6687626982402,5,5,4,554,14,Champions,0,Cluster 0,1.3558548431024464,-0.30810996272350555,104.38125181403431,5.0352467270896275,0.25,131.39633914153364
CUST1074,37,4,660.3013496359589,4,2,4,424,10,Potential Loyalists,0,Cluster 0,0.22107063689121245,-0.4989367597570234,165.07533740898972,5.0352467270896275,0.25,207.79876310295788
CUST1075,4,4,426.27415923965725,5,2,2,522,9,New Customers,1,Cluster 1,-0.1137747095908107,-1.172356205129412,106.56853980991431,5.0352467270896275,0.25,134.14972282214794
CUST1077,62,7,1169.9774442542255,3,5,5,355,13,Loyal Customers,0,Cluster 0,2.069419045883926,0.7819596369741596,167.1396348934608,5.0352467270896275,0.25,210.39732489106345
CUST1078,26,5,438.68855309854104,4,3,2,432,9,Others,1,Cluster 1,0.07301257919620296,-0.7808025266990606,87.73771061970821,5.0352467270896275,0.25,110.44525506005566
CUST1079,260,1,32.78108405347197,1,1,1,111,3,Lost Customers,1,Cluster 1,-3.300793012322461,0.9625287719759394,32.78108405347197,5.0352467270896275,0.25,41.26521154767368
CUST1080,31,4,588.0583399441896,4,2,4,424,10,Potential Loyalists,1,Cluster 1,0.09389406292561978,-0.6580611745391396,147.0145849860474,5.0352467270896275,0.25,185.06367697135877
CUST1081,250,2,259.88425392148395,1,1,1,111,3,Lost Customers,1,Cluster 1,-2.4526763058703973,1.2466858975879291,129.94212696074197,5.0352467270896275,0.25,163.57266737253522
CUST1082,24,6,566.9732928161433,4,4,3,443,11,Loyal Customers,0,Cluster 0,0.6549975487248677,-0.5255733644951892,94.49554880269055,5.0352467270896275,0.25,118.95210070832144
CUST1083,40,10,977.6637918622756,4,5,5,455,14,Champions,0,Cluster 0,2.6177072016331255,0.6482502216974777,97.76637918622757,5.0352467270896275,0.25,123.06946020421395
CUST1084,105,5,673.2581131086866,2,3,4,234,9,Others,0,Cluster 0,0.14746226220064695,0.4289561873981648,134.65162262173732,5.0352467270896275,0.25,169.50103552585261
CUST1086,148,3,353.5273962897677,1,2,2,122,5,Lost Customers,1,Cluster 1,-1.379326628053339,0.2946179637160402,117.84246542992257,5.0352467270896275,0.25,148.34147209204755
CUST1087,93,7,834.0866907382655,2,5,5,255,12,At Risk,0,Cluster 0,1.1431653659986825,0.7279690453536382,119.15524153403793,5.0352467270896275,0.25,149.99400998745963
CUST1088,131,3,235.68504967547253,2,2,1,221,5,Others,1,Cluster 1,-1.5457561296213187,-0.0489381527749631,78.56168322515751,5.0352467270896275,0.25,98.89436458353161
CUST1089,29,9,928.0339668572921,4,5,5,455,14,Champions,0,Cluster 0,2.285269774412165,0.33881256757511496,103.11488520636578,5.0352467270896275,0.25,129.80222206239398
CUST1090,57,6,670.667046091676,3,4,4,344,11,Loyal Customers,0,Cluster 0,0.6988434431440181,-0.013177782595418361,111.77784101527932,5.0352467270896275,0.25,140.70725203333248
CUST1091,61,2,283.2999761465031,3,1,1,311,5,Others,1,Cluster 1,-1.3255332886091484,-0.9252861813435579,141.64998807325156,5.0352467270896275,0.25,178.31065970953117
CUST1092,30,5,394.57169195332966,4,3,2,432,9,Others,1,Cluster 1,-0.048236888748691,-0.7887279309244764,78.91433839066593,5.0352467270896275,0.25,99.338291025511
CUST1093,10,10,998.6498096197346,5,5,5,555,15,Champions,0,Cluster 0,2.835176344180407,0.3248284799892637,99.86498096197346,5.0352467270896275,0.25,125.7112046349112
CUST1094,48,6,673.1716715791795,3,4,4,344,11,Loyal Customers,0,Cluster 0,0.7556195027048265,-0.11488821768165922,112.19527859652992,5.0352467270896275,0.25,141.23272733702154
CUST1095,10,4,401.9299942631047,5,2,2,522,9,New Customers,1,Cluster 1,-0.20225127518554767,-1.1325629487252207,100.48249856577617,5.0352467270896275,0.25,126.48854300827816
CUST1096,125,4,663.3228368399413,2,2,4,224,8,About to Sleep,1,Cluster 1,-0.2726480511144473,0.5295546547399658,165.83070920998532,5.0352467270896275,0.25,208.7496339501326
CUST1097,76,10,1706.7768272592118,3,5,5,355,13,Loyal Customers,0,Cluster 0,4.040884557445058,1.9682714069133518,170.6776827259212,5.0352467270896275,0.25,214.85106083323413
CUST1098,45,4,341.7602504451756,3,2,2,322,7,Others,1,Cluster 1,-0.5356426246895439,-0.7993268578482936,85.4400626112939,5.0352467270896275,0.25,107.55294890646262
CUST1099,41,10,918.7488605940418,4,5,5,455,14,Champions,0,Cluster 0,2.4804789317119695,0.5871072068125384,91.87488605940419,5.0352467270896275,0.25,115.65317983308685
CUST1100,123,5,237.559554212051,2,3,1,231,6,Others,1,Cluster 1,-0.927703049845505,0.100270655330777,47.5119108424102,5.0352467270896275,0.25,59.80854839175504
CUST1101,75,2,133.85541758161918,3,1,1,311,5,Others,1,Cluster 1,-1.738822134881263,-0.9468916294398011,66.92770879080959,5.0352467270896275,0.25,84.24938166013293
CUST1102,83,4,324.2739912526433,2,2,2,222,6,Others,1,Cluster 1,-0.790794554220855,-0.37842138954421733,81.06849781316083,5.0352467270896275,0.25,102.04997207094767
CUST1103,12,7,1032.1468782442726,5,5,5,555,15,Champions,0,Cluster 0,2.0460355560091394,0.02942413597013958,147.44955403489607,5.0352467270896275,0.25,185.6112210912589
CUST1104,277,1,121.22085819172354,1,1,1,111,3,Lost Customers,1,Cluster 1,-3.200011533769782,1.2697587090864426,121.22085819172354,5.0352467270896275,0.25,152.59423236621794
CUST1105,7,7,695.0162547041873,5,5,4,554,14,Champions,0,Cluster 0,1.32174920285793,-0.44531764695233883,99.28803638631247,5.0352467270896275,0.25,124.98494006333392
CUST1106,17,7,549.3159340793585,5,5,3,553,13,Loyal Customers,0,Cluster 0,0.939568633669956,-0.508877107115968,78.47370486847979,5.0352467270896275,0.25,98.78361640040255
CUST1107,97,2,116.14420018481161,2,1,1,211,4,Others,1,Cluster 1,-1.9034827254922397,-0.712583807809505,58.072100092405805,5.0352467270896275,0.25,73.10183798137689
CUST1108,130,11,1149.8499722480065,2,5,5,255,12,At Risk,0,Cluster 0,2.7744990033095993,2.029056938206573,104.53181565890968,5.0352467270896275,0.25,131.5858706683153
CUST1109,7,5,403.3963916286024,5,3,2,532,10,Others,1,Cluster 1,0.10226960252382342,-1.0456598162228041,80.67927832572047,5.0352467270896275,0.25,101.56001803338428
CUST1110,76,7,788.6851641515854,3,5,5,355,13,Loyal Customers,0,Cluster 0,1.1384766993285644,0.473911840052727,112.6693091645122,5.0352467270896275,0.25,141.82944255351487
CUST1111,39,4,433.9480152210402,4,2,2,422,8,New Customers,1,Cluster 1,-0.2956895784332943,-0.7553009593762685,108.48700380526004,5.0352467270896275,0.25,136.5647077105489
CUST1112,53,6,637.2021901104082,3,4,4,344,11,Loyal Customers,0,Cluster 0,0.646873837974292,-0.1011027457240816,106.20036501840137,5.0352467270896275,0.25,133.68626009365732
CUST1113,127,5,612.7387610724264,2,3,4,234,9,Others,1,Cluster 1,-0.11277736015466597,0.6103755762518942,122.54775221448529,5.0352467270896275,0.25,154.26454206254442
CUST1114,21,6,650.4094439874726,4,4,4,444,12,Champions,0,Cluster 0,0.8583492976953366,-0.45742492982143906,108.40157399791211,5.0352467270896275,0.25,136.45716767108775
CUST1115,140,3,298.99196354916955,1,2,2,122,5,Lost Customers,1,Cluster 1,-1.4555927520231284,0.13408087481928632,99.66398784972318,5.0352467270896275,0.25,125.45819215725477
CUST1116,58,3,356.1476612023722,3,2,2,322,7,Others,1,Cluster 1,-0.861637226263215,-0.7501931646681073,118.7158870674574,5.0352467270896275,0.25,149.4409454524892
CUST1117,35,6,507.43442670945035,4,4,3,443,11,Loyal Customers,0,Cluster 0,0.4595051941628035,-0.47103741344195244,84.57240445157505,5.0352467270896275,0.25,106.46073067922339
CUST1118,18,4,255.25028449442587,5,2,1,521,8,New Customers,1,Cluster 1,-0.5752443552272036,-1.2206223854154843,63.81257112360647,5.0352467270896275,0.25,80.32800997432838
CUST1119,37,4,667.1155266368492,4,2,4,424,10,Potential Loyalists,0,Cluster 0,0.23628485833218535,-0.49051800604877216,166.7788816592123,5.0352467270896275,0.25,209.94320450555423
CUST1120,82,6,521.8798064648835,2,4,3,243,9,At Risk,0,Cluster 0,0.2244641061084284,0.09412367609139383,86.97996774414725,5.0352467270896275,0.25,109.4913994765197
CUST1121,21,7,983.1648794565565,4,5,5,455,14,Champions,0,Cluster 0,1.8854880433011925,0.07371288113405784,140.45212563665092,5.0352467270896275,0.25,176.80277648118192
CUST1122,36,5,539.6098005455241,4,3,3,433,10,Potential Loyalists,0,Cluster 0,0.24147152939175862,-0.5396669018262946,107.92196010910482,5.0352467270896275,0.25,135.85342410511683
CUST1123,44,10,982.978378623682,3,5,5,355,13,Loyal Customers,0,Cluster 0,2.606824839576579,0.7013961963507878,98.2978378623682,5.0352467270896275,0.25,123.73846659411909
CUST1124,176,5,558.2277705218771,1,3,3,133,7,Others,1,Cluster 1,-0.5131536468694137,1.1136326739191076,111.64555410437542,5.0352467270896275,0.25,140.54072772454106
CUST1125,66,5,587.6995936119927,3,3,4,334,10,Need Attention,0,Cluster 0,0.17823006275496242,-0.13090363781121567,117.53991872239854,5.0352467270896275,0.25,147.9606227623345
CUST1126,76,8,1113.9547311159356,3,5,5,355,13,Loyal Customers,0,Cluster 0,2.1489015173252395,0.9958010384134127,139.24434138949195,5.0352467270896275,0.25,175.28240356179754
CUST1127,21,5,619.9201150062493,4,3,4,434,11,Potential Loyalists,0,Cluster 0,0.5060893346051367,-0.6151201512256396,123.98402300124985,5.0352467270896275,0.25,156.0725365071121
CUST1128,81,7,750.7546982226645,2,5,4,254,11,At Risk,0,Cluster 0,1.0253526846057823,0.48527456232335775,107.25067117466635,5.0352467270896275,0.25,135.00839775260116
CUST1129,32,2,301.46833466268913,4,1,2,412,7,New Customers,1,Cluster 1,-1.1200423206683325,-1.240544091807229,150.73416733134457,5.0352467270896275,0.25,189.74593067893323
CUST1130,44,6,482.0798451949428,3,4,3,343,10,Loyal Customers,0,Cluster 0,0.35171133878220445,-0.39755755587234876,80.3466408658238,5.0352467270896275,0.25,101.14129011307125
CUST1131,88,5,483.19681602676343,2,3,3,233,8,Others,1,Cluster 1,-0.1802126993114459,-0.0038247257155157826,96.63936320535268,5.0352467270896275,0.25,121.65075932194446
CUST1132,87,5,872.8600566024797,2,3,5,235,10,Others,0,Cluster 0,0.6954874386539363,0.46594996326835214,174.57201132049596,5.0352467270896275,0.25,219.75328716074517
CUST1133,183,7,755.8548197547829,1,5,4,154,10,At Risk,0,Cluster 0,0.4566556183150404,1.6793638317623905,107.97925996496897,5.0352467270896275,0.25,135.92555383304253
CUST1134,27,3,243.18191236033937,4,2,1,421,7,New Customers,1,Cluster 1,-0.9375591900694807,-1.25075411217041,81.06063745344646,5.0352467270896275,0.25,102.0400773583163
CUST1135,57,7,716.5608081303429,3,5,4,354,12,Loyal Customers,0,Cluster 0,1.0854973551554115,0.16354924968028106,102.36582973290614,5.0352467270896275,0.25,128.85930228210742
CUST1136,6,9,1100.5975716364712,5,5,5,555,15,Champions,0,Cluster 0,2.801361128013294,0.284176207378119,122.28861907071902,5.0352467270896275,0.25,153.93834223403704
CUST1137,113,9,737.449760134024,2,5,4,254,11,At Risk,0,Cluster 0,1.3820301335193925,1.0815288202878928,81.93886223711378,5.0352467270896275,0.25,103.14559697521877
CUST1138,27,4,396.7356202304473,4,2,2,422,8,New Customers,1,Cluster 1,-0.31052962359699965,-0.941015775949985,99.18390505761182,5.0352467270896275,0.25,124.85385833032707
CUST1139,41,4,401.8779929933922,4,2,2,422,8,New Customers,1,Cluster 1,-0.37866749935649263,-0.771632744998309,100.46949824834805,5.0352467270896275,0.25,126.47217805683289
CUST1140,90,2,133.1245010503112,2,1,1,211,4,Others,1,Cluster 1,-1.8257605839406592,-0.7731199255402054,66.5622505251556,5.0352467270896275,0.25,83.7893385261274
CUST1141,19,9,770.4761144287743,4,5,4,454,13,Champions,0,Cluster 0,1.9903565437156185,0.027703763527701295,85.6084571587527,5.0352467270896275,0.25,107.76492592995054
CUST1142,14,10,1134.4558754413047,5,5,5,555,15,Champions,0,Cluster 0,3.1156462992594482,0.5391935751745791,113.44558754413046,5.0352467270896275,0.25,142.80663084608568
CUST1143,116,5,549.4423435354458,2,3,3,233,8,Others,1,Cluster 1,-0.19154310101269456,0.40407955211218405,109.88846870708917,5.0352467270896275,0.25,138.32888810056542
CUST1144,4,9,534.7902314385817,5,5,3,553,13,Loyal Customers,0,Cluster 0,1.5494399723057384,-0.4381552764367623,59.42113682650908,5.0352467270896275,0.25,74.8000211814062
CUST1145,7,4,755.5172498602606,5,2,4,524,11,Potential Loyalists,0,Cluster 0,0.60427510877326,-0.7306492461583761,188.87931246506514,5.0352467270896275,0.25,237.7634849761646
CUST1146,148,3,356.67632216592807,1,2,2,122,5,Lost Customers,1,Cluster 1,-1.3722959249214928,0.29850838678451497,118.89210738864269,5.0352467270896275,0.25,149.6627736513629
CUST1147,39,2,264.2118805047213,4,1,1,411,6,New Customers,1,Cluster 1,-1.2430356499396362,-1.2050586794952074,132.10594025236065,5.0352467270896275,0.25,166.2965008211992
CUST1148,92,7,746.3618614552827,2,5,4,254,11,At Risk,0,Cluster 0,0.9529865567104236,0.6079421217769931,106.62312306504039,5.0352467270896275,0.25,134.2184328613298
CUST1149,101,3,219.85343871396597,2,2,1,221,5,Others,1,Cluster 1,-1.410490832995369,-0.41784719959226274,73.284479571322,5.0352467270896275,0.25,92.25135897699144
CUST1150,41,5,510.34637357687956,4,3,3,433,10,Potential Loyalists,0,Cluster 0,0.14769867768718928,-0.5175962589400339,102.06927471537591,5.0352467270896275,0.25,128.48599536175215
CUST1151,123,8,872.1277987672568,2,5,5,255,12,At Risk,0,Cluster 0,1.3416733984624956,1.2443437780614033,109.0159748459071,5.0352467270896275,0.25,137.2305826358347
CUST1152,29,8,673.3389451078906,4,5,4,454,13,Champions,0,Cluster 0,1.4324189024482834,-0.0958834577642548,84.16736813848632,5.0352467270896275,0.25,105.95086623676526
CUST1153,5,8,814.7568668205108,5,5,5,555,15,Champions,0,Cluster 0,1.8846574373195724,-0.20064455130171935,101.84460835256385,5.0352467270896275,0.25,128.203182719743
CUST1154,18,9,575.4336418224278,5,5,3,553,13,Loyal Customers,0,Cluster 0,1.5605663492473618,-0.22491155738163945,63.93707131360309,5.0352467270896275,0.25,80.48473226787902
CUST1155,16,5,764.9101020737859,5,3,4,534,12,Potential Loyalists,0,Cluster 0,0.8582484172098677,-0.49421337998713905,152.9820204147572,5.0352467270896275,0.25,192.57555439924118
CUST1156,7,7,591.0070865161046,5,5,4,554,14,Champions,0,Cluster 0,1.0895247513213553,-0.5738185018994809,84.42958378801494,5.0352467270896275,0.25,106.28094635953542
CUST1157,295,3,302.16963155422127,1,2,2,122,5,Lost Customers,1,Cluster 1,-2.329998472187351,1.9429790584025197,100.72321051807376,5.0352467270896275,0.25,126.79155402577261
CUST1158,11,5,480.6004517208013,5,3,3,533,11,Potential Loyalists,0,Cluster 0,0.2518970667290101,-0.9036961061175431,96.12009034416026,5.0352467270896275,0.25,120.99709257824806
CUST1159,52,3,345.2818050236623,3,2,2,322,7,Others,1,Cluster 1,-0.851775152004338,-0.8334875652500541,115.09393500788742,5.0352467270896275,0.25,144.88158988908287
CUST1160,61,3,354.1213003186027,3,2,2,322,7,Others,1,Cluster 1,-0.8832228460685212,-0.7177617385924507,118.04043343953424,5.0352467270896275,0.25,148.59067653516396
CUST1161,47,5,451.13131518604575,3,3,3,333,9,Need Attention,1,Cluster 1,-0.018635198361932018,-0.520885162450849,90.22626303720915,5.0352467270896275,0.25,113.5778739139088
CUST1162,88,2,123.55341707772905,2,1,1,211,4,Others,1,Cluster 1,-1.8357560346652182,-0.808234736798914,61.776708538864526,5.0352467270896275,0.25,77.76524237017186
CUST1163,160,3,220.89996446382412,1,2,1,121,4,Lost Customers,1,Cluster 1,-1.7436931597580767,0.27049971143438895,73.63332148794137,5.0352467270896275,0.25,92.69048525672379
CUST1164,13,3,317.7977071107785,5,2,2,522,9,New Customers,1,Cluster 1,-0.6913428138371797,-1.3215978230502854,105.93256903692617,5.0352467270896275,0.25,133.34915538384462
CUST1165,59,7,784.2240942955075,3,5,5,355,13,Loyal Customers,0,Cluster 0,1.2251970428019419,0.270435595867623,112.03201347078678,5.0352467270896275,0.25,141.02720728951005
CUST1166,81,2,182.92633992607674,2,1,1,211,4,Others,1,Cluster 1,-1.6633825891885647,-0.8163957777633418,91.46316996303837,5.0352467270896275,0.25,115.13490680140782
CUST1167,111,4,691.5519119668925,2,2,4,224,8,About to Sleep,1,Cluster 1,-0.130000722792094,0.4014012544004784,172.88797799172312,5.0352467270896275,0.25,217.63340633399184
CUST1168,42,7,744.2190033877715,4,5,4,454,13,Champions,0,Cluster 0,1.2325571631534549,0.023045558572109246,106.31700048396736,5.0352467270896275,0.25,133.83308218022074
CUST1169,128,6,576.6181739889986,2,4,3,243,9,At Risk,0,Cluster 0,0.08507350506372174,0.697420811968766,96.10302899816644,5.0352467270896275,0.25,120.97561555660428
CUST1170,91,5,553.6378983597954,2,3,3,233,8,Others,1,Cluster 1,-0.03999804180996928,0.1181385038676265,110.72757967195908,5.0352467270896275,0.25,139.38517078544697
CUST1171,56,8,1305.6613484710374,3,5,5,355,13,Loyal Customers,0,Cluster 0,2.6906727588324606,0.9997503619950732,163.20766855887967,5.0352467270896275,0.25,205.4477197367569
CUST1172,222,4,387.9383665014354,1,2,2,122,5,Lost Customers,1,Cluster 1,-1.4391561428009048,1.3188869668800236,96.98459162535885,5.0352467270896275,0.25,122.08533688992806
CUST1173,9,4,488.49228789288696,5,2,3,523,10,Potential Loyalists,1,Cluster 1,-0.003293893564994601,-1.0372622748340297,122.12307197322174,5.0352467270896275,0.25,153.72994961382395
CUST1174,24,3,240.44268149592335,4,2,1,421,7,New Customers,1,Cluster 1,-0.9266138527435839,-1.289073313570483,80.14756049864111,5.0352467270896275,0.25,100.89068542125014
CUST1175,45,3,309.16263253280687,3,2,2,322,7,Others,1,Cluster 1,-0.8926098289705444,-0.9596268201118562,103.05421084426895,5.0352467270896275,0.25,129.7258444666024
CUST1176,41,2,238.62733018569315,4,1,1,411,6,New Customers,1,Cluster 1,-1.3115332593367237,-1.2133778187370143,119.31366509284658,5.0352467270896275,0.25,150.1934354139559
CUST1177,228,4,527.0493902725844,1,2,3,123,6,About to Sleep,1,Cluster 1,-1.1626813082546341,1.5606252235715339,131.7623475681461,5.0352467270896275,0.25,165.8639823365384
CUST1178,9,9,840.1262660902235,5,5,5,555,15,Champions,0,Cluster 0,2.2027375742239994,-0.0026949523128942322,93.34736289891372,5.0352467270896275,0.25,117.50675087980075
CUST1179,10,6,887.1335852189934,5,4,5,545,14,Champions,0,Cluster 0,1.449448636266863,-0.29305268523934397,147.8555975364989,5.0352467270896275,0.25,186.1223533943843
CUST1180,68,8,1037.1340575391046,3,5,5,355,13,Loyal Customers,0,Cluster 0,2.0228784544171803,0.8077310641946607,129.64175719238807,5.0352467270896275,0.25,163.19455839928006
CUST1181,14,5,361.92139600310134,5,3,2,532,10,Others,1,Cluster 1,-0.03014259333057486,-1.015386311617108,72.38427920062027,5.0352467270896275,0.25,91.11817623441625
CUST1182,27,4,331.12861584516554,4,2,2,422,8,New Customers,1,Cluster 1,-0.4570123892583771,-1.022071670357143,82.78215396129139,5.0352467270896275,0.25,104.20714244875552
CUST1183,89,4,224.63046261385253,2,2,1,221,5,Others,1,Cluster 1,-1.0473943125315965,-0.4316587070417027,56.15761565346313,5.0352467270896275,0.25,70.69186260506437
CUST1184,84,4,512.9760495157257,2,2,3,223,7,About to Sleep,1,Cluster 1,-0.3751607968151131,-0.1336394998412029,128.24401237893142,5.0352467270896275,0.25,161.43506089996401
CUST1185,1,12,1306.5906036484632,5,5,5,555,15,Champions,0,Cluster 0,4.142280091940212,0.8405299311558904,108.8825503040386,5.0352467270896275,0.25,137.06262626389554
CUST1186,25,4,647.1960675857309,4,2,4,424,10,Potential Loyalists,0,Cluster 0,0.26005528024518676,-0.6548678113308852,161.79901689643273,5.0352467270896275,0.25,203.67449256852058
CUST1187,113,6,483.6824206717347,2,4,3,243,9,At Risk,1,Cluster 1,-0.0371204849855944,0.4079261639742067,80.61373677862245,5.0352467270896275,0.25,101.47751356825586
CUST1188,1,8,727.3810601120389,5,5,4,554,14,Champions,0,Cluster 0,1.7123192032824273,-0.35517521256395107,90.92263251400486,5.0352467270896275,0.25,114.45447194612898
CUST1189,33,4,634.7894022050207,4,2,4,424,10,Potential Loyalists,0,Cluster 0,0.18685773392759464,-0.5770360934163138,158.69735055125517,5.0352467270896275,0.25,199.7700787402507
CUST1190,19,5,327.5674362038781,4,3,2,432,9,Others,1,Cluster 1,-0.1352812334094186,-0.9996049010385509,65.51348724077562,5.0352467270896275,0.25,82.46914305233588
CUST1191,287,3,119.86048287985287,1,2,1,121,4,Lost Customers,1,Cluster 1,-2.6915488804218977,1.6245805807138496,39.95349429328429,5.0352467270896275,0.25,50.29392534401345
CUST1192,47,9,876.9537338187627,3,5,5,355,13,Loyal Customers,0,Cluster 0,2.068853564289398,0.4853138345380846,97.43930375764029,5.0352467270896275,0.25,122.65773383388758
CUST1193,8,3,369.71688869493227,5,2,2,522,9,New Customers,1,Cluster 1,-0.5469857657450395,-1.3156778196475474,123.23896289831076,5.0352467270896275,0.25,155.1346461459098
CUST1194,323,2,133.668003848222,1,1,1,111,3,Lost Customers,1,Cluster 1,-3.1496415340193358,1.9408324258238692,66.834001924111,5.0352467270896275,0.25,84.13142236167046
CUST1195,86,4,251.52903807576007,2,2,1,221,5,Others,1,Cluster 1,-0.9702757383768882,-0.43336110323087945,62.88225951894002,5.0352467270896275,0.25,79.15692285868583
CUST1196,64,6,510.4440549956887,3,4,3,343,10,Loyal Customers,0,Cluster 0,0.30129896520719285,-0.129614603695079,85.07400916594811,5.0352467270896275,0.25,107.0921565533083
CUST1197,187,4,474.69117968732667,1,2,3,123,6,About to Sleep,1,Cluster 1,-1.0464119611218592,1.0184936263145419,118.67279492183167,5.0352467270896275,0.25,149.38670055618286
CUST1198,382,1,101.148101011171,1,1,1,111,3,Lost Customers,1,Cluster 1,-3.8419741582927784,2.467682432027671,101.148101011171,5.0352467270896275,0.25,127.32641114195745
CUST1199,93,5,716.4905777195336,2,3,4,234,9,Others,0,Cluster 0,0.3122339159412081,0.34262908264803227,143.2981155439067,5.0352467270896275,0.25,180.3853418226419
CUST1200,242,3,271.02953661674206,1,2,1,121,4,Lost Customers,1,Cluster 1,-2.098109581680273,1.2873221515434587,90.34317887224735,5.0352467270896275,0.25,113.72504893283906
CUST1201,52,4,519.9177210040198,3,2,3,323,8,Others,1,Cluster 1,-0.17767469456261645,-0.497702662043902,129.97943025100494,5.0352467270896275,0.25,163.6196251900868
CUST1202,69,8,908.4183696167743,3,5,5,355,13,Loyal Customers,0,Cluster 0,1.7298038998538523,0.6603508736620026,113.55229620209678,5.0352467270896275,0.25,142.94095695127993
CUST1203,173,3,397.9264368394553,1,2,2,122,5,Lost Customers,1,Cluster 1,-1.4223730476171927,0.6405964794277176,132.64214561315177,5.0352467270896275,0.25,166.97148239319205
CUST1204,3,8,706.5805697332164,5,5,4,554,14,Champions,0,Cluster 0,1.6545031108620294,-0.3575837594690987,88.32257121665205,5.0352467270896275,0.25,111.18148441169694
CUST1205,70,5,489.9463795938542,3,3,3,333,9,Need Attention,1,Cluster 1,-0.06277493102793986,-0.20509548104856679,97.98927591877084,5.0352467270896275,0.25,123.35004521496833
CUST1206,30,10,1254.2037378364903,4,5,5,455,14,Champions,0,Cluster 0,3.292017404826705,0.873458928857837,125.42037378364903,5.0352467270896275,0.25,157.88063165111913
CUST1207,11,5,358.10246912333906,5,3,2,532,10,Others,1,Cluster 1,-0.021607926326900142,-1.0550394517792347,71.62049382466782,5.0352467270896275,0.25,90.15671428080037
CUST1208,40,5,423.5772592456315,4,3,2,432,9,Others,1,Cluster 1,-0.04034627759225218,-0.6364424194116265,84.71545184912631,5.0352467270896275,0.25,106.64080041430805
CUST1209,63,4,426.07460107341154,3,2,2,322,7,Others,1,Cluster 1,-0.44975920603170005,-0.4855488011610774,106.51865026835289,5.0352467270896275,0.25,134.08692128443212
CUST1210,1,5,953.3866965818619,5,3,5,535,13,Potential Loyalists,0,Cluster 0,1.3643723847773617,-0.4360297615538159,190.67733931637238,5.0352467270896275,0.25,240.0268621807306
CUST1211,68,3,216.74912326885266,3,2,1,321,6,Others,1,Cluster 1,-1.2297476124597664,-0.8059669221131072,72.24970775628422,5.0352467270896275,0.25,90.94877612825306
CUST1212,69,6,552.5072171432444,3,4,3,343,10,Loyal Customers,0,Cluster 0,0.36677917095936113,-0.0194216554239607,92.08453619054073,5.0352467270896275,0.25,115.91708986724664
CUST1213,15,5,806.9541031445915,5,3,5,535,13,Potential Loyalists,0,Cluster 0,0.9578084451840748,-0.4539139983307892,161.3908206289183,5.0352467270896275,0.25,203.1606503385175
CUST1214,59,7,784.1056924243078,3,5,5,355,13,Loyal Customers,0,Cluster 0,1.224932683322107,0.27028931317022664,112.01509891775825,5.0352467270896275,0.25,141.00591505256577
CUST1215,21,7,669.2503994791908,4,5,4,454,13,Champions,0,Cluster 0,1.184601580962524,-0.3141209969759385,95.60719992559869,5.0352467270896275,0.25,120.35146012789362
CUST1216,11,5,485.2332461276386,5,3,3,533,11,Potential Loyalists,0,Cluster 0,0.2622408485220153,-0.897972398751704,97.04664922552772,5.0352467270896275,0.25,122.16345572196339
CUST1217,98,4,403.25220658667274,2,2,2,222,6,Others,1,Cluster 1,-0.6997639861988764,-0.10617094795038123,100.81305164666819,5.0352467270896275,0.25,126.90464708795089
CUST1218,83,4,523.893012648487,2,2,3,223,7,About to Sleep,1,Cluster 1,-0.3450990586459842,-0.13179683365226047,130.97325316212175,5.0352467270896275,0.25,164.8706610802137
CUST1219,61,7,728.3889689955084,3,5,4,354,12,Loyal Customers,0,Cluster 0,1.0891580492557318,0.22474259030791602,104.05556699935835,5.0352467270896275,0.25,130.98636329224365
CUST1220,64,6,457.5810791068093,3,4,3,343,10,Loyal Customers,0,Cluster 0,0.18327018181968383,-0.194925553826776,76.26351318446821,5.0352467270896275,0.25,96.00140128961255
CUST1221,101,2,154.75895211588377,2,1,1,211,4,Others,1,Cluster 1,-1.8400147900959791,-0.6182962706504255,77.37947605794189,5.0352467270896275,0.25,97.40618839116551
CUST1222,24,3,481.0125580535007,4,2,3,423,9,Potential Loyalists,1,Cluster 1,-0.3894861301299343,-0.9918549495482321,160.3375193511669,5.0352467270896275,0.25,201.83474238565822
CUST1223,20,3,235.7626926709473,4,2,1,421,7,New Customers,1,Cluster 1,-0.9143146044615148,-1.3414352575580393,78.5875642236491,5.0352467270896275,0.25,98.92694388676875
CUST1224,14,5,601.1388553667157,5,3,4,534,12,Potential Loyalists,0,Cluster 0,0.5039655460425977,-0.7198388268903745,120.22777107334313,5.0352467270896275,0.25,151.344122700583
CUST1225,79,7,794.6762560520561,2,5,5,255,12,At Risk,0,Cluster 0,1.1347918916148785,0.5162486384645049,113.52517943600802,5.0352467270896275,0.25,142.90682204935553
CUST1226,99,4,544.770707529922,2,2,3,223,7,About to Sleep,1,Cluster 1,-0.38947840060360994,0.08031677826041193,136.1926768824805,5.0352467270896275,0.25,171.44093263152126
CUST1227,67,3,214.9188310495893,3,2,1,321,6,Others,1,Cluster 1,-1.2281470612637662,-0.8198731869030434,71.6396103498631,5.0352467270896275,0.25,90.18077838603111
CUST1228,77,6,835.2039467943998,3,4,5,345,12,Loyal Customers,0,Cluster 0,0.9524680021765942,0.42300329229921024,139.20065779906665,5.0352467270896275,0.25,175.2274141478684
CUST1229,12,5,341.82709266353953,5,3,2,532,10,Others,1,Cluster 1,-0.06363355784942562,-1.0635023102616048,68.3654185327079,5.0352467270896275,0.25,86.05918747823252
CUST1230,25,6,443.953372896411,4,4,3,443,11,Loyal Customers,0,Cluster 0,0.37464010961900635,-0.6659165690518525,73.9922288160685,5.0352467270896275,0.25,93.14228199404394
CUST1231,27,10,963.2722567258627,4,5,5,455,14,Champions,0,Cluster 0,2.6595070889981134,0.47908505275051944,96.32722567258627,5.0352467270896275,0.25,121.25783694937849
CUST1232,60,3,324.7056363464345,3,2,2,322,7,Others,1,Cluster 1,-0.9432129982436575,-0.7657490744652069,108.23521211547818,5.0352467270896275,0.25,136.24774939007827
CUST1233,21,6,632.9996514869368,4,4,4,444,12,Champions,0,Cluster 0,0.8194779214000136,-0.47893431461649527,105.49994191448947,5.0352467270896275,0.25,132.80455930826972
CUST1234,173,4,453.3030758029994,1,2,3,123,6,About to Sleep,1,Cluster 1,-1.0145464262068915,0.8290393807314403,113.32576895074985,5.0352467270896275,0.25,142.65580180104462
CUST1235,113,5,297.87810367760335,2,3,2,232,7,Others,1,Cluster 1,-0.736156973021024,0.05834296679393836,59.57562073552067,5.0352467270896275,0.25,74.99448733071586
CUST1236,28,3,477.07883024320466,4,2,3,423,9,Potential Loyalists,1,Cluster 1,-0.421017487044007,-0.950135047711261,159.0262767477349,5.0352467270896275,0.25,200.18413487882037
CUST1237,2,5,483.82835703103865,5,3,3,533,11,Potential Loyalists,0,Cluster 0,0.3102880152757404,-1.0045129461755145,96.76567140620773,5.0352467270896275,0.25,121.80975756068446
CUST1238,96,4,443.12891311053585,2,2,3,223,7,About to Sleep,1,Cluster 1,-0.5993558424348471,-0.08019418944910378,110.78222827763396,5.0352467270896275,0.25,139.4539630886631
CUST1239,20,6,601.6978868580934,4,4,4,444,12,Champions,0,Cluster 0,0.7552766145914018,-0.5292518830170307,100.28298114301556,5.0352467270896275,0.25,126.23738814578998
CUST1240,215,4,532.880816075493,1,2,3,123,6,About to Sleep,1,Cluster 1,-1.07572899736399,1.41644504215535,133.22020401887326,5.0352467270896275,0.25,167.699149067061
CUST1241,71,5,733.1342437079264,3,3,4,334,10,Need Attention,0,Cluster 0,0.47451095186537223,0.10700232662886347,146.6268487415853,5.0352467270896275,0.25,184.5755900573833
CUST1242,1,8,1015.5781422379735,5,5,5,555,15,Champions,0,Cluster 0,2.3557856447225842,0.0008854318158350997,126.94726777974668,5.0352467270896275,0.25,159.802703650235
CUST1243,23,1,56.94311120966664,4,1,1,411,6,New Customers,1,Cluster 1,-1.899002867257307,-1.7674804134324127,56.94311120966664,5.0352467270896275,0.25,71.68065358719366
CUST1244,74,9,788.6650279083018,3,5,5,355,13,Loyal Customers,0,Cluster 0,1.7181769529323634,0.6906497580714056,87.62944754536687,5.0352467270896275,0.25,110.30897223737018
CUST1245,261,3,250.42360678191721,1,2,1,121,4,Lost Customers,1,Cluster 1,-2.252171983431037,1.4831186779853713,83.4745355939724,5.0352467270896275,0.25,105.07872053621904
CUST1246,36,7,797.5503043063579,4,5,5,455,14,Champions,0,Cluster 0,1.3857541939054765,0.019065219585780245,113.93575775805114,5.0352467270896275,0.25,143.4236628374259
CUST1247,129,10,1282.7718391123594,2,5,5,255,12,At Risk,0,Cluster 0,2.7927793166860964,2.061607382644863,128.27718391123594,5.0352467270896275,0.25,161.47681761233125
CUST1248,264,3,216.94055953892297,1,2,1,121,4,Lost Customers,1,Cluster 1,-2.3439919091555983,1.4766861158051576,72.31351984630766,5.0352467270896275,0.25,91.02910353261287
CUST1249,50,7,899.3880112466843,3,5,5,355,13,Loyal Customers,0,Cluster 0,1.5335109487508758,0.3079130374178191,128.48400160666918,5.0352467270896275,0.25,161.73716214333987
CUST1250,2,7,840.8530251557735,5,5,5,555,15,Champions,0,Cluster 0,1.6757989246280047,-0.32336469497130393,120.12186073653906,5.0352467270896275,0.25,151.2108015313936
CUST1251,274,5,440.7601361856592,1,3,3,133,7,Others,1,Cluster 1,-1.3327630886361985,2.109712465438887,88.15202723713183,5.0352467270896275,0.25,110.96680165802094
CUST1252,115,5,414.18670392638813,2,3,2,232,7,Others,1,Cluster 1,-0.4878454045212102,0.22532944220848122,82.83734078527763,5.0352467270896275,0.25,104.27661226746933
CUST1253,66,10,1119.7502846901943,3,5,5,355,13,Loyal Customers,0,Cluster 0,2.7870834444835695,1.1265642448799664,111.97502846901943,5.0352467270896275,0.25,140.95547390359948
CUST1254,39,4,176.36059678041053,4,2,1,421,7,New Customers,1,Cluster 1,-0.8708128873893537,-1.0735440918796655,44.09014919510263,5.0352467270896275,0.25,55.501194857883476
CUST1255,208,5,416.9239274493698,1,3,2,132,6,Others,1,Cluster 1,-1.0106342798635013,1.3116945669846087,83.38478548987396,5.0352467270896275,0.25,104.96574205673963
CUST1256,2,4,256.70863765637944,5,2,1,521,8,New Customers,1,Cluster 1,-0.48099463552565874,-1.40514034090943,64.17715941409486,5.0352467270896275,0.25,80.7869579734326
CUST1257,14,11,1037.1397655434941,5,5,5,555,15,Champions,0,Cluster 0,3.1825511492945706,0.53898821484206,94.28543323122675,5.0352467270896275,0.25,118.68760477244052
CUST1258,132,4,478.33109384421215,2,2,3,223,7,About to Sleep,1,Cluster 1,-0.7254944791136143,0.3825166294336249,119.58277346105304,5.0352467270896275,0.25,150.53219217151693
CUST1259,139,4,489.634625930796,1,2,3,123,6,About to Sleep,1,Cluster 1,-0.7400664416081696,0.47799675045596296,122.408656482699,5.0352467270896275,0.25,154.08944673048717
CUST1260,36,3,207.9405873189889,4,2,1,421,7,New Customers,1,Cluster 1,-1.0674274801657966,-1.18948909121545,69.31352910632963,5.0352467270896275,0.25,87.25268014391946
CUST1261,85,10,1488.4752864231532,2,5,5,255,12,At Risk,0,Cluster 0,3.5022921235865376,1.8033698826855802,148.84752864231532,5.0352467270896275,0.25,187.37100785789946
CUST1262,8,1,116.51901254582503,5,1,1,511,7,New Customers,1,Cluster 1,-1.6806794205093105,-1.868550537379932,116.51901254582503,5.0352467270896275,0.25,146.67549414127018
CUST1263,106,7,816.4732102105902,2,5,5,255,12,At Risk,0,Cluster 0,1.0299069011016426,0.8575927782226255,116.63903003008431,5.0352467270896275,0.25,146.8265735524727
CUST1264,174,2,125.66023152536823,1,1,1,111,3,Lost Customers,1,Cluster 1,-2.3201427392664478,0.19583665672986503,62.830115762684116,5.0352467270896275,0.25,79.0912836891794
CUST1265,50,4,251.9572345939519,3,2,1,321,6,Others,1,Cluster 1,-0.7645840684463427,-0.8520514379705683,62.98930864848798,5.0352467270896275,0.25,79.29167755348436
CUST1266,110,4,228.32293671476688,2,2,1,221,5,Others,1,Cluster 1,-1.1585791257556495,-0.18255211560226164,57.08073417869172,5.0352467270896275,0.25,71.85389498828263
CUST1267,310,3,368.10563968446263,1,2,2,122,5,Lost Customers,1,Cluster 1,-2.2680876391607443,2.1991161630157743,122.70187989482088,5.0352467270896275,0.25,154.45855978703534
CUST1268,116,3,158.08286411728716,2,2,1,221,5,Others,1,Cluster 1,-1.6337143938689271,-0.3194885422896505,52.69428803909572,5.0352467270896275,0.25,66.3321853462937
CUST1269,79,2,215.2605838413751,2,1,1,211,4,Others,1,Cluster 1,-1.5798147324205982,-0.7997375525268893,107.63029192068755,5.0352467270896275,0.25,135.4862687823358
CUST1270,5,7,564.0009782444898,5,5,3,553,13,Loyal Customers,0,Cluster 0,1.0406015884931088,-0.6304738712405161,80.5715683206414,5.0352467270896275,0.25,101.42443142074698
CUST1271,78,7,791.3112535564663,3,5,5,355,13,Loyal Customers,0,Cluster 0,1.1329658482289187,0.5004462756089876,113.0444647937809,5.0352467270896275,0.25,142.30169284212099
CUST1272,4,6,675.8700450497001,5,4,4,544,13,Champions,0,Cluster 0,1.011876671155687,-0.6239336608398544,112.64500750828336,5.0352467270896275,0.25,141.79885134476757
CUST1273,58,2,195.56161696702299,3,1,1,311,5,Others,1,Cluster 1,-1.5043681052631235,-1.0686197853056836,97.78080848351149,5.0352467270896275,0.25,123.08762397219473
CUST1274,113,3,259.2041800282674,2,2,1,221,5,Others,1,Cluster 1,-1.3908764365810076,-0.22949050696515147,86.4013933427558,5.0352467270896275,0.25,108.76308326127366
CUST1275,62,6,606.6344284736253,3,4,4,344,11,Loyal Customers,0,Cluster 0,0.5274403558593697,-0.03406364827568594,101.10573807893756,5.0352467270896275,0.25,127.27308418798788
CUST1276,161,5,603.2380257113377,1,3,4,134,8,Others,1,Cluster 1,-0.32735136384783065,0.9945670403899369,120.64760514226755,5.0352467270896275,0.25,151.8726147309511
CUST1277,38,6,610.6118043055706,4,4,4,444,12,Champions,0,Cluster 0,0.6728111795274433,-0.3086292692191514,101.76863405092843,5.0352467270896275,0.25,128.10754538132986
CUST1278,12,6,778.4634027622692,5,4,5,545,14,Champions,0,Cluster 0,1.195443194340481,-0.4040221480008135,129.7439004603782,5.0352467270896275,0.25,163.32313753824045
CUST1279,123,3,176.38796611724044,2,2,1,221,5,Others,1,Cluster 1,-1.632653737034319,-0.21535814807011497,58.795988705746815,5.0352467270896275,0.25,74.01307742415258
CUST1280,36,7,796.9996261727252,4,5,5,455,14,Champions,0,Cluster 0,1.3845246779908333,0.01838486984156792,113.85708945324646,5.0352467270896275,0.25,143.32463425635254
CUST1281,304,3,338.52478981681196,1,2,2,122,5,Lost Customers,1,Cluster 1,-2.3000111038176825,2.0926998325957733,112.84159660560398,5.0352467270896275,0.25,142.04631999698387
CUST1282,141,2,193.86039053340818,1,1,1,111,3,Lost Customers,1,Cluster 1,-1.9801958373587971,-0.10418808254663978,96.93019526670409,5.0352467270896275,0.25,122.01686211820757
CUST1283,286,3,266.1406005609668,1,2,1,121,4,Lost Customers,1,Cluster 1,-2.3592576862262797,1.7936612066983253,88.71353352032226,5.0352467270896275,0.25,111.67363232668966
CUST1284,32,9,778.2110739622528,4,5,5,455,14,Champions,0,Cluster 0,1.933694316372026,0.18864489154731987,86.46789710691698,5.0352467270896275,0.25,108.8467989764816
CUST1285,47,5,540.3662805233755,3,3,3,333,9,Need Attention,0,Cluster 0,0.1806024385151702,-0.4106374839357227,108.0732561046751,5.0352467270896275,0.25,136.04387727174608
CUST1286,232,2,274.15238478098394,1,1,1,111,3,Lost Customers,1,Cluster 1,-2.3184516023941852,1.0547041534245962,137.07619239049197,5.0352467270896275,0.25,172.5531122740332
CUST1287,94,3,359.99628266865574,2,2,2,222,6,Others,1,Cluster 1,-1.0577799138485642,-0.32621892297067234,119.99876088955192,5.0352467270896275,0.25,151.05584200598176
CUST1288,132,6,512.8226330768548,2,4,3,243,9,At Risk,1,Cluster 1,-0.0801131531832421,0.6651828666632309,85.47043884614247,5.0352467270896275,0.25,107.59118686573827
CUST1289,119,4,302.79039475287607,2,2,2,222,6,Others,1,Cluster 1,-1.043497259791668,0.014255499015478937,75.69759868821902,5.0352467270896275,0.25,95.28902151084972
CUST1290,14,4,551.6059743384704,5,2,3,523,10,Potential Loyalists,1,Cluster 1,0.10918646173963367,-0.9010619041740444,137.9014935846176,5.0352467270896275,0.25,173.59201105817928
CUST1291,7,4,315.83013714178463,5,2,2,522,9,New Customers,1,Cluster 1,-0.3774277581711897,-1.2738722223424919,78.95753428544616,5.0352467270896275,0.25,99.39266652246495
CUST1292,11,10,827.6774308858013,5,5,5,555,15,Champions,0,Cluster 0,2.4477539833762876,0.1252411524212554,82.76774308858013,5.0352467270896275,0.25,104.18900187384206
CUST1293,57,5,446.5271764231647,3,3,3,333,9,Need Attention,1,Cluster 1,-0.08578600606249581,-0.41012364384988564,89.30543528463294,5.0352467270896275,0.25,112.41872518206563
CUST1294,38,4,351.16441222289,4,2,2,422,8,New Customers,1,Cluster 1,-0.4748359606393718,-0.8692231153333893,87.7911030557225,5.0352467270896275,0.25,110.51246608222873
CUST1295,9,8,1572.5744970269543,5,5,5,555,15,Champions,0,Cluster 0,3.5539116400283786,0.7822010461593913,196.5718121283693,5.0352467270896275,0.25,247.44689341436214
CUST1296,121,2,138.42605818958947,2,1,1,211,4,Others,1,Cluster 1,-1.9902237544822479,-0.4055755276557098,69.21302909479473,5.0352467270896275,0.25,87.12616955538108
CUST1297,18,10,732.6452503909804,5,5,4,554,14,Champions,0,Cluster 0,2.195763022507347,0.08934602820161006,73.26452503909805,5.0352467270896275,0.25,92.22623997872363
CUST1298,331,3,331.1755702854018,1,2,2,122,5,Lost Customers,1,Cluster 1,-2.4699716479330536,2.3980345675788937,110.39185676180061,5.0352467270896275,0.25,138.96255886430086
CUST1299,1,4,488.9075874000649,5,2,3,523,10,Potential Loyalists,1,Cluster 1,0.04313016334135827,-1.129909040244668,122.22689685001623,5.0352467270896275,0.25,153.86064558159143
CUST1300,11,5,574.2977571519482,5,3,3,533,11,Potential Loyalists,0,Cluster 0,0.4610979068401046,-0.787935312488531,114.85955143038964,5.0352467270896275,0.25,144.58654510371304
CUST1301,242,5,591.8600323750196,1,3,4,134,8,Others,1,Cluster 1,-0.8134105081790697,1.923753363142243,118.37200647500393,5.0352467270896275,0.25,149.00806454557394
CUST1302,27,7,932.4308846752426,4,5,5,455,14,Champions,0,Cluster 0,1.7380900974155165,0.08090213011373894,133.20441209646324,5.0352467270896275,0.25,167.67927001065362
CUST1303,1,6,623.8871658868657,5,4,4,544,13,Champions,0,Cluster 0,0.9128742085234017,-0.7230922191668124,103.9811943144776,5.0352467270896275,0.25,130.89274208771099
CUST1304,182,4,367.2931781056236,1,2,2,122,5,Lost Customers,1,Cluster 1,-1.2577672615232653,0.8275810369638965,91.8232945264059,5.0352467270896275,0.25,115.58823580866806
CUST1305,208,3,216.79268798597502,1,2,1,121,4,Lost Customers,1,Cluster 1,-2.025844431549029,0.8243844174572909,72.26422932865835,5.0352467270896275,0.25,90.96705605319531
CUST1306,112,5,523.2507122053875,2,3,3,233,8,Others,1,Cluster 1,-0.22727355500994811,0.32514048515195226,104.65014244107749,5.0352467270896275,0.25,131.73482180397468
CUST1307,32,10,993.5427994407228,4,5,5,455,14,Champions,0,Cluster 0,2.6986575525973096,0.5747085000289234,99.35427994407227,5.0352467270896275,0.25,125.06832822768413
CUST1308,41,5,529.0424302042816,4,3,3,433,10,Potential Loyalists,0,Cluster 0,0.18944193524640746,-0.4944977253913673,105.80848604085631,5.0352467270896275,0.25,133.19295825888256
CUST1309,83,5,516.1778265087144,2,3,3,233,8,Others,1,Cluster 1,-0.07813948517288578,-0.021302382539880364,103.23556530174287,5.0352467270896275,0.25,129.95413557621208
CUST1310,13,3,739.868316793421,5,2,4,524,11,Potential Loyalists,0,Cluster 0,0.2510271478763485,-0.8001396176139748,246.62277226447364,5.0352467270896275,0.25,310.45162671761534
CUST1311,79,5,534.9908257619885,2,3,3,233,8,Others,1,Cluster 1,-0.013386723739347661,-0.044639298196674,106.9981651523977,5.0352467270896275,0.25,134.69054022205148
CUST1312,90,8,1023.3598412334014,2,5,5,255,12,At Risk,0,Cluster 0,1.8670081265783018,1.0469029570885584,127.91998015417518,5.0352467270896275,0.25,161.02716535017018
CUST1313,55,8,818.166664363139,3,5,5,355,13,Loyal Customers,0,Cluster 0,1.6079155653993196,0.3858172855088953,102.27083304539238,5.0352467270896275,0.25,128.73971934213543
CUST1314,206,4,505.95605200193563,1,2,3,123,6,About to Sleep,1,Cluster 1,-1.0846608361445575,1.2783752958175254,126.48901300048391,5.0352467270896275,0.25,159.22584718087097
CUST1315,98,3,527.2879840555287,2,2,3,223,7,About to Sleep,1,Cluster 1,-0.7070110170722782,-0.07295407347351424,175.7626613518429,5.0352467270896275,0.25,221.25209132910737
CUST1316,20,4,418.3052880252163,4,2,2,422,8,New Customers,1,Cluster 1,-0.22256066211006076,-0.9958818399310887,104.57632200630408,5.0352467270896275,0.25,131.6418957783284
CUST1317,9,6,729.0513204878946,5,4,4,544,13,Champions,0,Cluster 0,1.1021806285637783,-0.5000045478811893,121.5085534146491,5.0352467270896275,0.25,152.95638647362676
CUST1318,4,8,988.2306811530536,5,5,5,555,15,Champions,0,Cluster 0,2.2776648299056084,0.0020332404880130297,123.5288351441317,5.0352467270896275,0.25,155.49954071517084
CUST1319,169,3,239.31225867731166,1,2,1,121,4,Lost Customers,1,Cluster 1,-1.7537673728373,0.398052503605705,79.77075289243722,5.0352467270896275,0.25,100.41635560477998
CUST1320,30,7,672.5402565383118,4,5,4,454,13,Champions,0,Cluster 0,1.1407630398413864,-0.20525161644105158,96.07717950547313,5.0352467270896275,0.25,120.94307591323405
CUST1321,247,2,84.15192341375787,1,1,1,111,3,Lost Customers,1,Cluster 1,-2.8279779541144006,0.9946378337098598,42.075961706878935,5.0352467270896275,0.25,52.96571211842766
CUST1322,3,6,665.9513076104344,5,4,4,544,13,Champions,0,Cluster 0,0.995417903277026,-0.6478330074327711,110.99188460173906,5.0352467270896275,0.25,139.71788091860407
CUST1323,116,1,178.06019619015365,2,1,1,211,4,Others,1,Cluster 1,-2.1574814045894652,-0.5348597837732396,178.06019619015365,5.0352467270896275,0.25,224.14425502285204
CUST1324,89,3,417.9446159674819,2,2,2,222,6,Others,1,Cluster 1,-0.8999613942865367,-0.312850045940367,139.31487198916065,5.0352467270896275,0.25,175.3711883045829
CUST1325,194,7,971.5193003622321,1,5,5,155,11,At Risk,0,Cluster 0,0.8756181946505405,2.073906975961644,138.78847148031886,5.0352467270896275,0.25,174.7085491947619
CUST1326,88,8,708.1424890435537,2,5,4,254,11,At Risk,0,Cluster 0,1.1745869028430131,0.6341694468099849,88.51781113044422,5.0352467270896275,0.25,111.42725469592676
CUST1327,53,9,903.2858383124607,3,5,5,355,13,Loyal Customers,0,Cluster 0,2.093523455768212,0.5877164172728475,100.36509314582896,5.0352467270896275,0.25,126.34075169414523
CUST1328,139,7,1281.504488997043,1,5,5,155,11,At Risk,0,Cluster 0,1.880522142330847,1.8164122837199137,183.07206985672042,5.0352467270896275,0.25,230.4532601418938
CUST1329,312,3,194.1015138385746,1,2,1,121,4,Lost Customers,1,Cluster 1,-2.6679661751093184,2.0074281662170557,64.7005046128582,5.0352467270896275,0.25,81.4457510232354
CUST1330,5,5,441.09425138665733,5,3,3,533,11,Potential Loyalists,0,Cluster 0,0.1978129684611802,-1.0223749711084202,88.21885027733147,5.0352467270896275,0.25,111.05091928163579
CUST1332,15,3,383.37775205708647,5,2,2,522,9,New Customers,1,Cluster 1,-0.5562944425879933,-1.2172852718691693,127.79258401902882,5.0352467270896275,0.25,160.86679760703527
CUST1333,6,7,555.9950537338759,5,5,3,553,13,Loyal Customers,0,Cluster 0,1.0170394153066316,-0.6287200184086195,79.42786481912513,5.0352467270896275,0.25,99.9847240925543
CUST1334,80,4,438.06431033328846,2,2,2,222,6,Others,1,Cluster 1,-0.519670126001158,-0.2727711019520521,109.51607758332212,5.0352467270896275,0.25,137.8601178037791
CUST1335,92,3,218.97575226875549,2,2,1,221,5,Others,1,Cluster 1,-1.3612665647543387,-0.5237364006721485,72.99191742291849,5.0352467270896275,0.25,91.88307832693667
CUST1336,39,3,147.8417934325659,4,2,1,421,7,New Customers,1,Cluster 1,-1.218673197617965,-1.2288047757041929,49.280597810855305,5.0352467270896275,0.25,62.03499220903236
CUST1337,101,6,900.0407368104837,2,4,5,245,11,At Risk,0,Cluster 0,0.9607406716773899,0.7825871794012483,150.00678946841396,5.0352467270896275,0.25,188.83029892801355
CUST1338,22,9,686.296772262682,4,5,4,454,13,Champions,0,Cluster 0,1.78534544947634,-0.04136286595406185,76.25519691807578,5.0352467270896275,0.25,95.99093267632904
CUST1339,59,4,300.85505292987074,3,2,2,322,7,Others,1,Cluster 1,-0.7065923192410236,-0.6868345054019349,75.21376323246768,5.0352467270896275,0.25,94.67996378709427
CUST1340,86,5,571.2420107381155,2,3,3,233,8,Others,1,Cluster 1,0.02774270154109142,0.08166305495267917,114.2484021476231,5.0352467270896275,0.25,143.8172232472597
CUST1341,38,5,397.8313074204192,4,3,2,432,9,Others,1,Cluster 1,-0.08645585057342975,-0.691540895417672,79.56626148408384,5.0352467270896275,0.25,100.15893943112266
CUST1342,18,9,683.7083891179807,5,5,4,554,14,Champions,0,Cluster 0,1.8023146897446372,-0.09114068084213763,75.96759879088674,5.0352467270896275,0.25,95.6289007941676
CUST1343,58,5,477.1917216820286,3,3,3,333,9,Need Attention,1,Cluster 1,-0.023007438434283864,-0.3605933448339412,95.43834433640572,5.0352467270896275,0.25,120.13890273968495
CUST1344,70,6,399.43016238309474,3,4,2,342,9,Loyal Customers,1,Cluster 1,0.019312247423678347,-0.19689973560303767,66.57169373051579,5.0352467270896275,0.25,83.80122574334818
CUST1345,118,1,62.97774112294395,2,1,1,211,4,Others,1,Cluster 1,-2.425803723729789,-0.6537514569220809,62.97774112294395,5.0352467270896275,0.25,79.27711621720034
CUST1346,11,3,509.2521580492545,5,2,3,523,10,Potential Loyalists,1,Cluster 1,-0.25250240323508333,-1.10835036440251,169.7507193497515,5.0352467270896275,0.25,213.68418850673655
CUST1347,213,5,587.3672913563942,1,3,4,134,8,Others,1,Cluster 1,-0.6585156703906561,1.5804982028688266,117.47345827127883,5.0352467270896275,0.25,147.87696157008915
CUST1348,73,6,518.32641573439,3,4,3,343,10,Loyal Customers,0,Cluster 0,0.26771424753978845,-0.015071294030148417,86.38773595573167,5.0352467270896275,0.25,108.7458911829452
CUST1349,152,4,493.9051573110728,1,2,3,123,6,About to Sleep,1,Cluster 1,-0.8044638036690239,0.634657659843467,123.4762893277682,5.0352467270896275,0.25,155.43339542770417
CUST1350,77,6,832.6967992608088,3,4,5,345,12,Loyal Customers,0,Cluster 0,0.9468702171827117,0.41990577111759214,138.78279987680148,5.0352467270896275,0.25,174.70140971399985
CUST1351,25,8,868.382353637355,4,5,5,455,14,Champions,0,Cluster 0,1.8906466897009258,0.098508108155924,108.54779420466937,5.0352467270896275,0.25,136.64123137546497
CUST1352,40,2,214.700717884262,4,1,1,411,6,New Customers,1,Cluster 1,-1.3592678379321563,-1.254583561748041,107.350358942131,5.0352467270896275,0.25,135.13388587881545
CUST1353,48,3,247.56174669294296,3,2,1,321,6,Others,1,Cluster 1,-1.0472093130773457,-1.0007983035036085,82.52058223098099,5.0352467270896275,0.25,103.87787289901938
CUST1354,46,5,636.3698554508599,3,3,4,334,10,Need Attention,0,Cluster 0,0.40063965770539434,-0.30367233142513445,127.27397109017197,5.0352467270896275,0.25,160.21396159387206
CUST1355,51,6,457.21736158309847,3,4,3,343,10,Loyal Customers,0,Cluster 0,0.25639040669063107,-0.34675968756138525,76.20289359718308,5.0352467270896275,0.25,95.92509264499381
CUST1356,190,4,337.08886952341584,1,2,2,122,5,Lost Customers,1,Cluster 1,-1.3707021502608785,0.8834241897617762,84.27221738085396,5.0352467270896275,0.25,106.08285168788262
CUST1357,60,4,390.7910704482594,3,2,2,322,7,Others,1,Cluster 1,-0.5114765223375701,-0.564075711321481,97.69776761206485,5.0352467270896275,0.25,122.98309115315314
CUST1358,13,5,257.8531676338782,5,3,1,531,9,Others,1,Cluster 1,-0.256811809716238,-1.1556051162741448,51.57063352677564,5.0352467270896275,0.25,64.91771591990891
CUST1359,37,7,647.0417308583039,4,5,4,454,13,Champions,0,Cluster 0,1.0440219971671922,-0.15523956298627037,92.4345329797577,5.0352467270896275,0.25,116.35766991409581
CUST1360,14,4,337.04491133408845,5,2,2,522,9,New Customers,1,Cluster 1,-0.369870587223538,-1.1661469972936505,84.26122783352211,5.0352467270896275,0.25,106.0690179173239
CUST1361,12,6,750.2045984254408,5,4,4,544,13,Champions,0,Cluster 0,1.132348897438381,-0.4389352290332461,125.03409973757347,5.0352467270896275,0.25,157.39438536955373
CUST1362,17,4,338.33469981380733,5,2,2,522,9,New Customers,1,Cluster 1,-0.3840521389013415,-1.1296185475059102,84.58367495345183,5.0352467270896275,0.25,106.4749181186453
CUST1363,11,4,296.1154110405407,5,2,2,522,9,New Customers,1,Cluster 1,-0.44419383272273016,-1.2516493687718728,74.02885276013518,5.0352467270896275,0.25,93.18838464266766
CUST1364,24,6,730.2724660801123,4,4,4,444,12,Champions,0,Cluster 0,1.019600608322708,-0.3238211176294573,121.71207768001871,5.0352467270896275,0.25,153.21258519639818
CUST1365,18,4,355.50624768150885,5,2,2,522,9,New Customers,1,Cluster 1,-0.3513997993098819,-1.0967585260315431,88.87656192037721,5.0352467270896275,0.25,111.87885438113949
CUST1366,33,5,671.3853929414947,4,3,4,434,11,Potential Loyalists,0,Cluster 0,0.5527522275263747,-0.4117962365718633,134.27707858829893,5.0352467270896275,0.25,169.02955512122222
CUST1367,53,7,1193.580096420169,3,5,5,355,13,Loyal Customers,0,Cluster 0,2.1733013150150757,0.7063153123386299,170.51144234573843,5.0352467270896275,0.25,214.6417955006778
CUST1368,78,8,892.864233970687,2,5,5,255,12,At Risk,0,Cluster 0,1.6438917997670963,0.7459389491406069,111.60802924633587,5.0352467270896275,0.25,140.49349099488404
CUST1369,60,6,804.3503723022935,3,4,5,345,12,Loyal Customers,0,Cluster 0,0.9802609931814374,0.1869197359991474,134.05839538371558,5.0352467270896275,0.25,168.75427414868528
CUST1370,351,4,773.9312048646352,1,2,5,125,8,About to Sleep,1,Cluster 1,-1.3109741052613684,3.2979746549756936,193.4828012161588,5.0352467270896275,0.25,243.55841039294916
CUST1371,35,2,429.29475889492767,4,1,2,412,7,New Customers,1,Cluster 1,-0.8517016548453223,-1.0476826363855014,214.64737944746383,5.0352467270896275,0.25,270.2006287103019
CUST1372,72,5,668.0629226468824,3,3,4,334,10,Need Attention,0,Cluster 0,0.3235371221249566,0.03825323849532933,133.61258452937648,5.0352467270896275,0.25,168.19308223738227
CUST1373,36,9,1022.1369351816752,4,5,5,455,14,Champions,0,Cluster 0,2.455566646106245,0.536589423885811,113.57077057574169,5.0352467270896275,0.25,142.96421270863758
CUST1374,131,5,457.28847016355314,2,3,3,233,8,Others,1,Cluster 1,-0.48260438251090787,0.4649003660040191,91.45769403271063,5.0352467270896275,0.25,115.1280136363427
CUST1375,292,1,204.2279955184276,1,1,1,111,3,Lost Customers,1,Cluster 1,-3.099985468366836,1.546986788032765,204.2279955184276,5.0352467270896275,0.25,257.0845865035594
CUST1376,18,7,781.6530490002398,5,5,5,555,15,Champions,0,Cluster 0,1.452627716906597,-0.2101851421390645,111.66472128574854,5.0352467270896275,0.25,140.5648555963602
CUST1377,265,2,190.76684790758594,1,1,1,111,3,Lost Customers,1,Cluster 1,-2.692303361994587,1.3359677193123738,95.38342395379297,5.0352467270896275,0.25,120.06976832048461
CUST1378,153,6,527.283872021981,1,4,3,143,8,At Risk,1,Cluster 1,-0.16725421571455576,0.9275940110888432,87.88064533699684,5.0352467270896275,0.25,110.62518295190941
CUST1379,15,11,1373.9110393855046,5,5,5,555,15,Champions,0,Cluster 0,3.9287835738782633,0.9667061007145453,124.90100358050042,5.0352467270896275,0.25,157.22684237223115
CUST1380,11,5,440.57414865872585,5,3,3,533,11,Potential Loyalists,0,Cluster 0,0.16252911544592097,-0.9531476521057691,88.11482973174517,5.0352467270896275,0.25,110.91997700370743
CUST1381,35,5,692.1441085053953,4,3,4,434,11,Potential Loyalists,0,Cluster 0,0.587726645543404,-0.3628593724176025,138.42882170107904,5.0352467270896275,0.25,174.25581785130797
CUST1382,131,4,494.112387665253,2,2,3,223,7,About to Sleep,1,Cluster 1,-0.6845720010130256,0.39036906056039666,123.52809691631325,5.0352467270896275,0.25,155.49861142536915
CUST1383,186,6,409.20236404089815,1,4,2,142,7,At Risk,1,Cluster 1,-0.6185727313843918,1.1659915294134244,68.20039400681635,5.0352467270896275,0.25,85.85145267726128
CUST1384,113,4,404.43873900678176,2,2,2,222,6,Others,1,Cluster 1,-0.7824212883281579,0.0699697185499827,101.10968475169544,5.0352467270896275,0.25,127.27805230575962
CUST1385,36,7,829.6367191723447,4,5,5,455,14,Champions,0,Cluster 0,1.4573945139256737,0.0587072224427977,118.51953131033495,5.0352467270896275,0.25,149.19377053164018
CUST1386,158,2,97.63010372394456,1,1,1,111,3,Lost Customers,1,Cluster 1,-2.291732853087883,-0.02511361603859465,48.81505186197228,5.0352467270896275,0.25,61.448957530176585
CUST1387,230,2,167.4198534216627,1,1,1,111,3,Lost Customers,1,Cluster 1,-2.5453823889449425,0.8995486834951043,83.70992671083135,5.0352467270896275,0.25,105.37503362390655
CUST1388,77,10,952.9078042021085,3,5,5,355,13,Loyal Customers,0,Cluster 0,2.3520110275894015,1.0485291310248377,95.29078042021085,5.0352467270896275,0.25,119.95314755817076
CUST1389,297,3,187.1467526019859,1,2,1,121,4,Lost Customers,1,Cluster 1,-2.5981877739132906,1.8241609901275757,62.38225086732863,5.0352467270896275,0.25,78.52750612705015
CUST1390,46,4,406.3996311344962,3,2,2,322,7,Others,1,Cluster 1,-0.3970074026785579,-0.7078214572566173,101.59990778362405,5.0352467270896275,0.25,127.89515078502524
CUST1391,43,8,659.5015531287429,3,5,4,354,12,Loyal Customers,0,Cluster 0,1.321904325343046,0.05005052500693622,82.43769414109286,5.0352467270896275,0.25,103.7735324031884
CUST1392,38,4,534.9152210841784,4,2,3,423,9,Potential Loyalists,1,Cluster 1,-0.06456990861162418,-0.6422033588326359,133.7288052710446,5.0352467270896275,0.25,168.33938226465835
CUST1393,29,8,808.0045875482451,4,5,5,455,14,Champions,0,Cluster 0,1.7330910018537955,0.07049274240205364,101.00057344353064,5.0352467270896275,0.25,127.1407017164283
CUST1394,57,3,305.5600627736236,3,2,2,322,7,Others,1,Cluster 1,-0.9688986041658448,-0.8243379222946428,101.85335425787453,5.0352467270896275,0.25,128.21419216751576
CUST1395,116,6,504.97664140827135,2,4,3,243,9,At Risk,1,Cluster 1,-0.006637528812133738,0.4691696143000227,84.16277356804522,5.0352467270896275,0.25,105.94508253782128
CUST1396,156,2,130.41485868973967,1,1,1,111,3,Lost Customers,1,Cluster 1,-2.2071591265159816,-0.007898795108123245,65.20742934486984,5.0352467270896275,0.25,82.08387379767099
CUST1397,10,4,293.2631492617699,5,2,1,521,8,New Customers,1,Cluster 1,-0.4448750642251025,-1.2668182526598601,73.31578731544248,5.0352467270896275,0.25,92.29076953102025
CUST1398,85,4,420.40353070132426,2,2,2,222,6,Others,1,Cluster 1,-0.5875373920629261,-0.23636566408197346,105.10088267533106,5.0352467270896275,0.25,132.30221887629793
CUST1399,5,6,652.3095958564592,5,4,4,544,13,Champions,0,Cluster 0,0.9535854348850471,-0.641397053514619,108.71826597607652,5.0352467270896275,0.25,136.85582323272473
CUST1400,17,7,751.9891965320398,5,5,4,554,14,Champions,0,Cluster 0,1.3920834266840876,-0.25847910899910476,107.4270280760057,5.0352467270896275,0.25,135.2303978801683
CUST1401,226,5,502.67093844061384,1,3,3,133,7,Others,1,Cluster 1,-0.9215521165869512,1.627242641495278,100.53418768812277,5.0352467270896275,0.25,126.55360987930862
CUST1402,112,7,696.9426969685428,2,5,4,254,11,At Risk,0,Cluster 0,0.7289048639085596,0.7797855639712507,99.56324242407754,5.0352467270896275,0.25,125.3313726385669
CUST1403,180,3,637.6953622326737,1,2,4,124,7,About to Sleep,1,Cluster 1,-0.9268433375382328,1.0183401631453048,212.56512074422457,5.0352467270896275,0.25,267.57945713019205
CUST1404,12,8,1130.2629378579475,5,5,5,555,15,Champions,0,Cluster 0,2.5492877893378023,0.2706705755499873,141.28286723224343,5.0352467270896275,0.25,177.84852370624805
CUST1405,85,6,855.2061204115042,2,4,5,245,11,At Risk,0,Cluster 0,0.9516306621015419,0.5408753604214918,142.53435340191737,5.0352467270896275,0.25,179.42390911621018
CUST1406,4,8,645.5402772893401,5,5,4,554,14,Champions,0,Cluster 0,1.5125294820275303,-0.4213526075656605,80.69253466116751,5.0352467270896275,0.25,101.57670526330251
CUST1407,41,1,88.44932059909374,4,1,1,411,6,New Customers,1,Cluster 1,-1.9310258009863241,-1.518945559970178,88.44932059909374,5.0352467270896275,0.25,111.34103801497199
CUST1408,28,3,187.44504051697783,4,2,1,421,7,New Customers,1,Cluster 1,-1.067691709493363,-1.3079707101799598,62.481680172325945,5.0352467270896275,0.25,78.65266889769127
CUST1409,159,5,259.48304334556923,1,3,1,131,5,Others,1,Cluster 1,-1.083489427465665,0.5465759663825599,51.896608669113846,5.0352467270896275,0.25,65.32805723705167
CUST1410,83,6,649.7087898160117,2,4,4,244,10,At Risk,0,Cluster 0,0.5041846870025529,0.2636983287237075,108.28479830266862,5.0352467270896275,0.25,136.31016906176816
CUST1411,9,6,878.5579562329641,5,4,5,545,14,Champions,0,Cluster 0,1.4359886677184972,-0.3152926532646373,146.42632603882734,5.0352467270896275,0.25,184.32316973669103
CUST1412,47,6,477.26361931755264,3,4,3,343,10,Loyal Customers,0,Cluster 0,0.32389670206145604,-0.3685729416798434,79.54393655292544,5.0352467270896275,0.25,100.1308365469857
CUST1413,38,2,121.65963951226058,4,1,1,411,6,New Customers,1,Cluster 1,-1.5556292985657059,-1.3928235669642903,60.82981975613029,5.0352467270896275,0.25,76.57328770912676
CUST1414,5,7,852.9213843275475,5,5,5,555,15,Champions,0,Cluster 0,1.6856830174593889,-0.27351957730547166,121.84591204679249,5.0352467270896275,0.25,153.38105746071562
CUST1415,25,4,326.6823662509249,4,2,2,422,8,New Customers,1,Cluster 1,-0.45556546549366017,-1.0508548705612522,81.67059156273122,5.0352467270896275,0.25,102.80789471642903
CUST1416,170,6,508.2802076832703,1,4,3,143,8,At Risk,1,Cluster 1,-0.3063649890294886,1.1020801339445927,84.71336794721172,5.0352467270896275,0.25,106.6381771742343
CUST1417,98,5,409.16424498016806,2,3,2,232,7,Others,1,Cluster 1,-0.4023784916427313,0.02115961514700216,81.83284899603362,5.0352467270896275,0.25,103.0121462689245
CUST1418,194,4,382.4319780201083,1,2,2,122,5,Lost Customers,1,Cluster 1,-1.2922116073347873,0.9860244515213249,95.60799450502708,5.0352467270896275,0.25,120.35246035376018
CUST1419,243,3,672.7094768556353,1,2,4,124,7,About to Sleep,1,Cluster 1,-1.2069535920246144,1.795233151838274,224.23649228521177,5.0352467270896275,0.25,282.27151596829276
CUST1420,62,1,92.25334293061164,3,1,1,311,5,Others,1,Cluster 1,-2.0419615570635594,-1.2697011533433828,92.25334293061164,5.0352467270896275,0.25,116.12958576360982
CUST1421,7,3,243.36397206606082,5,2,1,521,8,New Customers,1,Cluster 1,-0.8234106873143283,-1.483428826931347,81.12132402202027,5.0352467270896275,0.25,102.11647031976369
CUST1423,104,4,257.3251404945287,2,2,1,221,5,Others,1,Cluster 1,-1.0597024144318814,-0.2165904757889682,64.33128512363217,5.0352467270896275,0.25,80.98097321705963
CUST1424,81,6,472.32508696344297,2,4,3,243,9,At Risk,0,Cluster 0,0.11950886858338593,0.021255015827505976,78.72084782724049,5.0352467270896275,0.25,99.09472284395832
CUST1425,51,9,892.5501874626108,3,5,5,355,13,Loyal Customers,0,Cluster 0,2.0809278409517518,0.5511628113196037,99.1722430514012,5.0352467270896275,0.25,124.83917806067623
CUST1426,49,3,273.65360856089904,3,2,1,321,6,Others,1,Cluster 1,-0.9946403155380295,-0.956917446122191,91.21786952029969,5.0352467270896275,0.25,114.82611973854442
CUST1427,171,4,376.9542619812001,1,2,2,122,5,Lost Customers,1,Cluster 1,-1.1736385571495782,0.711422271583603,94.23856549530002,5.0352467270896275,0.25,118.62860711895773
CUST1428,17,3,272.6397799431979,5,2,1,521,8,New Customers,1,Cluster 1,-0.8149167017372537,-1.3308094395996852,90.87992664773263,5.0352467270896275,0.25,114.40071330278529
CUST1429,263,4,467.95034443981183,1,2,3,123,6,About to Sleep,1,Cluster 1,-1.4936820776136701,1.8951841363581026,116.98758610995296,5.0352467270896275,0.25,147.26534001756414
CUST1430,122,2,283.1928571048562,2,1,1,211,4,Others,1,Cluster 1,-1.6726855946368437,-0.2150746065141342,141.5964285524281,5.0352467270896275,0.25,178.2432383590485
CUST1431,117,5,783.4062833904356,2,3,5,235,10,Others,0,Cluster 0,0.3251482440201969,0.7047814206247477,156.68125667808712,5.0352467270896275,0.25,197.232196221157
CUST1432,60,5,544.8838818683157,3,3,3,333,9,Need Attention,0,Cluster 0,0.11675671712248628,-0.25367132547985205,108.97677637366314,5.0352467270896275,0.25,137.18123914106638
CUST1433,79,4,384.64707257625804,2,2,2,222,6,Others,1,Cluster 1,-0.6332493261929565,-0.35041181170675706,96.16176814406451,5.0352467270896275,0.25,121.0495570796381
CUST1434,24,4,258.5388450084065,4,2,1,421,7,New Customers,1,Cluster 1,-0.6020244893122129,-1.1466895535112547,64.63471125210162,5.0352467270896275,0.25,81.36292957213196
CUST1435,29,5,559.1471207722811,4,3,3,433,10,Potential Loyalists,0,Cluster 0,0.3249028062924713,-0.597043882917773,111.82942415445623,5.0352467270896275,0.25,140.77218549151087
CUST1436,63,5,357.52483001669185,3,3,2,332,8,Need Attention,1,Cluster 1,-0.31862687128092715,-0.450214033645493,71.50496600333837,5.0352467270896275,0.25,90.01128650974115
CUST1437,28,3,305.5358661666823,4,2,2,422,8,New Customers,1,Cluster 1,-0.8040267105731421,-1.1620723021669284,101.84528872222744,5.0352467270896275,0.25,128.20403917702347
CUST1438,71,6,733.8802517025827,3,4,4,344,11,Loyal Customers,0,Cluster 0,0.7603620923170571,0.22795038196757206,122.31337528376378,5.0352467270896275,0.25,153.96950564421422
CUST1439,139,4,535.3840719049288,1,2,3,123,6,About to Sleep,1,Cluster 1,-0.637920254069844,0.5345191034701056,133.8460179762322,5.0352467270896275,0.25,168.48693098720065
CUST1440,218,5,504.2869031258358,1,3,3,133,7,Others,1,Cluster 1,-0.8724472978082783,1.5360792693717094,100.85738062516717,5.0352467270896275,0.25,126.96044892392645
CUST1441,215,4,427.8984196711167,1,2,2,122,5,Lost Customers,1,Cluster 1,-1.3101264053109078,1.2867417868810922,106.97460491777917,5.0352467270896275,0.25,134.66088232348838
CUST1442,177,4,437.40193661124755,1,2,2,122,5,Lost Customers,1,Cluster 1,-1.0727977886049573,0.855973830277895,109.35048415281189,5.0352467270896275,0.25,137.65166685902807
CUST1443,165,5,364.628320111629,1,3,2,132,6,Others,1,Cluster 1,-0.8828509552968284,0.7463503500318434,72.9256640223258,5.0352467270896275,0.25,91.79967777231346
CUST1444,82,6,706.777721773343,2,4,4,244,10,At Risk,0,Cluster 0,0.6372913377916721,0.322560655340341,117.79628696222385,5.0352467270896275,0.25,148.28334209746205
CUST1445,64,4,449.64383896323864,3,2,3,323,8,Others,1,Cluster 1,-0.40282254821742297,-0.44478458574062174,112.41095974080966,5.0352467270896275,0.25,141.50422928097893
CUST1446,5,7,855.6487082193314,5,5,5,555,15,Champions,0,Cluster 0,1.6917723969435783,-0.2701500334670069,122.23552974561878,5.0352467270896275,0.25,153.87151277142343
CUST1447,65,3,326.0666999915409,3,2,2,322,7,Others,1,Cluster 1,-0.9686096129274202,-0.7058426013849055,108.68889999718029,5.0352467270896275,0.25,136.81885699544347
CUST1448,19,8,904.0885494188896,4,5,5,455,14,Champions,0,Cluster 0,2.00449160904749,0.07275237073021082,113.0110686773612,5.0352467270896275,0.25,142.25965342064603
CUST1449,60,3,283.3922923265221,3,2,1,321,6,Others,1,Cluster 1,-1.0354545652449139,-0.816790728963242,94.46409744217404,5.0352467270896275,0.25,118.91250936829562
CUST1450,33,8,683.0241409676925,4,5,4,454,13,Champions,0,Cluster 0,1.4312949330261273,-0.03733769946141128,85.37801762096156,5.0352467270896275,0.25,107.47484594783681
CUST1451,59,6,507.70287116400226,3,4,3,343,10,Loyal Customers,0,Cluster 0,0.3236141433314058,-0.19122618245976244,84.61714519400037,5.0352467270896275,0.25,106.51705084843954
CUST1452,56,6,748.1809877587121,3,4,4,344,11,Loyal Customers,0,Cluster 0,0.8775982925410767,0.07094386752958949,124.69683129311869,5.0352467270896275,0.25,156.96982791178084
CUST1453,147,4,506.9832287576092,1,3,3,133,7,Others,1,Cluster 1,-0.7468284903615426,0.5925903949435264,126.7458071894023,5.0352467270896275,0.25,159.54910270569272
CUST1454,221,2,122.35460277239011,1,1,1,111,3,Lost Customers,1,Cluster 1,-2.594817047034998,0.7390667972012976,61.177301386195055,5.0352467270896275,0.25,77.0107016442536
CUST1455,28,5,632.9812427362372,4,3,4,434,11,Potential Loyalists,0,Cluster 0,0.4954416096698562,-0.5174685625647912,126.59624854724743,5.0352467270896275,0.25,159.36083653983815
CUST1456,38,5,549.3313764586906,4,3,3,433,10,Potential Loyalists,0,Cluster 0,0.25180298807572815,-0.5043661613522618,109.8662752917381,5.0352467270896275,0.25,138.30095077006308
CUST1457,16,5,795.3665424702854,5,3,5,535,13,Potential Loyalists,0,Cluster 0,0.9262494433698276,-0.45658517184187586,159.07330849405707,5.0352467270896275,0.25,200.24333899050487
CUST1458,44,4,383.4969581718768,3,3,2,332,8,Need Attention,1,Cluster 1,-0.43676869996506607,-0.7594071298140703,95.8742395429692,5.0352467270896275,0.25,120.68761271773566
CUST1459,29,7,835.4672884210628,4,5,5,455,14,Champions,0,Cluster 0,1.5102223086173228,-0.015604123665815721,119.35246977443754,5.0352467270896275,0.25,150.2422832004501
CUST1460,13,8,952.4099697721961,5,5,5,555,15,Champions,0,Cluster 0,2.1465029262051867,0.06258244339281088,119.05124622152451,5.0352467270896275,0.25,149.86309947321817
CUST1461,77,7,677.5601064466643,3,5,4,354,12,Loyal Customers,0,Cluster 0,0.8846772829629921,0.3482644550157206,96.79430092095205,5.0352467270896275,0.25,121.8457967282881
CUST1462,6,8,548.7112072782671,5,5,3,553,13,Loyal Customers,0,Cluster 0,1.284962054087586,-0.517692657369612,68.58890090978339,5.0352467270896275,0.25,86.3405097051654
CUST1463,32,12,1581.2290182684173,4,5,5,455,14,Champions,0,Cluster 0,4.579173562324064,1.5408336141877985,131.76908485570144,5.0352467270896275,0.25,165.8724633128165
CUST1464,27,7,661.640668101204,4,5,4,454,13,Champions,0,Cluster 0,1.1334884971829164,-0.2536527456464605,94.52009544302915,5.0352467270896275,0.25,118.98300030592793
CUST1465,7,10,1128.4850750538972,5,5,5,555,15,Champions,0,Cluster 0,3.1421248149512517,0.4503019174049102,112.84850750538972,5.0352467270896275,0.25,142.05501951836573
CUST1466,20,4,474.76448642982245,4,3,3,433,10,Potential Loyalists,1,Cluster 1,-0.09650248270038644,-0.9261278423651945,118.69112160745561,5.0352467270896275,0.25,149.40977040213446
CUST1467,4,8,778.3761164642419,5,5,5,555,15,Champions,0,Cluster 0,1.8091161237071314,-0.2572370858384927,97.29701455803024,5.0352467270896275,0.25,122.4786185272284
CUST1468,59,3,337.16137972416095,3,2,2,322,7,Others,1,Cluster 1,-0.9097155783490856,-0.7620052818611756,112.38712657472031,5.0352467270896275,0.25,141.47422781309203
CUST1469,35,5,780.3746463472139,4,3,5,435,12,Potential Loyalists,0,Cluster 0,0.7847216664250439,-0.253852640197443,156.07492926944278,5.0352467270896275,0.25,196.46894419617672
CUST1470,5,7,648.3453520146785,5,5,4,554,14,Champions,0,Cluster 0,1.2289198519711757,-0.5262684023548185,92.6207645735255,5.0352467270896275,0.25,116.5921004198458
CUST1471,7,2,302.1713512640549,5,1,2,512,8,New Customers,1,Cluster 1,-0.9762951583955807,-1.5308000880069266,151.08567563202746,5.0352467270896275,0.25,190.18841343407283
CUST1472,74,4,671.0269878336684,3,3,4,334,10,Need Attention,1,Cluster 1,0.03459537431147862,-0.05482114509800637,167.7567469584171,5.0352467270896275,0.25,211.17415276739314
CUST1473,109,4,438.273702146682,2,3,2,232,7,Others,1,Cluster 1,-0.6841285285911464,0.06519208219562389,109.5684255366705,5.0352467270896275,0.25,137.92601401897093
CUST1474,64,9,1172.1954918468196,3,5,5,355,13,Loyal Customers,0,Cluster 0,2.631368158509742,1.0480427069592726,130.24394353853552,5.0352467270896275,0.25,163.95259760641432
CUST1475,124,7,768.0450358989725,2,5,4,254,11,At Risk,0,Cluster 0,0.8194120236270339,1.0073706007019505,109.72071941413893,5.0352467270896275,0.25,138.1177233309906
CUST1476,81,7,908.8970940435837,2,5,5,255,12,At Risk,0,Cluster 0,1.3784420494566088,0.6806557332373452,129.84244200622624,5.0352467270896275,0.25,163.44718278729385
CUST1477,63,4,483.4754886481454,3,3,3,333,9,Need Attention,1,Cluster 1,-0.32159848840486205,-0.41463136900990644,120.86887216203635,5.0352467270896275,0.25,152.15114824022703
CUST1478,82,3,304.2453338173717,2,2,2,222,6,Others,1,Cluster 1,-1.1140115553261176,-0.5348376821687025,101.41511127245724,5.0352467270896275,0.25,127.66252677801768
CUST1479,67,6,571.080114296263,3,4,3,343,10,Loyal Customers,0,Cluster 0,0.4196216478406611,-0.01976524699830395,95.18001904937717,5.0352467270896275,0.25,119.8137198506762
CUST1480,196,3,197.26600365442775,1,2,1,121,4,Lost Customers,1,Cluster 1,-2.0011970495043507,0.660519876004759,65.75533455147591,5.0352467270896275,0.25,82.77358327225065
CUST1481,12,1,57.78986999104526,5,1,1,511,7,New Customers,1,Cluster 1,-1.834554176158639,-1.8945290679457323,57.78986999104526,5.0352467270896275,0.25,72.74656343283642
CUST1482,101,4,295.69653637503654,2,3,1,231,6,Others,1,Cluster 1,-0.9569681231658776,-0.20411847506556496,73.92413409375914,5.0352467270896275,0.25,93.05656356213386
CUST1483,96,6,530.7465392435187,2,4,3,243,9,At Risk,0,Cluster 0,0.1646417228870974,0.2681080653125804,88.45775654058644,5.0352467270896275,0.25,111.35165727666974
CUST1484,352,1,77.04077679764858,1,1,1,111,3,Lost Customers,1,Cluster 1,-3.725186299805244,2.0885489382052924,77.04077679764858,5.0352467270896275,0.25,96.97982980570063
CUST1485,374,2,113.8833709966974,1,1,1,111,3,Lost Customers,1,Cluster 1,-3.4838574208406983,2.510283077485546,56.9416854983487,5.0352467270896275,0.25,71.6788588851318
CUST1486,81,6,335.46950001567245,2,4,2,242,8,At Risk,1,Cluster 1,-0.18605278691597524,-0.1478268087216537,55.91158333594541,5.0352467270896275,0.25,70.38215424967952
CUST1487,53,5,598.7422947357363,3,3,4,334,10,Need Attention,0,Cluster 0,0.2768177474714848,-0.26864541244309276,119.74845894714727,5.0352467270896275,0.25,150.7407589969125
CUST1488,31,1,56.072335029820536,4,1,1,411,6,New Customers,1,Cluster 1,-1.9464438808641191,-1.6753963786239505,56.072335029820536,5.0352467270896275,0.25,70.58451035979424
CUST1489,59,2,204.22746082752406,3,1,1,311,5,Others,1,Cluster 1,-1.49070671120478,-1.0462683589474324,102.11373041376203,5.0352467270896275,0.25,128.54195671420194
CUST1490,53,6,775.6797943579154,3,4,5,345,12,Loyal Customers,0,Cluster 0,0.9560570211175725,0.06998304264275143,129.27996572631923,5.0352467270896275,0.25,162.73913107542703
CUST1491,43,7,977.8443816372956,3,5,5,355,13,Loyal Customers,0,Cluster 0,1.7484925913329545,0.3233291422688962,139.69205451961366,5.0352467270896275,0.25,175.84599008007763
CUST1492,137,2,104.33069857336872,1,1,1,111,3,Lost Customers,1,Cluster 1,-2.1573431168861776,-0.26137981783826814,52.16534928668436,5.0352467270896275,0.25,65.66635106581616
CUST1493,111,5,929.4367435797541,2,3,5,235,10,Others,0,Cluster 0,0.6853175234168709,0.8153286894126649,185.88734871595082,5.0352467270896275,0.25,233.9971660573399
CUST1494,145,2,241.49275667339614,1,1,1,111,3,Lost Customers,1,Cluster 1,-1.8965939988623113,0.0012405026144170828,120.74637833669807,5.0352467270896275,0.25,151.9969515819462
CUST1495,112,5,412.2554287761688,2,3,2,232,7,Others,1,Cluster 1,-0.47509611975621974,0.18800845088779222,82.45108575523376,5.0352467270896275,0.25,103.79038992350675
CUST1496,253,3,267.7772416162224,1,2,1,121,4,Lost Customers,1,Cluster 1,-2.16792918708268,1.4113988232388122,89.2590805387408,5.0352467270896275,0.25,112.36037328643103
CUST1497,121,4,411.3220430680852,2,3,2,232,7,Others,1,Cluster 1,-0.8125495297770838,0.17163373517807284,102.8305107670213,5.0352467270896275,0.25,129.44424819614966
CUST1498,84,8,901.4979749931733,2,5,5,255,12,At Risk,0,Cluster 0,1.629046013716744,0.8264756245055178,112.68724687414667,5.0352467270896275,0.25,141.85202275194698
CUST1499,77,3,296.41719482650194,3,2,2,322,7,Others,1,Cluster 1,-1.1030541775998108,-0.6027340731131234,98.80573160883398,5.0352467270896275,0.25,124.37780917526936
CUST1500,76,5,640.7060130936636,3,3,4,334,10,Need Attention,0,Cluster 0,0.23970811079973184,0.051034356069503795,128.14120261873273,5.0352467270896275,0.25,161.3056427728257
CUST1501,26,9,1060.4425973901548,4,5,5,455,14,Champions,0,Cluster 0,2.597963876160159,0.4674653364000477,117.82695526557275,5.0352467270896275,0.25,148.32194771597779
CUST1502,336,1,117.11122447145016,1,1,1,111,3,Lost Customers,1,Cluster 1,-3.5447261755124653,1.9517353076522013,117.11122447145016,5.0352467270896275,0.25,147.42097743133203
CUST1503,148,2,123.6754770144145,1,1,1,111,3,Lost Customers,1,Cluster 1,-2.1767095451531824,-0.10938499904944353,61.83773850720725,5.0352467270896275,0.25,77.84206760725988
CUST1504,16,6,945.1565028330433,5,4,5,545,14,Champions,0,Cluster 0,1.5448755756466235,-0.15149685620064682,157.52608380550723,5.0352467270896275,0.25,198.29567447823166
CUST1505,111,6,605.7942558790138,2,4,4,244,10,At Risk,0,Cluster 0,0.24689654622778243,0.5355024691942704,100.96570931316897,5.0352467270896275,0.25,127.0968143418542
CUST1506,27,7,962.5797918807624,4,5,5,455,14,Champions,0,Cluster 0,1.8054044848122914,0.11815038831176233,137.5113988401089,5.0352467270896275,0.25,173.1009552367937
CUST1507,55,5,374.4244864765489,3,3,2,332,8,Need Attention,1,Cluster 1,-0.23539768633675928,-0.5224947678823928,74.88489729530978,5.0352467270896275,0.25,94.26598350366287
CUST1508,38,3,384.07904155134537,4,2,2,422,8,New Customers,1,Cluster 1,-0.6855319664341218,-0.9485842533893469,128.02634718378178,5.0352467270896275,0.25,161.1610614095944
CUST1509,34,5,603.6726266201249,4,3,4,434,11,Potential Loyalists,0,Cluster 0,0.39588076214932183,-0.48380876753607316,120.73452532402499,5.0352467270896275,0.25,151.98203087112913
CUST1510,221,2,375.22039992901716,1,1,2,112,4,Lost Customers,1,Cluster 1,-2.030235846357875,1.0514764788435769,187.61019996450858,5.0352467270896275,0.25,236.1659113349806
CUST1511,45,6,346.52265858580773,3,4,2,342,9,Loyal Customers,1,Cluster 1,0.04336156081397021,-0.5533902554067556,57.75377643096795,5.0352467270896275,0.25,72.70112843777436
CUST1512,33,4,392.9343671606754,4,3,2,432,9,Others,1,Cluster 1,-0.35313940135348043,-0.8758422402001155,98.23359179016884,5.0352467270896275,0.25,123.65759288792654
CUST1513,54,5,328.2751399818818,3,3,2,332,8,Need Attention,1,Cluster 1,-0.33274964337651447,-0.5911561707438083,65.65502799637636,5.0352467270896275,0.25,82.64731620893298
CUST1514,70,7,593.8799568032459,3,5,4,354,12,Loyal Customers,0,Cluster 0,0.7376517573802016,0.16336474342981508,84.83999382903514,5.0352467270896275,0.25,106.79757531348834
CUST1515,48,6,862.2622985934615,3,4,5,345,12,Loyal Customers,0,Cluster 0,1.1778079300720405,0.11872875721700625,143.71038309891026,5.0352467270896275,0.25,180.9043090368961
CUST1516,43,6,837.645617150079,3,4,5,345,12,Loyal Customers,0,Cluster 0,1.1512810154897777,0.030090521144441384,139.6076028583465,5.0352467270896275,0.25,175.73968134232942
CUST1517,164,3,153.997175043492,1,2,1,121,4,Lost Customers,1,Cluster 1,-1.915817466802472,0.23442283445781675,51.332391681164005,5.0352467270896275,0.25,64.61781430156597
CUST1518,20,9,884.1612959271334,4,5,5,455,14,Champions,0,Cluster 0,2.238497825542936,0.17980408517606575,98.24014399190372,5.0352467270896275,0.25,123.66584087601174
CUST1519,108,4,401.6485787491762,2,3,2,232,7,Others,1,Cluster 1,-0.7602154613683224,0.008297630575269941,100.41214468729405,5.0352467270896275,0.25,126.39998072418686
CUST1520,46,5,606.3119869074591,3,3,4,334,10,Need Attention,0,Cluster 0,0.33352853511447744,-0.3408081135201437,121.26239738149181,5.0352467270896275,0.25,152.6465223835496
CUST1521,121,6,448.71655570478964,2,4,3,243,9,At Risk,1,Cluster 1,-0.16068664632320123,0.45788652704328736,74.78609261746494,5.0352467270896275,0.25,94.14160702097803
CUST1522,37,5,859.2986820404631,4,3,5,435,12,Potential Loyalists,0,Cluster 0,0.9495635740181986,-0.13305390564172365,171.8597364080926,5.0352467270896275,0.25,216.3390438168336
CUST1523,28,6,590.0384239519117,4,4,4,444,12,Champions,0,Cluster 0,0.6837473700962066,-0.4504970142065508,98.33973732531861,5.0352467270896275,0.25,123.79121012754105
CUST1524,42,7,908.9081097415622,3,5,5,355,13,Loyal Customers,0,Cluster 0,1.6002635688800968,0.22651503473092058,129.84401567736603,5.0352467270896275,0.25,163.4491637429079
CUST1525,197,4,339.06459039721045,1,3,2,132,6,Others,1,Cluster 1,-1.40610060219538,0.967380021757387,84.76614759930261,5.0352467270896275,0.25,106.7046168168462
CUST1526,37,5,605.027505263367,4,3,4,434,11,Potential Loyalists,0,Cluster 0,0.3818445392707763,-0.44719990039852525,121.0055010526734,5.0352467270896275,0.25,152.32313828382854
CUST1527,8,5,603.1088067306947,5,3,4,534,12,Potential Loyalists,0,Cluster 0,0.5424865204595812,-0.7872748923668063,120.62176134613894,5.0352467270896275,0.25,151.84008225848305
CUST1528,99,6,562.8270142481414,2,4,3,243,9,At Risk,0,Cluster 0,0.2192074789249966,0.3426776763920321,93.80450237469023,5.0352467270896275,0.25,118.08220339210754
CUST1529,183,5,829.4538689442229,1,3,5,135,9,Others,0,Cluster 0,0.05261145573158062,1.5302409471616614,165.89077378884457,5.0352467270896275,0.25,208.82524394366135
CUST1530,30,7,661.5599131562791,4,5,4,454,13,Champions,0,Cluster 0,1.116246891274899,-0.2188175696813744,94.50855902232558,5.0352467270896275,0.25,118.96847812478045
CUST1531,148,5,715.6110728291153,1,3,4,134,8,Others,1,Cluster 1,-0.0025203158546841242,0.9820164995613795,143.12221456582307,5.0352467270896275,0.25,180.163915616595
CUST1532,45,5,243.47717997132588,3,3,1,331,7,Need Attention,1,Cluster 1,-0.4708967371126358,-0.800726874987379,48.695435994265175,5.0352467270896275,0.25,61.298383678581544
CUST1533,11,5,606.9146212581383,5,3,4,534,12,Potential Loyalists,0,Cluster 0,0.5339225771057673,-0.7476379522042824,121.38292425162766,5.0352467270896275,0.25,152.7982430156441
CUST1534,406,1,227.03247319079284,1,1,1,111,3,Lost Customers,1,Cluster 1,-3.697398684601439,2.902689155761619,227.03247319079284,5.0352467270896275,0.25,285.7911293942508
CUST1535,79,9,1243.0487729945776,2,5,5,255,12,At Risk,0,Cluster 0,2.704257937425844,1.3102549854996641,138.11653033273083,5.0352467270896275,0.25,173.86270182871453
CUST1536,11,6,528.8522682992957,5,4,3,543,12,Loyal Customers,0,Cluster 0,0.6438158792462367,-0.7240557535100065,88.14204471654928,5.0352467270896275,0.25,110.95423554449809
CUST1537,69,3,339.58102014830394,3,2,2,322,7,Others,1,Cluster 1,-0.9611841793957983,-0.64256605103334,113.19367338276798,5.0352467270896275,0.25,142.48951835695868
CUST1538,13,6,853.6356523991631,5,4,5,545,14,Champions,0,Cluster 0,1.3575954750595385,-0.29950363819590103,142.27260873319383,5.0352467270896275,0.25,179.09442186957935
CUST1539,98,4,579.8259753706078,2,3,3,233,8,Others,1,Cluster 1,-0.3055223311031902,0.11198174613658501,144.95649384265195,5.0352467270896275,0.25,182.47292779790024
CUST1540,69,4,423.22522767690947,3,3,2,332,8,Need Attention,1,Cluster 1,-0.49024369292291614,-0.41919924070153247,105.80630691922737,5.0352467270896275,0.25,133.19021515512006
CUST1541,90,8,862.9801461652637,2,5,5,255,12,At Risk,0,Cluster 0,1.5089234752574503,0.8487576561363391,107.87251827065796,5.0352467270896275,0.25,135.79118614131164
CUST1542,58,4,387.5239142341313,3,3,2,332,8,Need Attention,1,Cluster 1,-0.5073970007136731,-0.591402169682092,96.88097855853283,5.0352467270896275,0.25,121.95490755102321
CUST1543,39,6,446.5020702025375,4,4,3,443,11,Loyal Customers,0,Cluster 0,0.3007112553244832,-0.4997379624741306,74.41701170042292,5.0352467270896275,0.25,93.67700365108625
CUST1544,68,5,628.2191871096468,3,3,4,334,10,Need Attention,0,Cluster 0,0.2573251974356304,-0.05755267869561853,125.64383742192936,5.0352467270896275,0.25,158.16193028943778
CUST1545,47,2,212.99664751804403,3,1,1,311,5,Others,1,Cluster 1,-1.4028822723359697,-1.1751740243590125,106.49832375902201,5.0352467270896275,0.25,134.06133403703677
CUST1546,6,3,254.18089733189078,5,2,1,521,8,New Customers,1,Cluster 1,-0.7935723067509347,-1.4817097551490488,84.72696577729693,5.0352467270896275,0.25,106.6552942815923
CUST1547,64,7,1075.4511100206369,3,5,5,355,13,Loyal Customers,0,Cluster 0,1.8469930065568867,0.6884645624861249,153.63587286009098,5.0352467270896275,0.25,193.3986314955828
CUST1548,65,6,509.7618051301995,3,4,3,343,10,Loyal Customers,0,Cluster 0,0.2940885844379081,-0.1188125249264897,84.96030085503325,5.0352467270896275,0.25,106.94901920321406
CUST1549,127,6,515.7209603026232,2,4,3,243,9,At Risk,1,Cluster 1,-0.04520646620392841,0.6105387697560731,85.95349338377054,5.0352467270896275,0.25,108.19926156063764
CUST1550,6,9,911.7148020722018,5,5,5,555,15,Champions,0,Cluster 0,2.379636790333248,0.05081603541807005,101.30164467468909,5.0352467270896275,0.25,127.51969369925615
CUST1551,20,4,340.30486631779223,4,3,2,432,9,Others,1,Cluster 1,-0.3967145897510623,-1.0922495068421105,85.07621657944806,5.0352467270896275,0.25,107.09493527120854
CUST1552,26,7,1156.0009115991559,4,5,5,455,14,Champions,0,Cluster 0,2.2429488363372267,0.3454726017484244,165.14298737130798,5.0352467270896275,0.25,207.88392166579555
CUST1553,17,6,961.7147661059911,5,4,5,545,14,Champions,0,Cluster 0,1.5761586159625138,-0.11939453326502043,160.28579435099851,5.0352467270896275,0.25,201.7696303512066
CUST1554,59,7,639.6932764055867,3,5,4,354,12,Loyal Customers,0,Cluster 0,0.9024986643866328,0.0918712059334623,91.38475377222667,5.0352467270896275,0.25,115.03619558437396
CUST1555,50,3,626.2869698541508,3,2,4,324,9,Others,1,Cluster 1,-0.21299212306810017,-0.5096023282533405,208.76232328471693,5.0352467270896275,0.25,262.7924512647494
CUST1556,78,5,416.712568210398,2,3,2,232,7,Others,1,Cluster 1,-0.27178310697655844,-0.2024142561291223,83.3425136420796,5.0352467270896275,0.25,104.91252976092598
CUST1557,200,5,631.2554061171588,1,3,4,134,8,Others,1,Cluster 1,-0.4865930258794729,1.4833361560338045,126.25108122343177,5.0352467270896275,0.25,158.92633588045288
CUST1558,28,3,252.70242369988853,4,2,1,421,7,New Customers,1,Cluster 1,-0.9219895537857096,-1.2273467644576626,84.23414123329617,5.0352467270896275,0.25,106.03492098854
CUST1559,158,2,256.6324561973918,1,1,1,111,3,Lost Customers,1,Cluster 1,-1.9367234367122004,0.17133001087799737,128.3162280986959,5.0352467270896275,0.25,161.52596689161115
CUST1560,182,4,477.7726212962751,1,3,3,133,7,Others,1,Cluster 1,-1.011096429057605,0.9640757628750838,119.44315532406877,5.0352467270896275,0.25,150.35643922969382
CUST1561,14,9,944.167223969651,5,5,5,555,15,Champions,0,Cluster 0,2.4065975004567024,0.18407008934217448,104.90746932996122,5.0352467270896275,0.25,132.05874789773569
CUST1562,41,5,589.1104458728831,4,3,4,434,11,Potential Loyalists,0,Cluster 0,0.32355763135799004,-0.4202851198791733,117.82208917457663,5.0352467270896275,0.25,148.3158222237873
CUST1563,286,4,566.6300858144601,1,3,3,133,7,Others,1,Cluster 1,-1.4041601147078107,2.284935203140013,141.65752145361503,5.0352467270896275,0.25,178.32014281673594
CUST1564,55,6,408.1366242459649,3,4,2,342,9,Loyal Customers,0,Cluster 0,0.12405794052311815,-0.36081784282813495,68.02277070766083,5.0352467270896275,0.25,85.62785839332933
CUST1565,65,5,590.0692180042278,3,3,4,334,10,Need Attention,0,Cluster 0,0.18920789624823933,-0.13962100546173523,118.01384360084555,5.0352467270896275,0.25,148.5572049356062
CUST1566,2,6,424.17561863255537,5,4,2,542,11,Loyal Customers,0,Cluster 0,0.4612850270098513,-0.9581861062975341,70.69593643875923,5.0352467270896275,0.25,88.9928706429497
CUST1567,28,2,146.5500874141315,4,1,1,411,6,New Customers,1,Cluster 1,-1.4431846278762148,-1.478521832839607,73.27504370706575,5.0352467270896275,0.25,92.23948100083805
CUST1568,32,6,412.558779785135,4,4,2,442,10,Loyal Customers,0,Cluster 0,0.26473473682563536,-0.6231889667559718,68.75979663085583,5.0352467270896275,0.25,86.5556352352163
CUST1569,388,1,98.43707424886968,1,1,1,111,3,Lost Customers,1,Cluster 1,-3.882149754421681,2.5342029164652033,98.43707424886968,5.0352467270896275,0.25,123.91373898397492
CUST1570,49,1,144.81036040793103,3,1,1,311,5,Others,1,Cluster 1,-1.850683588268507,-1.3561529769361953,144.81036040793103,5.0352467270896275,0.25,182.288973323176
CUST1571,22,8,637.2939780046511,4,5,4,454,13,Champions,0,Cluster 0,1.3917499061210086,-0.22193103363355604,79.66174725058139,5.0352467270896275,0.25,100.27913802943276
CUST1572,158,6,597.1548665485925,1,4,4,144,9,At Risk,1,Cluster 1,-0.03968661194599641,1.0721428752583921,99.52581109143209,5.0352467270896275,0.25,125.2842536397685
CUST1573,161,5,501.1792457818201,1,3,3,133,7,Others,1,Cluster 1,-0.5552211238555818,0.868475843774561,100.23584915636403,5.0352467270896275,0.25,126.1780578504079
CUST1574,90,9,1162.7464578080785,2,5,5,255,12,At Risk,0,Cluster 0,2.4624063949329025,1.3391381887722273,129.19405086756427,5.0352467270896275,0.25,162.63098044758846
CUST1575,67,8,850.0129026452839,3,5,5,355,13,Loyal Customers,0,Cluster 0,1.6107744283250784,0.5649023430255161,106.25161283066049,5.0352467270896275,0.25,133.75077143839437
CUST1576,110,3,313.5931733687164,2,2,2,222,6,Others,1,Cluster 1,-1.252379165475168,-0.19722914532618385,104.53105778957213,5.0352467270896275,0.25,131.58491665353995
CUST1577,39,4,454.50701383333444,4,3,3,433,10,Potential Loyalists,1,Cluster 1,-0.24978687331553262,-0.7299008052883175,113.62675345833361,5.0352467270896275,0.25,143.03468461522357
CUST1578,17,8,1144.6682729446452,5,5,5,555,15,Champions,0,Cluster 0,2.5530155185363017,0.3466929359276082,143.08353411808065,5.0352467270896275,0.25,180.11522421712067
CUST1579,59,3,242.47191825296773,3,2,1,321,6,Others,1,Cluster 1,-1.1211316356016323,-0.8789918606936266,80.82397275098924,5.0352467270896275,0.25,101.74216106619996
CUST1580,5,10,892.4019132309567,5,5,5,555,15,Champions,0,Cluster 0,2.6263889188258758,0.13533681826590976,89.24019132309567,5.0352467270896275,0.25,112.33659532111741
CUST1581,101,3,735.4576929566979,2,2,4,224,8,About to Sleep,1,Cluster 1,-0.2592854418040723,0.2191696003571684,245.1525643188993,5.0352467270896275,0.25,308.6009117810918
CUST1582,54,10,988.5546059945078,3,5,5,355,13,Loyal Customers,0,Cluster 0,2.562404046768226,0.8247353153176212,98.85546059945078,5.0352467270896275,0.25,124.44040860958054
CUST1583,70,4,514.4146152196422,3,3,3,333,9,Need Attention,1,Cluster 1,-0.2923294584245254,-0.2948919377492253,128.60365380491055,5.0352467270896275,0.25,161.88778172823584
CUST1584,10,4,243.48377996878335,5,3,1,531,9,Others,1,Cluster 1,-0.5560189848359873,-1.3283194801411815,60.87094499219584,5.0352467270896275,0.25,76.62505663670171
CUST1585,13,5,366.4178599576784,5,3,2,532,10,Others,1,Cluster 1,-0.014416100084746086,-1.0214760195443797,73.28357199153568,5.0352467270896275,0.25,92.25021650495428
CUST1586,137,7,682.9468934080279,1,5,4,154,10,At Risk,0,Cluster 0,0.5554784895552073,1.0536186378590227,97.56384191543256,5.0352467270896275,0.25,122.81450392174291
CUST1587,4,6,580.000272951002,5,4,3,543,12,Loyal Customers,0,Cluster 0,0.7978252982584704,-0.7423784853960218,96.66671215850033,5.0352467270896275,0.25,121.68518650365097
CUST1588,107,5,494.1452649096142,2,3,3,233,8,Others,1,Cluster 1,-0.2638226744257555,0.23095648556893725,98.82905298192284,5.0352467270896275,0.25,124.4071663921486
CUST1589,173,4,311.10040047509835,1,3,2,132,6,Others,1,Cluster 1,-1.3320466895042493,0.6533513555915579,77.77510011877459,5.0352467270896275,0.25,97.90420458053197
CUST1590,72,6,666.5808141930984,3,4,4,344,11,Loyal Customers,0,Cluster 0,0.6044134788223576,0.1564485089254171,111.0968023655164,5.0352467270896275,0.25,139.8499526252724
CUST1591,23,8,704.3917061264547,4,5,4,454,13,Champions,0,Cluster 0,1.5358739556472993,-0.12738840322517822,88.04896326580683,5.0352467270896275,0.25,110.83706352694718
CUST1592,27,6,725.0265623043867,4,4,4,444,12,Champions,0,Cluster 0,0.9908266166141582,-0.2953673602666897,120.83776038406445,5.0352467270896275,0.25,152.1119843706753
CUST1593,193,3,238.75903193520924,1,2,1,121,4,Lost Customers,1,Cluster 1,-1.891492994085042,0.6768485793559582,79.58634397840308,5.0352467270896275,0.25,100.18421950957085
CUST1594,115,3,479.84385970377724,2,2,3,223,7,About to Sleep,1,Cluster 1,-0.909621675474582,0.0663945370798871,159.9479532345924,5.0352467270896275,0.25,201.34435200729155
CUST1595,109,9,936.027653565793,2,5,5,255,12,At Risk,0,Cluster 0,1.84814947333611,1.2802871582884192,104.00307261842144,5.0352467270896275,0.25,130.92028275229285
CUST1596,148,5,324.82206549864645,1,3,2,132,6,Others,1,Cluster 1,-0.8750468870674595,0.4992059702520605,64.96441309972928,5.0352467270896275,0.25,81.7779621094276
CUST1597,21,9,1059.062907291996,4,5,5,455,14,Champions,0,Cluster 0,2.6233189029923936,0.40753585077975996,117.67365636577733,5.0352467270896275,0.25,148.12897327011245
CUST1598,145,8,944.1787317581332,1,5,5,155,11,At Risk,0,Cluster 0,1.3774275069175559,1.5895506028050894,118.02234146976664,5.0352467270896275,0.25,148.56790215227423
CUST1599,13,6,791.5323834391771,5,4,5,545,14,Champions,0,Cluster 0,1.2189356066642676,-0.37623075077062573,131.92206390652953,5.0352467270896275,0.25,166.06503512906536
CUST1600,96,4,271.57892766153185,2,3,1,231,6,Others,1,Cluster 1,-0.9823807427971112,-0.29214011864357076,67.89473191538296,5.0352467270896275,0.25,85.46668166588994
CUST1601,74,3,230.78110386218276,3,2,1,321,6,Others,1,Cluster 1,-1.232540583883861,-0.7187608500772362,76.92703462072758,5.0352467270896275,0.25,96.83664982468225
CUST1602,12,3,272.8563333685577,5,2,1,521,8,New Customers,1,Cluster 1,-0.7859976931597022,-1.3887668042901617,90.95211112285257,5.0352467270896275,0.25,114.49157996330888
CUST1603,113,3,517.1416300033294,2,2,3,223,7,About to Sleep,1,Cluster 1,-0.8149716015102786,0.0891850811786146,172.38054333444313,5.0352467270896275,0.25,216.99464165967163
CUST1604,116,7,642.9290524096384,2,5,4,254,11,At Risk,0,Cluster 0,0.5855585448854501,0.759632919089641,91.8470074870912,5.0352467270896275,0.25,115.61808596058812
CUST1605,252,2,138.2520206702626,1,1,1,111,3,Lost Customers,1,Cluster 1,-2.735622515125079,1.1197021291841998,69.1260103351313,5.0352467270896275,0.25,87.01662932418341
CUST1606,31,7,733.3841337448811,4,5,4,454,13,Champions,0,Cluster 0,1.2709239251189681,-0.11843547018132465,104.76916196355444,5.0352467270896275,0.25,131.88464496922765
CUST1607,169,2,68.08468029181698,1,1,1,111,3,Lost Customers,1,Cluster 1,-2.420257930667218,0.06647852048013995,34.04234014590849,5.0352467270896275,0.25,42.85289545053939
CUST1608,42,7,651.7811788776468,3,5,4,354,12,Loyal Customers,0,Cluster 0,1.026168404623248,-0.09115917631746293,93.11159698252096,5.0352467270896275,0.25,117.20996599008178
CUST1609,298,1,272.0940692836808,1,1,1,111,3,Lost Customers,1,Cluster 1,-2.982581413138321,1.7007036025195972,272.0940692836808,5.0352467270896275,0.25,342.51519295528806
CUST1610,3,6,410.7003904332497,5,4,2,542,11,Loyal Customers,0,Cluster 0,0.4255113721672892,-0.9631894481649695,68.45006507220829,5.0352467270896275,0.25,86.1657415309772
CUST1611,44,5,533.2484644434262,3,3,3,333,9,Need Attention,0,Cluster 0,0.18177157468594723,-0.4543663232884567,106.64969288868524,5.0352467270896275,0.25,134.25187926571655
CUST1612,107,3,438.70730763075596,2,2,2,222,6,Others,1,Cluster 1,-0.9559717086954738,-0.0775885532500785,146.235769210252,5.0352467270896275,0.25,184.08329457483887
CUST1613,52,3,461.3884948324071,3,2,3,323,8,Others,1,Cluster 1,-0.5925401938725184,-0.6900405099046405,153.7961649441357,5.0352467270896275,0.25,193.60040904347397
CUST1614,12,3,208.06606879310203,5,2,1,521,8,New Customers,1,Cluster 1,-0.9306568988629618,-1.468813636076588,69.35535626436734,5.0352467270896275,0.25,87.30533265907269
CUST1615,37,5,835.5074900837116,4,3,5,435,12,Potential Loyalists,0,Cluster 0,0.8964442519449063,-0.1624473577759214,167.1014980167423,5.0352467270896275,0.25,210.3493177451439
CUST1616,42,3,153.72969926799146,3,2,1,321,6,Others,1,Cluster 1,-1.222588392015621,-1.1865954612229948,51.24323308933049,5.0352467270896275,0.25,64.50558042463555
CUST1617,177,1,63.80954493767099,1,1,1,111,3,Lost Customers,1,Cluster 1,-2.759485466725579,0.03433017025776285,63.80954493767099,5.0352467270896275,0.25,80.3242005761216
CUST1618,297,3,650.8293769528627,1,2,4,124,7,About to Sleep,1,Cluster 1,-1.562909394105425,2.3970298505483743,216.94312565095424,5.0352467270896275,0.25,273.0905408496403
CUST1619,159,1,134.2016823284684,1,1,1,111,3,Lost Customers,1,Cluster 1,-2.4999509769890147,-0.0883116979314727,134.2016823284684,5.0352467270896275,0.25,168.93464542858558
CUST1620,86,7,792.8434920003385,2,5,5,255,12,At Risk,0,Cluster 0,1.090890118882608,0.5954991778642108,113.26335600004836,5.0352467270896275,0.25,142.5772356496077
CUST1621,96,3,471.1229127919551,2,2,3,223,7,About to Sleep,1,Cluster 1,-0.8210382885685027,-0.16563464846818063,157.0409709306517,5.0352467270896275,0.25,197.6850087243853
CUST1622,151,3,325.50530835614063,1,2,2,122,5,Lost Customers,1,Cluster 1,-1.4589537028727944,0.29493228695285323,108.50176945204687,5.0352467270896275,0.25,136.5832948792131
CUST1623,31,6,676.7238098831142,4,4,4,444,12,Champions,0,Cluster 0,0.8602311811674643,-0.3084643336629785,112.7873016471857,5.0352467270896275,0.25,141.97797286906558
CUST1624,188,1,66.81593798713416,1,1,1,111,3,Lost Customers,1,Cluster 1,-2.815331107860552,0.16613930226676732,66.81593798713416,5.0352467270896275,0.25,84.1086832667852
CUST1625,1,9,1053.3287131353723,5,5,5,555,15,Champions,0,Cluster 0,2.724258004766185,0.16755174500416806,117.03652368170803,5.0352467270896275,0.25,147.32694320456702
CUST1626,40,8,880.9789191645291,4,5,5,455,14,Champions,0,Cluster 0,1.833464917531761,0.2887455993379515,110.12236489556614,5.0352467270896275,0.25,138.62331935494228
CUST1627,186,3,216.15343715424416,1,2,1,121,4,Lost Customers,1,Cluster 1,-1.9021554927073037,0.5674050285303174,72.05114571808139,5.0352467270896275,0.25,90.69882391500678
CUST1628,51,6,844.7805557187601,3,4,5,345,12,Loyal Customers,0,Cluster 0,1.1217146061031733,0.13206542622492026,140.79675928646,5.0352467270896275,0.25,177.23660534549347
CUST1629,47,5,517.6730722984423,3,3,3,333,9,Need Attention,0,Cluster 0,0.12993461830810288,-0.43867440326887386,103.53461445968847,5.0352467270896275,0.25,130.3305821496582
CUST1630,145,8,804.1627996678922,1,5,5,155,11,At Risk,0,Cluster 0,1.0648096521411334,1.4165642469553705,100.52034995848652,5.0352467270896275,0.25,126.53619078359331
CUST1631,64,8,704.4001471112682,3,5,4,354,12,Loyal Customers,0,Cluster 0,1.3027216765065925,0.35006629807031164,88.05001838890853,5.0352467270896275,0.25,110.83839172823329
CUST1632,279,4,293.4657174826202,1,3,1,131,5,Others,1,Cluster 1,-1.9742528518289482,1.8659322434979115,73.36642937065506,5.0352467270896275,0.25,92.3545183417108
CUST1633,22,5,705.7590994131735,4,3,4,434,11,Potential Loyalists,0,Cluster 0,0.6920575603491277,-0.4974231441659019,141.1518198826347,5.0352467270896275,0.25,177.68355977169523
CUST1634,55,7,1027.8928367137082,3,5,5,355,13,Loyal Customers,0,Cluster 0,1.7919921005155401,0.5249026059591628,146.84183381624402,5.0352467270896275,0.25,184.84621578077042
CUST1635,46,6,446.401618041643,3,4,3,343,10,Loyal Customers,0,Cluster 0,0.26067726834364974,-0.4183471929112209,74.40026967360717,5.0352467270896275,0.25,93.65592859215404
CUST1636,11,8,931.467252962221,5,5,5,555,15,Champions,0,Cluster 0,2.1111176829773024,0.01341825007282522,116.43340662027762,5.0352467270896275,0.25,146.56773240216216
CUST1637,93,8,647.0573991426272,2,5,4,254,11,At Risk,0,Cluster 0,1.0097648508596009,0.6169251815600363,80.8821748928284,5.0352467270896275,0.25,101.81542660225126
CUST1638,60,3,346.68776449111994,3,2,2,322,7,Others,1,Cluster 1,-0.8941328282842637,-0.7385906776684776,115.56258816370665,5.0352467270896275,0.25,145.4715359563276
CUST1639,45,4,495.7715833581299,3,3,3,333,9,Need Attention,1,Cluster 1,-0.19177681036582542,-0.6090495169596937,123.94289583953247,5.0352467270896275,0.25,156.0207651555041
CUST1640,156,5,525.2926603834804,1,3,3,133,7,Others,1,Cluster 1,-0.47294686230574573,0.8400424830272257,105.05853207669608,5.0352467270896275,0.25,132.24890744800615
CUST1641,33,4,461.220569746029,4,3,3,433,10,Potential Loyalists,1,Cluster 1,-0.20067470791200206,-0.7914762601026313,115.30514243650725,5.0352467270896275,0.25,145.1474602675066
CUST1642,9,5,418.5851772767988,5,3,2,532,10,Others,1,Cluster 1,0.12480786762948139,-1.003604468079414,83.71703545535976,5.0352467270896275,0.25,105.38398219456164
CUST1643,161,6,757.1555137722415,1,4,4,144,9,At Risk,0,Cluster 0,0.30049042578496515,1.3047548183888558,126.19258562870692,5.0352467270896275,0.25,158.85270094248102
CUST1644,17,4,436.7312904493864,5,3,2,532,10,Others,1,Cluster 1,-0.16435906095944544,-1.0080518987111495,109.1828226123466,5.0352467270896275,0.25,137.4406125533064
CUST1645,40,5,338.73809441815104,4,3,2,432,9,Others,1,Cluster 1,-0.22976927619998586,-0.7412591908871807,67.74761888363021,5.0352467270896275,0.25,85.28149406297861
CUST1646,60,7,879.4612371064674,3,5,5,355,13,Loyal Customers,0,Cluster 0,1.432148824311751,0.3997438042366854,125.6373195866382,5.0352467270896275,0.25,158.15372556223338
CUST1647,262,6,908.1719299327781,1,4,5,145,10,At Risk,0,Cluster 0,0.0632722348304509,2.667475219079012,151.3619883221297,5.0352467270896275,0.25,190.53623907619547
CUST1648,120,3,385.3619703528909,2,2,2,222,6,Others,1,Cluster 1,-1.149009783224533,0.007889319967910313,128.4539901176303,5.0352467270896275,0.25,161.69938333035032
CUST1649,186,5,334.49842981203903,1,3,2,132,6,Others,1,Cluster 1,-1.0695519961708706,0.9536702142287472,66.8996859624078,5.0352467270896275,0.25,84.21410619638445
CUST1650,122,6,774.3348381975586,2,4,5,245,11,At Risk,0,Cluster 0,0.5606441532961784,0.8718251572158907,129.05580636625976,5.0352467270896275,0.25,162.45695665440553
CUST1651,21,1,16.857386540486495,4,1,1,411,6,New Customers,1,Cluster 1,-1.9771292897322494,-1.8402953379237064,16.857386540486495,5.0352467270896275,0.25,21.22027510131734
CUST1652,37,5,890.5160810142692,4,3,5,435,12,Potential Loyalists,0,Cluster 0,1.019263615672038,-0.09448555126255895,178.10321620285384,5.0352467270896275,0.25,224.19840911738902
CUST1653,73,4,467.12433130603614,3,3,3,333,9,Need Attention,1,Cluster 1,-0.4149772238378947,-0.3183830126311532,116.78108282650904,5.0352467270896275,0.25,147.00539127204058
CUST1654,15,7,967.8753029288633,5,5,5,555,15,Champions,0,Cluster 0,1.8854731418117765,-0.015046920785042845,138.26790041840906,5.0352467270896275,0.25,174.0532482608372
CUST1655,23,7,566.8848899968312,4,5,3,453,12,Loyal Customers,0,Cluster 0,0.9446727752509583,-0.4173011861427671,80.98355571383304,5.0352467270896275,0.25,101.94304596403958
CUST1656,235,2,112.03244505653258,1,1,1,111,3,Lost Customers,1,Cluster 1,-2.6974830530667795,0.8893437683459314,56.01622252826629,5.0352467270896275,0.25,70.51387528734428
CUST1657,262,3,239.52820307846724,1,2,1,121,4,Lost Customers,1,Cluster 1,-2.2821855852028223,1.481302647958865,79.84273435948909,5.0352467270896275,0.25,100.50696671637598
CUST1658,44,5,507.93948261971303,3,3,3,333,9,Need Attention,0,Cluster 0,0.12526343674629242,-0.48563496872467177,101.5878965239426,5.0352467270896275,0.25,127.88003087102544
CUST1659,68,3,390.54207274088276,3,2,2,322,7,Others,1,Cluster 1,-0.8417147777092415,-0.5912498641845527,130.1806909136276,5.0352467270896275,0.25,163.87297446327742
CUST1660,83,3,339.5302663230973,2,2,2,222,6,Others,1,Cluster 1,-1.040916907750523,-0.47959900453814447,113.17675544103243,5.0352467270896275,0.25,142.46822185427044
CUST1661,218,4,542.514112240139,1,3,3,133,7,Others,1,Cluster 1,-1.0712817441991318,1.4632816973585243,135.62852806003474,5.0352467270896275,0.25,170.7307755035684
CUST1662,55,9,917.2460613841729,3,5,5,355,13,Loyal Customers,0,Cluster 0,2.113318671626649,0.6282539055565298,101.91622904268587,5.0352467270896275,0.25,128.29333968112522
CUST1663,206,2,345.5141504206149,1,1,2,112,4,Lost Customers,1,Cluster 1,-2.0112553890124176,0.8401003798083702,172.75707521030745,5.0352467270896275,0.25,217.4686243835693
CUST1664,244,3,241.77754852758721,1,2,1,121,4,Lost Customers,1,Cluster 1,-2.1747955915765553,1.2744719801134652,80.5925161758624,5.0352467270896275,0.25,101.45080082560726
CUST1665,49,4,222.03938106970807,3,3,1,331,7,Need Attention,1,Cluster 1,-0.8256954745967754,-0.9006592170976205,55.50984526742702,5.0352467270896275,0.25,69.87644167601589
CUST1666,129,4,629.8022450626901,2,3,4,234,9,Others,1,Cluster 1,-0.37023890429320266,0.5347206894401151,157.45056126567252,5.0352467270896275,0.25,198.2006058228506
CUST1667,124,4,557.2042414567256,2,3,3,233,8,Others,1,Cluster 1,-0.5038951846546065,0.38680267037537674,139.3010603641814,5.0352467270896275,0.25,175.35380206971476
CUST1668,67,3,110.80128661419086,3,2,1,321,6,Others,1,Cluster 1,-1.4606134877630383,-0.9485079381275872,36.933762204730286,5.0352467270896275,0.25,46.49265131511869
CUST1669,79,8,823.3429846975841,2,5,5,255,12,At Risk,0,Cluster 0,1.4829824791807797,0.6716920804780627,102.91787308719802,5.0352467270896275,0.25,129.55422090533486
CUST1670,48,4,500.71101682177704,3,3,3,333,9,Need Attention,1,Cluster 1,-0.1978096880424742,-0.5680120175481714,125.17775420544426,5.0352467270896275,0.25,157.57521929184827
CUST1671,196,1,45.63357680872004,1,1,1,111,3,Lost Customers,1,Cluster 1,-2.9081224186411805,0.23312885662589375,45.63357680872004,5.0352467270896275,0.25,57.444079567875185
CUST1672,150,9,857.5662851288706,1,5,5,155,11,At Risk,0,Cluster 0,1.439795250245715,1.6607942753094325,95.28514279209674,5.0352467270896275,0.25,119.94605084604322
CUST1673,18,2,457.6698066357292,5,1,3,513,9,New Customers,1,Cluster 1,-0.6916671071304817,-1.210590637810374,228.8349033178646,5.0352467270896275,0.25,288.06004949378723
CUST1674,155,7,568.0774514178879,1,5,3,153,9,At Risk,0,Cluster 0,0.19663816124362649,1.1213098534632406,81.15392163112685,5.0352467270896275,0.25,102.15750457090489
CUST1675,6,6,540.8239390791539,5,4,3,543,12,Loyal Customers,0,Cluster 0,0.6989808979395506,-0.7674899501339383,90.13732317985898,5.0352467270896275,0.25,113.46591538250124
CUST1676,8,4,741.8971554861396,5,3,4,534,12,Potential Loyalists,0,Cluster 0,0.5681780067906163,-0.7358315667412554,185.4742888715349,5.0352467270896275,0.25,233.47720149991804
CUST1677,106,5,733.3826102575379,2,3,4,234,9,Others,0,Cluster 0,0.2760169656169544,0.5148835566966,146.67652205150756,5.0352467270896275,0.25,184.63811940018576
CUST1678,51,5,460.2557511105917,3,3,3,333,9,Need Attention,1,Cluster 1,-0.02101119364562562,-0.4630322097184741,92.05115022211834,5.0352467270896275,0.25,115.87506322018925
CUST1679,136,8,503.1554973752693,1,5,3,153,9,At Risk,0,Cluster 0,0.4439253458763814,0.9398720397250252,62.89443717190866,5.0352467270896275,0.25,79.17225223049932
CUST1680,209,4,488.87513516903516,1,3,3,133,7,Others,1,Cluster 1,-1.1398592235483087,1.2922071758722518,122.21878379225879,5.0352467270896275,0.25,153.85043276971146
CUST1681,4,5,297.24442398719714,5,3,2,532,10,Others,1,Cluster 1,-0.1176778410299958,-1.211742995739082,59.448884797439426,5.0352467270896275,0.25,74.8349506513588
CUST1682,47,10,1386.7383569750132,3,5,5,355,13,Loyal Customers,0,Cluster 0,3.4912507927078114,1.2351669988099587,138.67383569750132,5.0352467270896275,0.25,174.56424433220207
CUST1683,204,10,724.0445929995075,1,5,4,154,10,At Risk,0,Cluster 0,1.1187593555766802,2.244686820793588,72.40445929995074,5.0352467270896275,0.25,91.14357917919278
CUST1684,33,9,1043.467477933173,4,5,5,455,14,Champions,0,Cluster 0,2.52025330329788,0.5280078556378073,115.94083088146368,5.0352467270896275,0.25,145.9476723079855
CUST1685,5,3,253.44947848627817,5,2,1,521,8,New Customers,1,Cluster 1,-0.7895182673581754,-1.4942583880066018,84.48315949542605,5.0352467270896275,0.25,106.34838808588376
CUST1686,63,4,504.4641563302,3,3,3,333,9,Need Attention,1,Cluster 1,-0.27473644801112845,-0.3887003689997122,126.11603908255,5.0352467270896275,0.25,158.75634325597937
CUST1687,22,7,770.0667138575417,4,5,4,454,13,Champions,0,Cluster 0,1.4040101495021353,-0.17791985475502478,110.00953055107739,5.0352467270896275,0.25,138.4812821639947
CUST1688,50,11,1021.6653346888711,3,5,5,355,13,Loyal Customers,0,Cluster 0,2.9432652916848197,0.9390892847155002,92.87866678989737,5.0352467270896275,0.25,116.9167507425697
CUST1689,138,6,683.5602812734799,1,4,4,144,9,At Risk,0,Cluster 0,0.2669754132013429,0.9459950660519529,113.92671354557997,5.0352467270896275,0.25,143.41227787711478
CUST1690,59,8,787.5884731437213,3,5,5,355,13,Loyal Customers,0,Cluster 0,1.5168942999564083,0.39461858615593526,98.44855914296517,5.0352467270896275,0.25,123.92819630282625
CUST1691,118,3,505.4247460392398,2,2,3,223,7,About to Sleep,1,Cluster 1,-0.8695677498858949,0.13293406085702017,168.47491534641327,5.0352467270896275,0.25,212.07819152368236
CUST1692,191,2,215.0875496776306,1,1,1,111,3,Lost Customers,1,Cluster 1,-2.217156340983932,0.5042866809952704,107.5437748388153,5.0352467270896275,0.25,135.37736006900215
CUST1693,45,6,571.3873039170446,3,4,3,343,10,Loyal Customers,0,Cluster 0,0.5454237332330756,-0.2755753312435547,95.23121731950744,5.0352467270896275,0.25,119.87816883120271
CUST1694,67,10,1019.381752391129,3,5,5,355,13,Loyal Customers,0,Cluster 0,2.5573004514423046,1.0142062912939798,101.9381752391129,5.0352467270896275,0.25,128.32096580955803
CUST1695,83,1,68.26210758996018,2,1,1,211,4,Others,1,Cluster 1,-2.2149566352244507,-1.054797126863567,68.26210758996018,5.0352467270896275,0.25,85.92913845664675
CUST1696,58,6,539.1910770789735,3,4,3,343,10,Loyal Customers,0,Cluster 0,0.39960592455102595,-0.16396823480198802,89.86517951316226,5.0352467270896275,0.25,113.12333775574302
CUST1697,77,6,576.5736041465832,3,4,3,343,10,Loyal Customers,0,Cluster 0,0.37501612443926896,0.10347165172865648,96.0956006910972,5.0352467270896275,0.25,120.96626471688974
CUST1698,197,2,145.4583826428724,1,1,1,111,3,Lost Customers,1,Cluster 1,-2.406742115978196,0.4881313938033862,72.7291913214362,5.0352467270896275,0.25,91.55235564128425
CUST1699,77,9,934.6800239348967,3,5,5,355,13,Loyal Customers,0,Cluster 0,2.0271277994034866,0.9059827615937369,103.85333599276629,5.0352467270896275,0.25,130.73179253872897
CUST1700,83,9,1083.664394054291,2,5,5,255,12,At Risk,0,Cluster 0,2.3256471563749894,1.159919303004191,120.40715489492123,5.0352467270896275,0.25,151.5699331507065
CUST1701,89,6,778.8679113362988,2,4,5,245,11,At Risk,0,Cluster 0,0.7584396049567318,0.4931412467459032,129.8113185560498,5.0352467270896275,0.25,163.40800422463468
CUST1702,86,5,519.0349394963673,2,3,3,233,8,Others,1,Cluster 1,-0.08882162347612364,0.0171624594213358,103.80698789927347,5.0352467270896275,0.25,130.67344901721233
CUST1703,63,5,395.04909225943345,3,3,2,332,8,Need Attention,1,Cluster 1,-0.2348453030745801,-0.4038536996148095,79.00981845188669,5.0352467270896275,0.25,99.45848244195203
CUST1704,26,2,275.93934006604985,4,1,1,411,6,New Customers,1,Cluster 1,-1.1429190841122139,-1.341954451354494,137.96967003302493,5.0352467270896275,0.25,173.67783236785615
CUST1705,191,6,912.5066571896646,1,4,5,145,10,At Risk,0,Cluster 0,0.4767346572866223,1.8460369311073306,152.0844428649441,5.0352467270896275,0.25,191.4456732942398
CUST1706,21,5,503.9961150406463,4,3,3,433,10,Potential Loyalists,0,Cluster 0,0.24726227367472756,-0.758341497612479,100.79922300812926,5.0352467270896275,0.25,126.88723943621508
CUST1707,32,5,413.2837606685023,4,3,2,432,9,Others,1,Cluster 1,-0.017832081759368682,-0.7423196503020135,82.65675213370045,5.0352467270896275,0.25,104.04928516326845
CUST1708,2,3,304.5892631524222,5,2,2,522,9,New Customers,1,Cluster 1,-0.6582756038553301,-1.466011346449445,101.52975438414073,5.0352467270896275,0.25,127.8068408662396
CUST1709,82,7,587.1614269276376,2,5,3,253,10,At Risk,0,Cluster 0,0.6544058827132649,0.2948039465910945,83.88020384680537,5.0352467270896275,0.25,105.58938047180938
CUST1710,16,5,378.6075428584674,5,3,2,532,10,Others,1,Cluster 1,-0.004261124052200935,-0.9714810092952745,75.72150857169348,5.0352467270896275,0.25,95.31911955147719
CUST1711,38,8,835.1809566231814,4,5,5,455,14,Champions,0,Cluster 0,1.742584606817738,0.20887334073830688,104.39761957789767,5.0352467270896275,0.25,131.4169430738893
CUST1712,84,5,702.1346051051787,2,3,4,234,9,Others,0,Cluster 0,0.33136480234091326,0.2200877793916794,140.42692102103575,5.0352467270896275,0.25,176.77104861661098
CUST1713,170,6,489.01897028170083,1,4,3,143,8,At Risk,1,Cluster 1,-0.3493701429925192,1.0782833329840678,81.5031617136168,5.0352467270896275,0.25,102.59713206648641
CUST1714,276,2,306.6939399368899,1,1,2,112,4,Lost Customers,1,Cluster 1,-2.4960275041834246,1.6072876907302547,153.34696996844494,5.0352467270896275,0.25,193.03495716068093
CUST1715,42,7,759.063977586464,3,5,4,354,12,Loyal Customers,0,Cluster 0,1.2657019911664238,0.04138617132223431,108.43771108378057,5.0352467270896275,0.25,136.5026574569242
CUST1716,65,6,396.29025499947977,3,4,2,342,9,Loyal Customers,1,Cluster 1,0.04073718327623039,-0.2590039278382733,66.04837583324662,5.0352467270896275,0.25,83.14246706098518
CUST1717,9,11,1491.5054503312592,5,5,5,555,15,Champions,0,Cluster 0,4.225462816247507,1.0421213066009571,135.59140457556902,5.0352467270896275,0.25,170.68404402765486
CUST1718,29,5,531.0283547611651,4,3,3,433,10,Potential Loyalists,0,Cluster 0,0.26212117724407286,-0.6317839499275681,106.20567095223302,5.0352467270896275,0.25,133.69293926514732
CUST1719,139,2,176.77866740742328,1,1,1,111,3,Lost Customers,1,Cluster 1,-2.0069605218775743,-0.14858210994777987,88.38933370371164,5.0352467270896275,0.25,111.26552581031174
CUST1720,15,7,518.2397267785492,5,5,3,553,13,Loyal Customers,0,Cluster 0,0.8815580362316656,-0.5705609870593116,74.03424668264988,5.0352467270896275,0.25,93.19517457533973
CUST1721,28,2,208.79130967642521,4,1,1,411,6,New Customers,1,Cluster 1,-1.3042167469227803,-1.4016242822390992,104.39565483821261,5.0352467270896275,0.25,131.41446983662212
CUST1722,160,3,263.7375672715718,1,2,1,121,4,Lost Customers,1,Cluster 1,-1.648048333532934,0.3234245514324112,87.91252242385725,5.0352467270896275,0.25,110.66531020123018
CUST1723,11,8,564.1584335860146,5,5,3,553,13,Loyal Customers,0,Cluster 0,1.2910160456876028,-0.44038306515465264,70.51980419825182,5.0352467270896275,0.25,88.77115332106222
CUST1724,32,6,487.0441485053854,4,4,3,443,11,Loyal Customers,0,Cluster 0,0.43104049813391215,-0.5311640642560596,81.17402475089757,5.0352467270896275,0.25,102.18281061291235
CUST1725,5,7,539.683956009397,5,5,3,553,13,Loyal Customers,0,Cluster 0,0.9863082290717979,-0.6605169741843596,77.09770800134243,5.0352467270896275,0.25,97.0514954699678
CUST1726,65,5,517.5469656334242,3,3,3,333,9,Need Attention,1,Cluster 1,0.02728524486666034,-0.22922052437614993,103.50939312668484,5.0352467270896275,0.25,130.29883324104335
CUST1727,42,2,97.71391584934915,3,1,1,311,5,Others,1,Cluster 1,-1.6318420508027565,-1.3758280103082126,48.856957924674575,5.0352467270896275,0.25,61.501709371443326
CUST1728,25,8,700.4228445312912,4,5,4,454,13,Champions,0,Cluster 0,1.5156383557050663,-0.10900187286423417,87.5528555664114,5.0352467270896275,0.25,110.21255735953096
CUST1729,339,1,126.73712040898008,1,1,1,111,3,Lost Customers,1,Cluster 1,-3.5402954450610675,1.998562820050681,126.73712040898008,5.0352467270896275,0.25,159.53816768502023
CUST1730,400,1,141.31152673782802,1,1,1,111,3,Lost Customers,1,Cluster 1,-3.85466786027454,2.72691307048825,141.31152673782802,5.0352467270896275,0.25,177.88460062667173
CUST1731,44,3,280.96835108148684,3,2,1,321,6,Others,1,Cluster 1,-0.9498729630283219,-1.0061051669129693,93.65611702716228,5.0352467270896275,0.25,117.8954141832355
CUST1732,30,6,665.7225527496089,4,4,4,444,12,Champions,0,Cluster 0,0.8413554384523377,-0.3337011076061008,110.95375879160149,5.0352467270896275,0.25,139.66988770342584
CUST1733,57,3,337.369453526879,3,2,2,322,7,Others,1,Cluster 1,-0.8978768043565304,-0.785038176143905,112.45648450895966,5.0352467270896275,0.25,141.56153639093614
CUST1734,258,3,369.2683597844821,1,2,2,122,5,Lost Customers,1,Cluster 1,-1.9697623659747225,1.595013598541681,123.08945326149403,5.0352467270896275,0.25,154.94644166854738
CUST1735,80,3,396.76623181138865,2,2,2,222,6,Others,1,Cluster 1,-0.8960631148390571,-0.44382027648444994,132.2554106037962,5.0352467270896275,0.25,166.48465584566492
CUST1736,15,6,498.3070448517466,5,4,3,543,12,Loyal Customers,0,Cluster 0,0.5528682219560868,-0.7152137219644831,83.05117414195776,5.0352467270896275,0.25,104.54578819481088
CUST1737,33,4,339.855784119214,4,3,2,432,9,Others,1,Cluster 1,-0.47164957742615315,-0.9414195678437391,84.9639460298035,5.0352467270896275,0.25,106.95360779179695
CUST1738,309,1,66.39374717060099,1,1,1,111,3,Lost Customers,1,Cluster 1,-3.504412921720843,1.5746605490068517,66.39374717060099,5.0352467270896275,0.25,83.5772245349962
CUST1739,18,4,674.7154434196062,5,3,4,534,12,Potential Loyalists,0,Cluster 0,0.3613083368773315,-0.7023831524571683,168.67886085490156,5.0352467270896275,0.25,212.33492051221245
CUST1740,21,2,225.9692719978795,4,1,1,411,6,New Customers,1,Cluster 1,-1.226053280591869,-1.461916193939478,112.98463599893975,5.0352467270896275,0.25,142.22637965626856
CUST1741,314,1,178.47808538070572,1,1,1,111,3,Lost Customers,1,Cluster 1,-3.2825942941704462,1.7713629958653534,178.47808538070572,5.0352467270896275,0.25,224.67029881760539
CUST1742,81,3,393.91072994628564,2,2,2,222,6,Others,1,Cluster 1,-0.9081257818293839,-0.4357031989021114,131.3035766487619,5.0352467270896275,0.25,165.28647614396007
CUST1743,168,2,123.80050327948706,1,1,1,111,3,Lost Customers,1,Cluster 1,-2.290172407667339,0.1236691131288247,61.90025163974353,5.0352467270896275,0.25,77.92075986876074
CUST1744,22,7,657.7224085402152,4,5,4,454,13,Champions,0,Cluster 0,1.1531755823186347,-0.31671857349502636,93.96034407717359,5.0352467270896275,0.25,118.2783787477009
CUST1745,20,6,504.4193378853931,4,4,3,443,11,Loyal Customers,0,Cluster 0,0.5380798224719974,-0.6494372179137067,84.06988964756552,5.0352467270896275,0.25,105.8281591736726
CUST1746,42,5,768.087564197621,3,3,4,334,10,Need Attention,0,Cluster 0,0.7174782178697553,-0.187518162303364,153.61751283952418,5.0352467270896275,0.25,193.37551968721573
CUST1747,202,2,74.76121541417248,1,1,1,111,3,Lost Customers,1,Cluster 1,-2.5930253470524054,0.4590116354987932,37.38060770708624,5.0352467270896275,0.25,47.05514565343183
CUST1748,17,4,252.8656497197744,5,3,1,531,9,Others,1,Cluster 1,-0.5748815016123973,-1.2352135272556064,63.2164124299436,5.0352467270896275,0.25,79.57755844655539
CUST1749,117,5,456.9943092693484,2,3,3,233,8,Others,1,Cluster 1,-0.40364175580142814,0.3015071855717839,91.39886185386968,5.0352467270896275,0.25,115.05395500235358
CUST1750,33,10,1026.718810960311,4,5,5,455,14,Champions,0,Cluster 0,2.767043547773588,0.6273416559112008,102.6718810960311,5.0352467270896275,0.25,129.2445633132315
CUST1751,97,6,801.5624442838697,2,4,5,245,11,At Risk,0,Cluster 0,0.7636135779202218,0.6143396608222667,133.5937407139783,5.0352467270896275,0.25,168.1693614224299
CUST1752,12,8,803.6800616194372,5,5,5,555,15,Champions,0,Cluster 0,1.8201162111305758,-0.13281480500662485,100.46000770242965,5.0352467270896275,0.25,126.46023124676442
CUST1753,178,3,207.6728662820924,1,2,1,121,4,Lost Customers,1,Cluster 1,-1.8755935177286192,0.4637676267252443,69.22428876069746,5.0352467270896275,0.25,87.1403433543523
CUST1754,78,4,528.4443487745824,2,3,3,233,8,Others,1,Cluster 1,-0.30650164812805564,-0.18439867735590115,132.1110871936456,5.0352467270896275,0.25,166.3029798510141
CUST1755,39,7,690.7598892039078,4,5,4,454,13,Champions,0,Cluster 0,1.1302586654305162,-0.07793685303249548,98.67998417198683,5.0352467270896275,0.25,124.21951683281324
CUST1756,42,3,278.9668714849703,3,2,1,321,6,Others,1,Cluster 1,-0.9429675265022308,-1.031867911898279,92.98895716165676,5.0352467270896275,0.25,117.05558555092745
CUST1757,120,4,370.99345345682997,2,3,2,232,7,Others,1,Cluster 1,-0.8969053048616703,0.11016373908385031,92.74836336420749,5.0352467270896275,0.25,116.75272326813632
CUST1758,10,10,1040.5905790492923,5,5,5,555,15,Champions,0,Cluster 0,2.92881878308722,0.37664530366670407,104.05905790492923,5.0352467270896275,0.25,130.99075768495624
CUST1759,8,5,478.8567404328405,5,3,3,533,11,Potential Loyalists,0,Cluster 0,0.26506513106699275,-0.9407853667448972,95.77134808656811,5.0352467270896275,0.25,120.55809175046339
CUST1760,21,9,901.2131997657204,4,5,5,455,14,Champions,0,Cluster 0,2.2708830322505857,0.21251628929645958,100.13479997396894,5.0352467270896275,0.25,126.05085595917541
CUST1761,85,4,440.51296975030414,2,3,3,233,8,Others,1,Cluster 1,-0.5426384323345604,-0.21152093014824475,110.12824243757603,5.0352467270896275,0.25,138.63071807348445
CUST1762,49,5,468.92541592955274,3,3,3,333,9,Need Attention,1,Cluster 1,0.009720033455683312,-0.4756110094368278,93.78508318591055,5.0352467270896275,0.25,118.05775829042113
CUST1763,38,6,474.16077199820114,4,4,3,443,11,Loyal Customers,0,Cluster 0,0.36815278554935343,-0.4772112761265589,79.02679533303352,5.0352467270896275,0.25,99.47985313825971
CUST1764,21,5,661.0818860597518,4,3,4,434,11,Potential Loyalists,0,Cluster 0,0.5979924800075527,-0.5642657615246397,132.21637721195037,5.0352467270896275,0.25,166.43552015603018
CUST1765,99,5,744.9267336588506,2,3,4,234,9,Others,0,Cluster 0,0.3416015874472597,0.44763117092951665,148.9853467317701,5.0352467270896275,0.25,187.5444948788647
CUST1766,261,1,234.3997366076704,1,1,1,111,3,Lost Customers,1,Cluster 1,-2.8563199797140686,1.22326880689181,234.3997366076704,5.0352467270896275,0.25,295.0651266461108
CUST1767,81,5,516.1224922224062,2,3,3,233,8,Others,1,Cluster 1,-0.06688883047856202,-0.0446607112552615,103.22449844448124,5.0352467270896275,0.25,129.94020448701062
CUST1768,54,3,260.7766600313224,3,2,1,321,6,Others,1,Cluster 1,-1.0518265755563048,-0.9146016986391375,86.92555334377414,5.0352467270896275,0.25,109.42290199367339
CUST1769,151,5,547.4270545100389,1,3,3,133,7,Others,1,Cluster 1,-0.3950912203104772,0.8091640895251951,109.48541090200779,5.0352467270896275,0.25,137.82151422709944
CUST1770,3,3,482.3571510647004,5,2,3,523,10,Potential Loyalists,1,Cluster 1,-0.2670549030767817,-1.2347383643042262,160.7857170215668,5.0352467270896275,0.25,202.3989388489008
CUST1771,133,3,263.9659550614674,1,2,1,121,4,Lost Customers,1,Cluster 1,-1.4939866882787398,0.009292198098332573,87.98865168715581,5.0352467270896275,0.25,110.76114260719513
CUST1772,49,5,1140.6895603622293,3,3,5,335,11,Need Attention,0,Cluster 0,1.509588388529108,0.3543376228446585,228.13791207244586,5.0352467270896275,0.25,287.18266877196106
CUST1773,50,9,797.4497787708757,3,5,5,355,13,Loyal Customers,0,Cluster 0,1.874281349892741,0.422023534704606,88.60553097454175,5.0352467270896275,0.25,111.53767746039999
CUST1774,71,4,343.67394778282187,3,3,2,332,8,Need Attention,1,Cluster 1,-0.6792344703273484,-0.4941929915175423,85.91848694570547,5.0352467270896275,0.25,108.15519504746409
CUST1775,102,6,571.9368896197934,2,4,3,243,9,At Risk,0,Cluster 0,0.22248607447347976,0.38886765764743286,95.32281493663224,5.0352467270896275,0.25,119.99347298166194
CUST1776,75,4,439.6326535790474,3,3,3,333,9,Need Attention,1,Cluster 1,-0.48773293493927733,-0.3290583624521362,109.90816339476186,5.0352467270896275,0.25,138.35368000347665
CUST1777,105,6,697.5449269902091,2,4,4,244,10,At Risk,0,Cluster 0,0.4858736800878826,0.5789883488335283,116.25748783170151,5.0352467270896275,0.25,146.3462837760593
CUST1778,6,4,428.26722971462675,5,3,2,532,10,Others,1,Cluster 1,-0.12069892141982151,-1.1466038494138848,107.06680742865669,5.0352467270896275,0.25,134.77694792126974
CUST1779,81,4,447.11053345856726,2,3,3,233,8,Others,1,Cluster 1,-0.5051594475222414,-0.24994972605397087,111.77763336464182,5.0352467270896275,0.25,140.70699064028426
CUST1780,48,2,443.633419425695,3,1,3,313,7,Others,1,Cluster 1,-0.8936195969598111,-0.8785827927569629,221.8167097128475,5.0352467270896275,0.25,279.2254653988514
CUST1781,146,4,709.8427122539688,1,3,4,134,8,Others,1,Cluster 1,-0.28821081530249937,0.8315734824733026,177.4606780634922,5.0352467270896275,0.25,223.38957460157627
CUST1782,2,10,1042.7191423078566,5,5,5,555,15,Champions,0,Cluster 0,2.979068096381392,0.2861152348957789,104.27191423078565,5.0352467270896275,0.25,131.25870371448346
CUST1783,27,4,494.5267484432307,4,3,3,433,10,Potential Loyalists,1,Cluster 1,-0.0921883801280558,-0.8201971615864478,123.63168711080768,5.0352467270896275,0.25,155.6290119723158
CUST1784,187,5,313.90915801371784,1,3,2,132,6,Others,1,Cluster 1,-1.1212093937811973,0.9398776405990538,62.781831602743566,5.0352467270896275,0.25,79.03050302460167
CUST1785,57,4,384.0749426615247,3,3,2,332,8,Need Attention,1,Cluster 1,-0.5094105244265691,-0.6073082743362773,96.01873566538117,5.0352467270896275,0.25,120.86950612459866
CUST1786,6,4,298.5135402807584,5,3,2,532,10,Others,1,Cluster 1,-0.4104039530872092,-1.3069114484002256,74.6283850701896,5.0352467270896275,0.25,93.94308291816414
CUST1787,29,3,300.1811216677491,4,2,2,422,8,New Customers,1,Cluster 1,-0.8216695130458382,-1.1570429794504566,100.0603738892497,5.0352467270896275,0.25,125.95716753430224
CUST1788,188,5,399.54192912112427,1,3,2,132,6,Others,1,Cluster 1,-0.9357015867792686,1.0573198760290292,79.90838582422485,5.0352467270896275,0.25,100.58960954711084
CUST1789,13,4,680.8338664743967,5,3,4,534,12,Potential Loyalists,0,Cluster 0,0.40340463031939094,-0.7530488975108354,170.20846661859918,5.0352467270896275,0.25,214.2604061160614
CUST1790,2,3,165.09729615,5,2,1,521,8,New Customers,1,Cluster 1,-0.9697235857516712,-1.6383503558880725,55.032432050000004,5.0352467270896275,0.25,69.2754683408862
CUST1791,141,3,403.50634308371286,1,2,2,122,5,Lost Customers,1,Cluster 1,-1.2279274002825367,0.2748508886358428,134.50211436123763,5.0352467270896275,0.25,169.31283278101415
CUST1792,123,7,971.099382597909,2,5,5,255,12,At Risk,0,Cluster 0,1.2784647757194907,1.246594437086516,138.72848322827272,5.0352467270896275,0.25,174.63303528231714
CUST1793,8,6,826.1976115735092,5,4,5,545,14,Champions,0,Cluster 0,1.3247692250768546,-0.39162759672015784,137.6996019289182,5.0352467270896275,0.25,173.3378674835325
CUST1794,47,3,405.1756527568715,3,2,2,322,7,Others,1,Cluster 1,-0.6896128228498319,-0.8177150513819064,135.05855091895717,5.0352467270896275,0.25,170.0132816200367
CUST1795,210,3,176.71356183597754,1,2,1,121,4,Lost Customers,1,Cluster 1,-2.1267045238045057,0.7981575743195387,58.90452061199252,5.0352467270896275,0.25,74.14969865557971
CUST1796,76,7,807.901258130121,3,5,5,355,13,Loyal Customers,0,Cluster 0,1.1813810601900143,0.49765286738717496,115.41446544716015,5.0352467270896275,0.25,145.28507735040301
CUST1797,80,3,441.5019534415136,2,2,3,223,7,About to Sleep,1,Cluster 1,-0.7961803006542304,-0.38855035580060127,147.16731781383785,5.0352467270896275,0.25,185.25593883917153
CUST1798,10,5,561.6239565041235,5,3,3,533,11,Potential Loyalists,0,Cluster 0,0.4384878250561229,-0.8152384741864105,112.3247913008247,5.0352467270896275,0.25,141.39575944212575
CUST1799,15,3,207.1999224662725,5,2,1,521,8,New Customers,1,Cluster 1,-0.9496520721351037,-1.4349487924947046,69.06664082209083,5.0352467270896275,0.25,86.94189428762694
CUST1800,37,12,1636.4362185454215,4,5,5,455,14,Champions,0,Cluster 0,4.674000864094415,1.6672657091275802,136.36968487878514,5.0352467270896275,0.25,171.6637523650367
CUST1801,230,2,161.03115493133325,1,1,1,111,3,Lost Customers,1,Cluster 1,-2.559646631499661,0.8916555983728168,80.51557746566662,5.0352467270896275,0.25,101.35394947843231
CUST1802,96,4,394.8888565390786,2,3,2,232,7,Others,1,Cluster 1,-0.7070628924435749,-0.13979363265319833,98.72221413476964,5.0352467270896275,0.25,124.27267640328505
CUST1803,75,7,806.0935113791138,3,5,5,355,13,Loyal Customers,0,Cluster 0,1.1830319493426737,0.48377445698735216,115.15621591130197,5.0352467270896275,0.25,144.95998981785243
CUST1804,199,2,235.37651918907193,1,1,1,111,3,Lost Customers,1,Cluster 1,-2.217353343092384,0.6225130786277252,117.68825959453596,5.0352467270896275,0.25,148.14735598506542
CUST1805,143,4,469.43549914000045,1,3,3,133,7,Others,1,Cluster 1,-0.8079140523974738,0.4996211384890843,117.35887478500011,5.0352467270896275,0.25,147.7327225390233
CUST1806,93,3,318.67750152850704,2,2,2,222,6,Others,1,Cluster 1,-1.144346519850456,-0.38891227716150173,106.22583384283568,5.0352467270896275,0.25,133.71832054737624
CUST1807,16,13,1456.4293209919335,5,5,5,555,15,Champions,0,Cluster 0,4.675708576058731,1.3203532187875924,112.03302469168719,5.0352467270896275,0.25,141.02848022619233
CUST1808,34,2,265.360148085115,4,1,1,411,6,New Customers,1,Cluster 1,-1.212036374666265,-1.2618649334944445,132.6800740425575,5.0352467270896275,0.25,167.01922714319926
CUST1809,37,6,675.9621764472904,4,4,4,444,12,Champions,0,Cluster 0,0.8244080551520779,-0.2395354201086242,112.66036274121507,5.0352467270896275,0.25,141.81818069135835
CUST1810,205,2,215.0766448790992,1,1,1,111,3,Lost Customers,1,Cluster 1,-2.296800097197785,0.667302960015692,107.5383224395496,5.0352467270896275,0.25,135.3704965251128
CUST1811,76,9,1057.7583338888967,3,5,5,355,13,Loyal Customers,0,Cluster 0,2.3076156077250554,1.0463981056497782,117.52870376543297,5.0352467270896275,0.25,147.9465052434957
CUST1812,40,3,230.50121851449285,4,2,1,421,7,New Customers,1,Cluster 1,-1.03980407124414,-1.1150360386107958,76.83373950483094,5.0352467270896275,0.25,96.71920884293925
CUST1813,146,4,496.680719357406,1,3,3,133,7,Others,1,Cluster 1,-0.7641441176372776,0.5682169072153205,124.1701798393515,5.0352467270896275,0.25,156.3068729095563
CUST1814,19,5,567.474062880952,4,3,3,433,10,Potential Loyalists,0,Cluster 0,0.40036563090669053,-0.703205966477885,113.49481257619041,5.0352467270896275,0.25,142.86859589147838
CUST1815,59,4,351.8744444517044,3,3,2,332,8,Need Attention,1,Cluster 1,-0.5926797630665274,-0.6238012599328131,87.9686111129261,5.0352467270896275,0.25,110.73591529824535
CUST1816,58,6,612.6780445632148,3,4,4,344,11,Loyal Customers,0,Cluster 0,0.5636825248777786,-0.07317683329667517,102.11300742720248,5.0352467270896275,0.25,128.54104661027503
CUST1817,85,4,721.4575462956122,2,3,4,234,9,Others,0,Cluster 0,0.08463511803582753,0.13557941598231268,180.36438657390306,5.0352467270896275,0.25,227.04479679494344
CUST1818,3,6,422.9632359025461,5,4,2,542,11,Loyal Customers,0,Cluster 0,0.4528910023767674,-0.9480389940815397,70.49387265042435,5.0352467270896275,0.25,88.73851038573055
CUST1819,80,5,677.2028853121419,2,3,4,234,9,Others,0,Cluster 0,0.2984473913740621,0.14270530318671906,135.4405770624284,5.0352467270896275,0.25,170.49418059218075
CUST1820,59,6,590.1729450437931,3,4,4,344,11,Loyal Customers,0,Cluster 0,0.5077476001078595,-0.08933636653561837,98.36215750729885,5.0352467270896275,0.25,123.81943291452524
CUST1821,29,5,466.3582189347165,4,3,3,433,10,Potential Loyalists,1,Cluster 1,0.11773018667355517,-0.711682365500116,93.2716437869433,5.0352467270896275,0.25,117.41143477711896
CUST1822,30,5,259.7604987715041,4,4,1,441,9,Loyal Customers,1,Cluster 1,-0.34923396374719823,-0.9552839555720594,51.95209975430082,5.0352467270896275,0.25,65.39791006331926
CUST1823,3,5,599.7612457476827,5,4,4,544,13,Champions,0,Cluster 0,0.5634478217684711,-0.8496356356880685,119.95224914953653,5.0352467270896275,0.25,150.99729248431083
CUST1824,80,10,1038.7589326059779,2,5,5,255,12,At Risk,0,Cluster 0,2.5266321663587825,1.1895311062241027,103.87589326059779,5.0352467270896275,0.25,130.76018789098413
CUST1825,175,2,371.05963971199174,1,1,2,112,4,Lost Customers,1,Cluster 1,-1.777919074269461,0.5106667745394389,185.52981985599587,5.0352467270896275,0.25,233.54710455185784
CUST1826,89,4,563.2268466441368,2,3,3,233,8,Others,1,Cluster 1,-0.2913998079749334,-0.013330923175360032,140.8067116610342,5.0352467270896275,0.25,177.24913351086883
CUST1827,2,9,1348.1147163487,5,5,5,555,15,Champions,0,Cluster 0,3.376748631254451,0.5433978270255094,149.79052403874445,5.0352467270896275,0.25,188.55806147878204
CUST1828,67,9,1015.034228337425,3,5,5,355,13,Loyal Customers,0,Cluster 0,2.2634080959123475,0.8888086484741309,112.78158092638056,5.0352467270896275,0.25,141.97077155888792
CUST1829,130,6,386.5850237206542,2,4,2,242,8,At Risk,1,Cluster 1,-0.3505935240534557,0.48592933651392,64.4308372867757,5.0352467270896275,0.25,81.10629064297042
CUST1830,8,6,481.1841611040235,5,4,3,543,12,Loyal Customers,0,Cluster 0,0.5544471399782283,-0.8178835136352992,80.19736018400391,5.0352467270896275,0.25,100.95337384693343
CUST1831,62,6,524.2756309610271,3,4,3,343,10,Loyal Customers,0,Cluster 0,0.3435553492319793,-0.1358159848932577,87.37927182683785,5.0352467270896275,0.25,109.99404812039005
CUST1832,1,5,341.01287309233925,5,4,2,542,11,Loyal Customers,1,Cluster 1,-0.002893383929207234,-1.1926030640472607,68.20257461846785,5.0352467270896275,0.25,85.85419765668159
CUST1834,75,3,322.4843208331315,3,2,2,322,7,Others,1,Cluster 1,-1.0334791067026423,-0.5938187230803471,107.49477361104384,5.0352467270896275,0.25,135.31567675106223
CUST1835,68,6,585.2335932292581,3,4,3,343,10,Loyal Customers,0,Cluster 0,0.44553545259647637,0.009366022048220853,97.53893220487635,5.0352467270896275,0.25,122.78314728710517
CUST1836,285,3,414.3159712569608,1,2,2,122,5,Lost Customers,1,Cluster 1,-2.0227349026470454,1.9650833727315864,138.10532375232026,5.0352467270896275,0.25,173.848594854381
CUST1837,52,8,662.4554162996534,3,5,4,354,12,Loyal Customers,0,Cluster 0,1.277315600389381,0.15850479307967963,82.80692703745667,5.0352467270896275,0.25,104.23832708642583
CUST1838,142,3,370.93866995399645,1,2,2,122,5,Lost Customers,1,Cluster 1,-1.3063293409742776,0.246259284893719,123.64622331799882,5.0352467270896275,0.25,155.64731031973668
CUST1839,105,7,722.5614505932244,2,5,4,254,11,At Risk,0,Cluster 0,0.8259143431926951,0.7299220492842363,103.22306437046063,5.0352467270896275,0.25,129.93839925788097
CUST1840,3,2,386.94546086142884,5,1,2,512,8,New Customers,1,Cluster 1,-0.7642690080940296,-1.4726436197617159,193.47273043071442,5.0352467270896275,0.25,243.54573317058714
CUST1841,30,6,1077.919169046745,4,4,5,445,13,Champions,0,Cluster 0,1.7616794330807481,0.1755580137121104,179.6531948411242,5.0352467270896275,0.25,226.14954033374144
CUST1842,220,2,249.08832109826702,1,1,1,111,3,Lost Customers,1,Cluster 1,-2.306167696619695,0.8839983114099327,124.54416054913351,5.0352467270896275,0.25,156.7776441957874
CUST1843,21,5,742.8884371272098,4,4,4,444,12,Champions,0,Cluster 0,0.7806444691032213,-0.46319571226286826,148.57768742544198,5.0352467270896275,0.25,187.0313285818756
CUST1844,47,4,586.1508673639655,3,3,3,333,9,Need Attention,1,Cluster 1,-0.0013584194400171707,-0.4740980954106767,146.53771684099138,5.0352467270896275,0.25,184.4633897796971
CUST1845,73,1,275.33240624746435,3,1,1,311,5,Others,1,Cluster 1,-1.6957534387265634,-0.9154165176352181,275.33240624746435,5.0352467270896275,0.25,346.59164935481414
CUST1846,106,9,1478.5778908063326,2,5,5,255,12,At Risk,0,Cluster 0,3.0765792869377533,1.9156601329323777,164.28643231181474,5.0352467270896275,0.25,206.8056801508242
CUST1847,233,2,215.51355950128493,1,1,1,111,3,Lost Customers,1,Cluster 1,-2.455063402028438,0.9939022609253161,107.75677975064247,5.0352467270896275,0.25,135.64549314028508
CUST1848,45,6,437.184415759137,3,4,2,342,9,Loyal Customers,0,Cluster 0,0.2457848394700037,-0.4413798094937975,72.8640692931895,5.0352467270896275,0.25,91.72214160774107
CUST1849,52,10,920.4724991295413,3,5,5,355,13,Loyal Customers,0,Cluster 0,2.4217692453331905,0.7173315261112487,92.04724991295413,5.0352467270896275,0.25,115.87015346545083
CUST1850,180,4,434.40628718250133,1,3,2,132,6,Others,1,Cluster 1,-1.0965475685959394,0.8872077233966995,108.60157179562533,5.0352467270896275,0.25,136.70892723517792
CUST1851,43,4,271.4054370188139,3,3,1,331,7,Need Attention,1,Cluster 1,-0.6813517675881053,-0.9095385219879139,67.85135925470348,5.0352467270896275,0.25,85.41208365395705
CUST1852,28,9,717.939804489282,4,5,4,454,13,Champions,0,Cluster 0,1.8218732117699004,0.06760124175132934,79.771089387698,5.0352467270896275,0.25,100.41677918894511
CUST1853,23,5,630.901628533964,4,4,4,444,12,Champions,0,Cluster 0,0.5192338945436002,-0.578262787778171,126.18032570679279,5.0352467270896275,0.25,158.8372680095579
CUST1854,14,8,908.4489975289902,5,5,5,555,15,Champions,0,Cluster 0,2.042662818052691,0.01991468942031089,113.55612469112377,5.0352467270896275,0.25,142.94577629799065
CUST1855,28,6,675.5437168459023,4,4,4,444,12,Champions,0,Cluster 0,0.8746576532154239,-0.3448572573390161,112.59061947431705,5.0352467270896275,0.25,141.73038705226216
CUST1856,20,10,769.5454048301209,4,5,4,454,13,Champions,0,Cluster 0,2.2667769248805567,0.15822525639626556,76.9545404830121,5.0352467270896275,0.25,96.87127452544323
CUST1857,107,7,710.058849901242,2,5,4,254,11,At Risk,0,Cluster 0,0.7866252029151394,0.7377653478422486,101.43697855732027,5.0352467270896275,0.25,127.6900535716519
CUST1858,33,6,459.9623119869206,4,4,3,443,11,Loyal Customers,0,Cluster 0,0.3648869526602107,-0.5529780472660243,76.66038533115344,5.0352467270896275,0.25,96.50098858403001
CUST1859,30,9,1148.2260331729804,4,5,5,455,14,Champions,0,Cluster 0,2.771212236101311,0.622499613694099,127.58067035255337,5.0352467270896275,0.25,160.60003820814876
CUST1860,1,5,647.5285535591527,5,4,4,544,13,Champions,0,Cluster 0,0.6814735524070992,-0.8139102268594377,129.50571071183055,5.0352467270896275,0.25,163.02330150029022
CUST1861,93,5,278.64859327421277,2,4,1,241,7,At Risk,1,Cluster 1,-0.6653492766638291,-0.19831428141420962,55.72971865484256,5.0352467270896275,0.25,70.15322086460543
CUST1862,24,3,287.4214154473498,4,2,1,421,7,New Customers,1,Cluster 1,-0.8217229963334595,-1.2310322044811757,95.80713848244993,5.0352467270896275,0.25,120.60314511889467
CUST1863,408,2,97.04202934468303,1,1,1,111,3,Lost Customers,1,Cluster 1,-3.714821020754588,2.885405397040982,48.521014672341515,5.0352467270896275,0.25,61.07882008099385
CUST1864,9,10,736.7707911936753,5,5,4,554,14,Champions,0,Cluster 0,2.2561581492774696,-0.010361804542668353,73.67707911936753,5.0352467270896275,0.25,92.74556787432972
CUST1866,5,4,542.3451529370066,5,3,3,533,11,Potential Loyalists,1,Cluster 1,0.13969344811708187,-1.017308269221128,135.58628823425164,5.0352467270896275,0.25,170.6776035174366
CUST1867,119,4,203.07307817931854,2,3,1,231,6,Others,1,Cluster 1,-1.2661391629373437,-0.10894287528134719,50.768269544829636,5.0352467270896275,0.25,63.907690766401856
CUST1868,29,2,296.377727466968,4,1,2,412,7,New Customers,1,Cluster 1,-1.1143469732078097,-1.2817683627712544,148.188863733484,5.0352467270896275,0.25,186.541872776289
CUST1869,55,3,218.20023432456824,3,2,1,321,6,Others,1,Cluster 1,-1.1525753643024867,-0.9555588782772056,72.73341144152275,5.0352467270896275,0.25,91.55766797774767
CUST1870,29,5,732.6854955309349,4,4,4,444,12,Champions,0,Cluster 0,0.7123672442927983,-0.38264134599622857,146.537099106187,5.0352467270896275,0.25,184.4626121679091
CUST1871,23,3,306.50717395415467,4,2,2,422,8,New Customers,1,Cluster 1,-0.7734225388427668,-1.2190971857838981,102.16905798471822,5.0352467270896275,0.25,128.6116037068457
CUST1872,49,3,560.4480940666399,3,2,3,323,8,Others,1,Cluster 1,-0.35430549447832316,-0.6025896765262406,186.81603135554664,5.0352467270896275,0.25,235.16620261272237
CUST1873,41,8,589.9508389688626,4,5,4,454,13,Champions,0,Cluster 0,1.1779905194747928,-0.059167693602782484,73.74385487110783,5.0352467270896275,0.25,92.82962597067954
CUST1874,37,8,770.0741780575913,4,5,4,454,13,Champions,0,Cluster 0,1.6029058112703332,0.11679048118077785,96.25927225719892,5.0352467270896275,0.25,121.17229639627256
CUST1875,116,4,437.75938039474954,2,3,2,232,7,Others,1,Cluster 1,-0.7250865748684898,0.1460715257166905,109.43984509868739,5.0352467270896275,0.25,137.76415546159038
CUST1876,198,8,612.9024291521123,1,5,4,154,10,At Risk,0,Cluster 0,0.33636043900973017,1.7974506653157012,76.61280364401404,5.0352467270896275,0.25,96.44109220042048
CUST1877,4,7,526.8451023207685,5,5,3,553,13,Loyal Customers,0,Cluster 0,0.9633296283145101,-0.6880240549907598,75.26358604582408,5.0352467270896275,0.25,94.74268132656607
CUST1878,76,4,163.36816064326837,3,3,1,331,7,Need Attention,1,Cluster 1,-1.1102442200912377,-0.6587315942710311,40.84204016081709,5.0352467270896275,0.25,51.41243726185434
CUST1879,22,8,846.7245719529004,4,5,5,455,14,Champions,0,Cluster 0,1.8593519998774306,0.036815486920978545,105.84057149411255,5.0352467270896275,0.25,133.23334780225647
CUST1880,129,3,312.23225693073806,2,2,2,222,6,Others,1,Cluster 1,-1.363472637094552,0.022344137704070458,104.07741897691268,5.0352467270896275,0.25,131.01387081685886
CUST1881,162,4,457.1883290036916,1,3,3,133,7,Others,1,Cluster 1,-0.9433135956682652,0.7057447138466716,114.2970822509229,5.0352467270896275,0.25,143.87850232996337
CUST1882,66,7,628.0420097631838,3,5,4,354,12,Loyal Customers,0,Cluster 0,0.8366748205643486,0.15899121877302644,89.72028710902626,5.0352467270896275,0.25,112.94094550481654
CUST1883,53,5,412.6127895392905,3,4,2,342,9,Loyal Customers,1,Cluster 1,-0.1387592926299786,-0.49860399172314784,82.5225579078581,5.0352467270896275,0.25,103.88035990415169
CUST1884,55,2,120.04684399595394,3,1,1,311,5,Others,1,Cluster 1,-1.655910947060371,-1.1968514390679914,60.02342199797697,5.0352467270896275,0.25,75.55818479100827
CUST1885,93,6,579.9173199972532,2,4,3,243,9,At Risk,0,Cluster 0,0.2914881311213131,0.29392244934014966,96.65288666620887,5.0352467270896275,0.25,121.66778281244822
CUST1886,257,1,88.82436783157338,1,1,1,111,3,Lost Customers,1,Cluster 1,-3.1586021563504167,0.996833970127327,88.82436783157338,5.0352467270896275,0.25,111.81315185243376
CUST1887,63,3,441.15987955119465,3,2,3,323,8,Others,1,Cluster 1,-0.7002633488847458,-0.5869376783805761,147.05329318373154,5.0352467270896275,0.25,185.11240330278392
CUST1888,48,8,675.534021981503,3,5,4,354,12,Loyal Customers,0,Cluster 0,1.3292650058763469,0.12808317047475481,84.44175274768787,5.0352467270896275,0.25,106.29626478812673
CUST1889,313,2,277.2843241708932,1,1,1,111,3,Lost Customers,1,Cluster 1,-2.772113976057213,2.001817153151898,138.6421620854466,5.0352467270896275,0.25,174.5243732193437
CUST1890,36,6,520.7175581660791,4,4,3,443,11,Loyal Customers,0,Cluster 0,0.4834757474835153,-0.4429814380138894,86.78625969434653,5.0352467270896275,0.25,109.2475575205772
CUST1891,74,6,633.637087866514,3,4,4,344,11,Loyal Customers,0,Cluster 0,0.5194848120301618,0.13903728265751825,105.60618131108566,5.0352467270896275,0.25,132.93829470176948
CUST1892,91,3,163.60248154810765,2,2,1,221,5,Others,1,Cluster 1,-1.4792130595806074,-0.6037937426575344,54.53416051603588,5.0352467270896275,0.25,68.64823831323751
CUST1893,83,6,710.2988858788198,2,4,4,244,10,At Risk,0,Cluster 0,0.6394660479811342,0.3385559521528351,118.38314764646996,5.0352467270896275,0.25,149.022089182364
CUST1894,73,2,257.3020641619892,3,1,1,311,5,Others,1,Cluster 1,-1.4518248294822462,-0.8176661964974083,128.6510320809946,5.0352467270896275,0.25,161.9474220556327
CUST1895,40,3,548.8503357768283,4,2,3,423,9,Potential Loyalists,1,Cluster 1,-0.32901625858024397,-0.7217232715487354,182.95011192560943,5.0352467270896275,0.25,230.29973807352647
CUST1896,103,8,521.2587566600687,2,5,3,253,10,At Risk,0,Cluster 0,0.6720193672680106,0.5779537716684753,65.15734458250859,5.0352467270896275,0.25,82.02082651373186
CUST1897,233,2,234.34552969675903,1,1,1,111,3,Lost Customers,1,Cluster 1,-2.4130166860880817,1.0171687124566033,117.17276484837952,5.0352467270896275,0.25,147.49844517671139
CUST1898,340,1,96.86238920449092,1,1,1,111,3,Lost Customers,1,Cluster 1,-3.612684771937122,1.9732982820446177,96.86238920449092,5.0352467270896275,0.25,121.93150705499865
CUST1899,15,4,359.0508127584598,5,3,2,532,10,Others,1,Cluster 1,-0.3264244385593877,-1.1273142469149864,89.76270318961495,5.0352467270896275,0.25,112.99433936255659
CUST1900,187,5,443.5906425628061,1,4,3,143,8,At Risk,1,Cluster 1,-0.831665576168863,1.1000960321665945,88.71812851256122,5.0352467270896275,0.25,111.67941655659772
CUST1901,18,7,789.7372089387253,5,5,5,555,15,Champions,0,Cluster 0,1.4706774681021253,-0.20019735469953517,112.81960127696075,5.0352467270896275,0.25,142.01863202034335
CUST1902,73,6,814.9349540379867,3,4,5,345,12,Loyal Customers,0,Cluster 0,0.9299612045009352,0.3513815045126767,135.82249233966445,5.0352467270896275,0.25,170.97494000461285
CUST1903,62,3,298.7792980648976,3,2,2,322,7,Others,1,Cluster 1,-1.0124737280802032,-0.774490484610225,99.59309935496587,5.0352467270896275,0.25,125.368956891951
CUST1904,98,5,320.5293222093863,2,4,2,242,8,At Risk,1,Cluster 1,-0.6002763951257233,-0.08834672504046201,64.10586444187726,5.0352467270896275,0.25,80.69721102955344
CUST1905,140,4,409.17235547279705,1,3,2,132,6,Others,1,Cluster 1,-0.9254041148885295,0.39023251019295035,102.29308886819926,5.0352467270896275,0.25,128.7677352318722
CUST1906,31,6,410.79361434874346,4,4,2,442,10,Loyal Customers,0,Cluster 0,0.2664806985820335,-0.6370147689537659,68.46560239145724,5.0352467270896275,0.25,86.18530008995121
CUST1907,53,6,606.3830941360925,3,4,4,344,11,Loyal Customers,0,Cluster 0,0.5780630996118198,-0.13917900621523469,101.06384902268208,5.0352467270896275,0.25,127.22035375463504
CUST1908,36,6,497.6282908799159,4,4,3,443,11,Loyal Customers,0,Cluster 0,0.4319236340946785,-0.47150767890267103,82.93804847998598,5.0352467270896275,0.25,104.40338429001257
CUST1909,15,7,868.9869664964909,5,5,5,555,15,Champions,0,Cluster 0,1.6646821279864854,-0.13722110982270166,124.14099521378442,5.0352467270896275,0.25,156.2701349619643
CUST1910,74,6,494.2640730094174,3,4,3,343,10,Loyal Customers,0,Cluster 0,0.20830241822752973,-0.033154764233110534,82.37734550156956,5.0352467270896275,0.25,103.6975648307774
CUST1911,27,4,426.8972199759263,4,3,2,432,9,Others,1,Cluster 1,-0.24318689717798286,-0.90375183642055,106.72430499398158,5.0352467270896275,0.25,134.34580185546523
CUST1912,17,7,501.68890318483625,5,5,3,553,13,Loyal Customers,0,Cluster 0,0.8332303048430633,-0.5677191716681321,71.66984331211947,5.0352467270896275,0.25,90.218835992094
CUST1913,25,4,586.4054131710699,4,3,3,433,10,Potential Loyalists,1,Cluster 1,0.12432612649918412,-0.7299732198363563,146.60135329276747,5.0352467270896275,0.25,184.5434960885794
CUST1914,23,8,831.9301745776708,4,5,5,455,14,Champions,0,Cluster 0,1.8206329956613505,0.030182342893991115,103.99127182220884,5.0352467270896275,0.25,130.90542777216623
CUST1915,26,10,1007.9494163357929,4,5,5,455,14,Champions,0,Cluster 0,2.7649462505930344,0.5226376391904803,100.79494163357928,5.0352467270896275,0.25,126.88184999191753
CUST1916,245,3,266.9309567507192,1,2,1,121,4,Lost Customers,1,Cluster 1,-2.1243219081980804,1.317193400324209,88.97698558357307,5.0352467270896275,0.25,112.00526886149682
CUST1917,2,4,587.3514436564291,5,3,4,534,12,Potential Loyalists,0,Cluster 0,0.2572416720566322,-0.9966390136389693,146.83786091410727,5.0352467270896275,0.25,184.84121464515013
CUST1918,3,4,435.1154770155964,5,3,2,532,10,Others,1,Cluster 1,-0.08834732830549823,-1.1730779494397094,108.7788692538991,5.0352467270896275,0.25,136.9321113468015
CUST1919,77,2,52.28804767836748,3,1,1,311,5,Others,1,Cluster 1,-1.93231429812295,-1.024376211538679,26.14402383918374,5.0352467270896275,0.25,32.91040261730078
CUST1920,263,3,128.54376512193812,1,2,1,121,4,Lost Customers,1,Cluster 1,-2.5356710355544907,1.355828995278396,42.84792170731271,5.0352467270896275,0.25,53.937464384834726
CUST1921,40,7,813.1443759114361,4,5,5,455,14,Champions,0,Cluster 0,1.3978231521169997,0.08491125341502131,116.1634822730623,5.0352467270896275,0.25,146.22794848069273
CUST1922,86,3,308.9842143469324,2,2,2,222,6,Others,1,Cluster 1,-1.1261793142978167,-0.4824029788800167,102.99473811564413,5.0352467270896275,0.25,129.6509795010626
CUST1923,112,4,733.2699334402721,2,3,4,234,9,Others,1,Cluster 1,-0.042542720685118364,0.46458786053287493,183.31748336006802,5.0352467270896275,0.25,230.76218952677243
CUST1924,61,6,588.7010343941055,3,4,4,344,11,Loyal Customers,0,Cluster 0,0.49308701892530277,-0.06786491263529451,98.11683906568425,5.0352467270896275,0.25,123.51062319446658
CUST1925,99,6,830.2196915467829,2,4,5,245,11,At Risk,0,Cluster 0,0.8162232892839932,0.673034973138663,138.36994859113048,5.0352467270896275,0.25,174.18170769276244
CUST1926,100,4,522.2691185918518,2,3,3,233,8,Others,1,Cluster 1,-0.44540548719115397,0.06416158226128034,130.56727964796295,5.0352467270896275,0.25,164.35961687810038
CUST1927,22,3,411.650894973752,4,2,2,422,8,New Customers,1,Cluster 1,-0.5329778358683553,-1.1008396000422855,137.21696499125065,5.0352467270896275,0.25,172.7303184683417
CUST1928,183,3,237.3871496461388,1,2,1,121,4,Lost Customers,1,Cluster 1,-1.8376850313983994,0.558703828798277,79.12904988204626,5.0352467270896275,0.25,99.60857235907133
CUST1929,201,5,754.9372326283709,1,4,4,144,9,At Risk,1,Cluster 1,-0.21613192892664987,1.6477870949703655,150.9874465256742,5.0352467270896275,0.25,190.06476148750528
CUST1930,83,4,504.312824252826,2,3,3,233,8,Others,1,Cluster 1,-0.3888163442504871,-0.15598769098436285,126.0782060632065,5.0352467270896275,0.25,158.70871860927303
CUST1931,130,4,606.8217420750693,2,3,4,234,9,Others,1,Cluster 1,-0.4272352769295393,0.5179738065167869,151.70543551876733,5.0352467270896275,0.25,190.96857441939494
CUST1932,73,5,773.167617284622,3,4,5,345,12,Loyal Customers,0,Cluster 0,0.5525204884546625,0.17975257258980368,154.6335234569244,5.0352467270896275,0.25,194.6544857212039
CUST1933,46,9,1110.5675148128303,3,5,5,355,13,Loyal Customers,0,Cluster 0,2.596137300169955,0.7622931255814569,123.39639053475892,5.0352467270896275,0.25,155.3328178937046
CUST1934,63,4,409.99169083238775,3,3,2,332,8,Need Attention,1,Cluster 1,-0.4856680117158287,-0.5054188544651523,102.49792270809694,5.0352467270896275,0.25,129.02558246235768
CUST1935,92,4,494.60347522980004,2,3,3,233,8,Others,1,Cluster 1,-0.46167861044727015,-0.06317852056642755,123.65086880745001,5.0352467270896275,0.25,155.65315811612538
CUST1936,14,8,939.8885853448721,5,5,5,555,15,Champions,0,Cluster 0,2.1128589475311665,0.058757552832321966,117.48607316810902,5.0352467270896275,0.25,147.89284134958336
CUST1937,8,5,660.0338793652064,5,4,4,544,13,Champions,0,Cluster 0,0.6695848715138284,-0.7169453182639239,132.00677587304128,5.0352467270896275,0.25,166.17167154209628
CUST1938,18,5,431.76729411179485,5,4,2,542,11,Loyal Customers,1,Cluster 1,0.10305607752202152,-0.8825134357353281,86.35345882235897,5.0352467270896275,0.25,108.70274272703799
CUST1939,27,12,1618.6911441191721,4,5,5,455,14,Champions,0,Cluster 0,4.69125189982743,1.5288922688832682,134.89092867659767,5.0352467270896275,0.25,169.8022767832297
CUST1940,104,5,509.4295727285465,2,4,3,243,9,At Risk,1,Cluster 1,-0.2126356309271873,0.2149049377837356,101.8859145457093,5.0352467270896275,0.25,128.25517943820407
CUST1941,4,7,621.6588786833136,5,5,4,554,14,Champions,0,Cluster 0,1.1750232472278697,-0.57088388806507,88.80841124047336,5.0352467270896275,0.25,111.7930655091558
CUST1942,291,1,51.73261503475239,1,1,1,111,3,Lost Customers,1,Cluster 1,-3.4347794687034727,1.346937388075617,51.73261503475239,5.0352467270896275,0.25,65.12162013438116
CUST1943,49,6,573.4833739004372,3,4,3,343,10,Loyal Customers,0,Cluster 0,0.5273552903092739,-0.22640575756374923,95.58056231673953,5.0352467270896275,0.25,120.31792839468723
CUST1944,41,9,1045.766497962276,4,5,5,455,14,Champions,0,Cluster 0,2.4798895906533716,0.6240080983148064,116.19627755136399,5.0352467270896275,0.25,146.26923156012586
CUST1945,41,9,805.0921158008217,4,5,5,455,14,Champions,0,Cluster 0,1.9425285351810366,0.3266606201031152,89.45467953342464,5.0352467270896275,0.25,112.60659558588198
CUST1946,13,5,681.2853226887975,5,4,4,544,13,Champions,0,Cluster 0,0.6885981160007266,-0.6324647538949912,136.2570645377595,5.0352467270896275,0.25,171.52198456414843
CUST1947,94,8,755.1152438193641,2,5,4,254,11,At Risk,0,Cluster 0,1.2453418056205805,0.7620730623298585,94.38940547742051,5.0352467270896275,0.25,118.81848625052935
CUST1948,165,3,291.03452531483674,1,2,1,121,4,Lost Customers,1,Cluster 1,-1.6155370833943241,0.415374205532634,97.01150843827891,5.0352467270896275,0.25,122.11922008846791
CUST1949,22,8,1077.6471617800578,4,5,5,455,14,Champions,0,Cluster 0,2.37493993028991,0.32211485750856017,134.70589522250722,5.0352467270896275,0.25,169.56935450970195
CUST1950,140,2,275.07557726640874,1,1,1,111,3,Lost Customers,1,Cluster 1,-1.7931771048789347,-0.015493632123053935,137.53778863320437,5.0352467270896275,0.25,173.1341750166218
CUST1951,35,6,351.0225838821519,4,4,2,442,10,Loyal Customers,1,Cluster 1,0.11027968791982433,-0.6642805272684198,58.50376398035865,5.0352467270896275,0.25,73.64522152613124
CUST1952,36,5,476.56452934408577,4,4,3,443,11,Loyal Customers,1,Cluster 1,0.10070842377540058,-0.6175578357784758,95.31290586881715,5.0352467270896275,0.25,119.98099933134083
CUST1953,13,14,1416.7120802970235,5,5,5,555,15,Champions,0,Cluster 0,4.888277485230439,1.356374945421767,101.19372002121597,5.0352467270896275,0.25,127.38383688471295
CUST1954,105,4,617.8196484307587,2,3,4,234,9,Others,1,Cluster 1,-0.2605023993734569,0.24043690189394842,154.45491210768967,5.0352467270896275,0.25,194.42964766829013
CUST1956,147,4,500.9515800341806,1,3,3,133,7,Others,1,Cluster 1,-0.7602955369792654,0.5851384363209958,125.23789500854515,5.0352467270896275,0.25,157.65092523734285
CUST1957,26,6,568.0211938541156,4,4,3,443,11,Loyal Customers,0,Cluster 0,0.6459630281803896,-0.5009887431519282,94.67019897568593,5.0352467270896275,0.25,119.1719523863116
CUST1958,29,5,670.049636063939,4,4,4,444,12,Champions,0,Cluster 0,0.57251824478016,-0.460026461482425,134.0099272127878,5.0352467270896275,0.25,168.69326184892725
CUST1959,34,8,1243.4496667898836,4,5,5,455,14,Champions,0,Cluster 0,2.6768870477671283,0.6666996983606919,155.43120834873545,5.0352467270896275,0.25,195.65862078138903
CUST1960,12,6,960.3598586193376,5,4,5,545,14,Champions,0,Cluster 0,1.601568975689576,-0.1792934005578883,160.05997643655627,5.0352467270896275,0.25,201.4853681225532
CUST1961,96,10,1113.2941030572763,2,5,5,255,12,At Risk,0,Cluster 0,2.602055511530775,1.4679372537386786,111.32941030572763,5.0352467270896275,0.25,140.14276221768333
CUST1962,3,8,1344.1363969546323,5,5,5,555,15,Champions,0,Cluster 0,3.0779935096382856,0.43010131004644975,168.01704961932904,5.0352467270896275,0.25,211.50182479774554
CUST1963,73,3,451.5249002281374,3,2,3,323,8,Others,1,Cluster 1,-0.7339920563855415,-0.4576821191160142,150.5083000760458,5.0352467270896275,0.25,189.46160633943327
CUST1964,25,7,802.9918751783009,4,5,5,455,14,Champions,0,Cluster 0,1.4604618625176977,-0.10230665381059692,114.71312502547156,5.0352467270896275,0.25,144.40222183468222
CUST1965,51,3,243.52269699266694,3,2,1,321,6,Others,1,Cluster 1,-1.073288724773015,-0.97085350661814,81.17423233088898,5.0352467270896275,0.25,102.18307191703045
CUST1966,92,2,246.1869933555581,2,1,1,211,4,Others,1,Cluster 1,-1.5846966999474021,-0.6101439393283165,123.09349667777904,5.0352467270896275,0.25,154.9515315682012
CUST1967,74,4,455.90540117159884,3,3,3,333,9,Need Attention,1,Cluster 1,-0.4457131729690758,-0.3205987518727617,113.97635029289971,5.0352467270896275,0.25,143.47476119448604
CUST1968,67,5,625.5873825542794,3,4,4,344,11,Loyal Customers,0,Cluster 0,0.2571361875199125,-0.0724491929244677,125.11747651085588,5.0352467270896275,0.25,157.4993410257501
CUST1969,50,8,694.8242243405973,3,5,4,354,12,Loyal Customers,0,Cluster 0,1.3609606295380205,0.17520572147176083,86.85302804257466,5.0352467270896275,0.25,109.33160629729943
CUST1970,68,7,509.61006189846023,3,5,3,353,11,Loyal Customers,0,Cluster 0,0.5608739863913713,0.035961326891952784,72.80143741406575,5.0352467270896275,0.25,91.64329986664872
CUST1971,180,4,406.3042407875647,1,3,2,132,6,Others,1,Cluster 1,-1.159291867245828,0.8524883130752605,101.57606019689118,5.0352467270896275,0.25,127.86513116426381
CUST1972,16,2,113.47037069809804,5,1,1,511,7,New Customers,1,Cluster 1,-1.4487975158344015,-1.6591308236409066,56.73518534904902,5.0352467270896275,0.25,71.41891408490561
CUST1973,26,4,366.83973876377377,4,3,2,432,9,Others,1,Cluster 1,-0.37159197206235256,-0.9895964091221957,91.70993469094344,5.0352467270896275,0.25,115.44553712354411
CUST1974,65,5,615.7394560485201,3,4,4,344,11,Loyal Customers,0,Cluster 0,0.2465226220026958,-0.10790603655223317,123.14789120970401,5.0352467270896275,0.25,155.0200040404129
CUST1975,255,2,60.11058699129653,1,1,1,111,3,Lost Customers,1,Cluster 1,-2.927152586380736,1.0580951921142174,30.055293495648264,5.0352467270896275,0.25,37.83395455142028
CUST1976,4,5,386.8392890841136,5,4,2,542,11,Loyal Customers,1,Cluster 1,0.08236335504995501,-1.101050669625981,77.36785781682272,5.0352467270896275,0.25,97.39156321352307
CUST1977,72,7,636.6618492794348,3,5,4,354,12,Loyal Customers,0,Cluster 0,0.8217979961957663,0.23951071915742925,90.95169275420497,5.0352467270896275,0.25,114.49105331596799
CUST1978,89,4,186.7654139173431,2,3,1,231,6,Others,1,Cluster 1,-1.1319367650781993,-0.47844007463535426,46.691353479335774,5.0352467270896275,0.25,58.77562119755259
CUST1979,64,5,504.3437671327656,3,4,3,343,10,Loyal Customers,1,Cluster 1,0.0034931603019557667,-0.25717774453715764,100.86875342655313,5.0352467270896275,0.25,126.97476513916557
CUST1980,55,6,553.9739452182037,3,4,3,343,10,Loyal Customers,0,Cluster 0,0.4496733883372852,-0.18063929939199314,92.3289908697006,5.0352467270896275,0.25,116.22481227303702
CUST1981,82,2,376.6835875212337,2,1,2,212,5,Others,1,Cluster 1,-1.2364619559188443,-0.5653683218048934,188.34179376061684,5.0352467270896275,0.25,237.0868501518339
CUST1982,174,7,1162.3791884212246,1,5,5,155,11,At Risk,0,Cluster 0,1.415498917756217,2.0768101856251344,166.05416977446066,5.0352467270896275,0.25,209.0309287191096
CUST1983,108,5,496.7571325356964,2,4,3,243,9,At Risk,1,Cluster 1,-0.26367817830193896,0.24582836819556525,99.35142650713928,5.0352467270896275,0.25,125.06473628793968
CUST1984,21,5,442.20409191006684,4,4,3,443,11,Loyal Customers,1,Cluster 1,0.10929733336402965,-0.834684073363439,88.44081838201336,5.0352467270896275,0.25,111.33033532479024
CUST1985,28,2,348.33883022186035,4,1,2,412,7,New Customers,1,Cluster 1,-0.9926447289315272,-1.2292166377186144,174.16941511093017,5.0352467270896275,0.25,219.24649434910646
CUST1986,51,9,942.3498780723892,3,5,5,355,13,Loyal Customers,0,Cluster 0,2.1921171335882828,0.6126891453047736,104.70554200804324,5.0352467270896275,0.25,131.8045594260363
CUST1987,27,9,941.7892873038335,4,5,5,455,14,Champions,0,Cluster 0,2.3273559004074165,0.33251697449609385,104.64325414487038,5.0352467270896275,0.25,131.72615073624166
CUST1988,110,3,443.7944636316916,2,2,3,223,7,About to Sleep,1,Cluster 1,-0.9616747617441688,-0.03636854615517414,147.93148787723052,5.0352467270896275,0.25,186.21788504183098
CUST1989,170,3,523.1785959338529,1,2,3,123,6,About to Sleep,1,Cluster 1,-1.1256574185720034,0.7604075979032828,174.39286531128428,5.0352467270896275,0.25,219.5277760716066
CUST1990,9,6,799.094048146527,5,4,5,545,14,Champions,0,Cluster 0,1.258567169269863,-0.41346842280913654,133.1823413577545,5.0352467270896275,0.25,167.65148710694172
CUST1991,28,4,368.8020139663297,4,3,2,432,9,Others,1,Cluster 1,-0.378584941438133,-0.9638821002337168,92.20050349158242,5.0352467270896275,0.25,116.06307086050154
CUST1992,75,7,617.2252128960797,3,5,4,354,12,Loyal Customers,0,Cluster 0,0.7613399216883834,0.25043216370418475,88.17503041372568,5.0352467270896275,0.25,110.99575832543515
CUST1993,268,1,16.996202535698966,1,1,1,111,3,Lost Customers,1,Cluster 1,-3.3815332051515865,1.0361867841550338,16.996202535698966,5.0352467270896275,0.25,21.39501829770766
CUST1994,57,6,648.0988630509787,3,4,4,344,11,Loyal Customers,0,Cluster 0,0.648454770490414,-0.04106023628535636,108.01647717516312,5.0352467270896275,0.25,135.9724032919979
CUST1995,78,9,1097.0631564547132,2,5,5,255,12,At Risk,0,Cluster 0,2.383998486185402,1.118248244154794,121.8959062727459,5.0352467270896275,0.25,153.44399077636695
CUST1996,3,4,597.0184356729678,5,3,4,534,12,Potential Loyalists,0,Cluster 0,0.27313836022887816,-0.9730506925317192,149.25460891824196,5.0352467270896275,0.25,187.88344526465502
CUST1997,11,7,853.5348704871548,5,5,5,555,15,Champions,0,Cluster 0,1.6529301630307216,-0.20289173617823347,121.9335529267364,5.0352467270896275,0.25,153.49138082418983
CUST1998,75,7,893.0440767552388,3,5,5,355,13,Loyal Customers,0,Cluster 0,1.3771691365447856,0.591199813651724,127.5777252507484,5.0352467270896275,0.25,160.59633087959264
CUST1999,127,4,425.1614592121638,2,3,2,232,7,Others,1,Cluster 1,-0.8157724457377219,0.2586018984142454,106.29036480304094,5.0352467270896275,0.25,133.7995528739186
